Loop,Time,r0-A,p0-C0,p1-C0,p0-Cpa,p1-Cpa,p0-Cpb,p1-Cpb,r0-E,r0-Hp,p0-K,p1-K,Value,r0-Xi,p0-eps,p1-eps,p0-ka,p1-ka,p0-kb,p1-kb,r0-n,r0-nO2,p0-rho,p1-rho,
-1,0,1.31e+12,1.0,0.0,1700.1454764110924,2231.0129682786637,0.11104772184166357,0.2552715022468678,1.28e+05,291402.0522751803,7631.369800954416,100000000.0,0.000307861690035566,0.7338086749851456,0.4705771171357418,0.94,0.39657721971483245,0.2578040822541906,5.775603150531881e-05,0.000301371158122087,1.4438252016228272,0.0,1683.0,1235.0,
0,326.5820,2.55e+12,1.0,0.0,1541.2864921171704,2073.2617994376487,0.1091860227525623,0.6263671308676397,1.46e+05,189967.9902788073,24067.88169353469,100000000.0,0.00022329835357463016,0.7338086749851456,0.6112798364186164,0.94,0.5153300932441455,0.13924898105357955,6.786880044214945e-05,0.0006883613896403796,1.7316264273876913,0.0,1683.0,1235.0,
1,681.4170,2.96e+12,1.0,0.0,1664.4621918714963,2026.558972879048,0.10005075674013024,0.5375040377413025,1.42e+05,191050.65368132995,16914.448769562972,100000000.0,0.00012537223112903928,0.7338086749851456,0.6002744324040463,0.94,0.3539620310213971,0.15476875410744986,5.2574174319088e-05,0.0008274651029411173,2.142207298351711,0.0,1683.0,1235.0,
2,1025.8900,2.37e+12,1.0,0.0,1561.9540868567858,1978.1376003642986,0.09646399334092601,0.6027630651522722,1.46e+05,189692.25780626613,16259.108152906927,100000000.0,9.406096962943678e-05,0.7338086749851456,0.6467454165856182,0.94,0.37396858055644544,0.15941281803668922,4.486368425386171e-05,0.0008584082270525451,2.1611670962622123,0.0,1683.0,1235.0,
3,1405.3590,2.61e+12,1.0,0.0,1621.312761328174,1904.210848917013,0.09823872466643363,0.5221300721805757,1.43e+05,214454.6130378095,16269.859150553631,100000000.0,8.048290021211306e-05,0.7338086749851456,0.6122063282926836,0.94,0.3762290756038842,0.17965409261436865,5.2329246616742876e-05,0.0008391881886473703,2.306720076771124,0.0,1683.0,1235.0,
4,1783.1180,1.86e+12,1.0,0.0,1589.8586816670886,1524.744876640558,0.08384364370403086,0.38224603269592305,1.44e+05,231434.37057554297,17369.33672093693,100000000.0,6.927284953916395e-05,0.7338086749851456,0.6468666734671016,0.94,0.38385500398419825,0.22895304167610878,4.580139179170881e-05,0.0007305181989224507,2.127057677115772,0.0,1683.0,1235.0,
5,2145.4690,1.68e+12,1.0,0.0,1556.1998711158922,1598.5137582596458,0.08784813047860557,0.3499040159983875,1.49e+05,229580.3690750418,20834.7359009313,100000000.0,6.264486784842221e-05,0.7338086749851456,0.7179865948535102,0.94,0.39566703457450736,0.23879037749241605,4.133397438182801e-05,0.0007326910425144678,1.7472843958170028,0.0,1683.0,1235.0,
6,2524.6100,1.80e+12,1.0,0.0,1527.0495387237697,1515.5728803254376,0.08863739065148961,0.39137042023419055,1.52e+05,225541.6451091485,21603.297662979458,100000000.0,5.587361532242317e-05,0.7338086749851456,0.7450183368379851,0.94,0.39255208277695897,0.2230014541909864,4.234067380472209e-05,0.000747046727417062,1.744153651451298,0.0,1683.0,1235.0,
7,2914.8980,2.05e+12,1.0,0.0,1439.600732976998,1387.480470489524,0.08556675948095908,0.5400984699842624,1.59e+05,199716.31571078795,25976.42748412191,100000000.0,4.674334132598731e-05,0.7338086749851456,0.8230642348837551,0.94,0.37881136441141045,0.17189758353062876,4.065902639612006e-05,0.000757484495120129,1.633026559802686,0.0,1683.0,1235.0,
8,3322.7780,1.82e+12,1.0,0.0,1337.6966502485297,858.9692068210427,0.0642177124163152,0.6571668807247538,1.67e+05,157729.68127502862,36217.34707984084,100000000.0,3.623565057261235e-05,0.7338086749851456,0.8959186136704689,0.94,0.36263795579933744,0.1274530156340524,5.0680694369324676e-05,0.0005422617342336576,1.5746492557420289,0.0,1683.0,1235.0,
9,3709.1110,1.88e+12,1.0,0.0,1260.8087821116583,1044.8230145771981,0.0686748958507852,0.7532313528734007,1.73e+05,131906.71362413105,39515.076999543846,100000000.0,2.8311427976925092e-05,0.7338086749851456,0.9501475085396316,0.94,0.34039904318501446,0.09408514520718941,5.166984066569609e-05,0.0005694346650055543,1.2997013535469508,0.0,1683.0,1235.0,
10,4108.9230,1.71e+12,1.0,0.0,1241.0105801153545,1077.9383603447513,0.07005302521170684,0.7390351416058826,1.72e+05,130165.39572677354,39672.68491651257,100000000.0,2.169219309548666e-05,0.7338086749851456,0.9265925957842545,0.94,0.32761246337066896,0.10116978365348614,5.157880511076633e-05,0.0005264643468529801,1.297513014693377,0.0,1683.0,1235.0,
11,4526.3210,1.66e+12,1.0,0.0,1226.5598742310979,1028.968155432181,0.06830980903667608,0.7389968835790203,1.72e+05,130702.86302136394,39921.75989327085,100000000.0,2.064813906792846e-05,0.7338086749851456,0.9296606477441653,0.94,0.32444996997304854,0.10200851280461498,5.0719978919557584e-05,0.0005084809685572179,1.2759866893857572,0.0,1683.0,1235.0,
12,4960.9423,1.71e+12,1.0,0.0,1230.917675757917,1016.8068189636028,0.06796696045607534,0.7459932783629075,1.72e+05,130303.27520394948,39881.78882306043,100000000.0,1.99520941158304e-05,0.7338086749851456,0.9315409418930187,0.94,0.3264596189152598,0.09899049862574771,5.091916297699002e-05,0.000510404637966005,1.2850142266851075,0.0,1683.0,1235.0,
13,5398.9114,1.70e+12,1.0,0.0,1226.435092761979,1030.9741755796708,0.06838412837657457,0.7472174818189556,1.73e+05,129820.05694801887,39962.72182979385,100000000.0,1.9535262932680066e-05,0.7338086749851456,0.933451207521812,0.94,0.3261856331946801,0.0988369609538282,5.0693034013148144e-05,0.0005094808824469975,1.2635208342926818,0.0,1683.0,1235.0,
14,5827.4002,1.68e+12,1.0,0.0,1224.3494106458645,1051.8758340515167,0.06888142315204543,0.7417743088444687,1.73e+05,130797.81980046828,39917.68819881324,100000000.0,1.921439541299603e-05,0.7338086749851456,0.9340197024387258,0.94,0.32736840844824316,0.10143335193711338,5.02808999007576e-05,0.0005089569179544207,1.240500059325354,0.0,1683.0,1235.0,
15,6262.3270,1.60e+12,1.0,0.0,1214.166558173852,1111.8688962502474,0.07012652084908155,0.7302313181095638,1.73e+05,132457.74916575497,39989.41953204382,100000000.0,1.8675909637048743e-05,0.7338086749851456,0.9366086208838758,0.94,0.3300699363503716,0.10793013868050208,4.921234337974986e-05,0.000503981348631301,1.1705361795475768,0.0,1683.0,1235.0,
16,6717.0580,2.80e+12,1.0,0.0,1209.127505981699,645.2786488832621,0.08282834507458245,0.3174103814250655,1.74e+05,123830.51255076009,6113.988822235647,100000000.0,1.8374410211560572e-05,0.7338086749851456,0.90702753844485,0.94,0.3211341809657057,0.14741628946189805,5.6867098809698125e-05,0.00028916789563101413,1.5291904792062667,0.0,1683.0,1235.0,
17,7159.0630,2.20e+12,1.0,0.0,1182.543394693931,754.9087822505431,0.06372166644414834,0.4923765528175978,1.75e+05,120986.00638910235,15454.511552392165,100000000.0,1.533395206615277e-05,0.7338086749851456,0.9234371100023363,0.94,0.3261440852113212,0.1315656807478399,3.83683377170672e-05,0.00032935656336215786,1.31086620502952,0.0,1683.0,1235.0,
18,7610.2070,1.94e+12,1.0,0.0,1166.9640685528648,774.6342720084915,0.04087877459787932,0.6326239273801576,1.76e+05,116701.021077335,19999.39867035979,100000000.0,1.1999674287802112e-05,0.7338086749851456,0.9253090750132442,0.94,0.32182043367537233,0.11260304318888778,4.208691584973212e-05,0.00034827463476203306,1.2063935395255276,0.0,1683.0,1235.0,
19,8058.3730,1.85e+12,1.0,0.0,1138.1257086497362,671.0669593496395,0.01689454148873773,0.7724211717285446,1.77e+05,107529.47640632797,19723.88871206437,100000000.0,7.621328489324485e-06,0.7338086749851456,0.9214361493149898,0.94,0.3128652368936702,0.09043841631737143,4.87894800041818e-05,0.00032759905460912785,1.1657218537970366,0.0,1683.0,1235.0,
20,8528.0190,1.80e+12,1.0,0.0,1128.695983754962,685.2896380391012,0.012302962493757931,0.7697751317390717,1.78e+05,105675.480605682,19169.5519250853,100000000.0,5.718901949725232e-06,0.7338086749851456,0.9269285242481957,0.94,0.3137989357621848,0.08650289322098433,4.408179826160428e-05,0.0003261282779442028,1.1213973594372875,0.0,1683.0,1235.0,
21,8984.9120,1.80e+12,1.0,0.0,1121.4574845578895,687.088040110259,0.011763794150316378,0.7643257845339959,1.78e+05,104212.38829043528,18925.554912598414,100000000.0,4.773818352927025e-06,0.7338086749851456,0.9308012464914766,0.94,0.31353299077053515,0.0865091732187108,4.278601967850285e-05,0.0003195319413644471,1.096052261335279,0.0,1683.0,1235.0,
22,9457.9690,2.40e+12,1.0,0.0,1101.4234464234864,358.33394866424794,0.028737587978859485,0.8795033087167166,1.80e+05,103614.9731863245,10299.393266419182,100000000.0,3.3530894495080765e-06,0.7338086749851456,0.9268491520308467,0.94,0.3115644121274371,0.14572278072853034,4.626215701971499e-05,0.00019687506405186987,1.136222332589808,0.0,1683.0,1235.0,
23,9950.9620,2.09e+12,1.0,0.0,1098.4554817914832,459.6171461336014,0.018426028619046655,0.8923998088056507,1.80e+05,101738.04985800064,13387.581127843197,100000000.0,2.622367638771298e-06,0.7338086749851456,0.9332688446932764,0.94,0.3105763765838493,0.1219558604866064,4.5457081477944246e-05,0.00023804228498588135,1.0797269664519074,0.0,1683.0,1235.0,
24,10435.5370,2.09e+12,1.0,0.0,1098.4554817914832,459.6171461336014,0.018426028619046655,0.8923998088056507,1.80e+05,101738.04985800064,13387.581127843197,100000000.0,2.622367638771298e-06,0.7338086749851456,0.9332688446932764,0.94,0.3105763765838493,0.1219558604866064,4.5457081477944246e-05,0.00023804228498588135,1.0797269664519074,0.0,1683.0,1235.0,
25,10900.8650,2.09e+12,1.0,0.0,1098.4554817914832,459.6171461336014,0.018426028619046655,0.8923998088056507,1.80e+05,101738.04985800064,13387.581127843197,100000000.0,2.622367638771298e-06,0.7338086749851456,0.9332688446932764,0.94,0.3105763765838493,0.1219558604866064,4.5457081477944246e-05,0.00023804228498588135,1.0797269664519074,0.0,1683.0,1235.0,
26,11374.1980,2.09e+12,1.0,0.0,1098.4554817914832,459.6171461336014,0.018426028619046655,0.8923998088056507,1.80e+05,101738.04985800064,13387.581127843197,100000000.0,2.622367638771298e-06,0.7338086749851456,0.9332688446932764,0.94,0.3105763765838493,0.1219558604866064,4.5457081477944246e-05,0.00023804228498588135,1.0797269664519074,0.0,1683.0,1235.0,
27,11845.0890,2.09e+12,1.0,0.0,1098.4554817914832,459.6171461336014,0.018426028619046655,0.8923998088056507,1.80e+05,101738.04985800064,13387.581127843197,100000000.0,2.622367638771298e-06,0.7338086749851456,0.9332688446932764,0.94,0.3105763765838493,0.1219558604866064,4.5457081477944246e-05,0.00023804228498588135,1.0797269664519074,0.0,1683.0,1235.0,
28,12307.7120,2.11e+12,1.0,0.0,1081.8624425475095,464.832739730625,0.018729278165631004,0.9349851088978158,1.81e+05,99383.26926653601,13121.848817521595,100000000.0,2.3373724939967675e-06,0.7338086749851456,0.9356974218394232,0.94,0.3122363530617484,0.12212509528257429,3.913965850201436e-05,0.00022853863539937062,1.022566419853057,0.0,1683.0,1235.0,
29,12790.4810,2.11e+12,1.0,0.0,1081.8624425475095,464.832739730625,0.018729278165631004,0.9349851088978158,1.81e+05,99383.26926653601,13121.848817521595,100000000.0,2.3373724939967675e-06,0.7338086749851456,0.9356974218394232,0.94,0.3122363530617484,0.12212509528257429,3.913965850201436e-05,0.00022853863539937062,1.022566419853057,0.0,1683.0,1235.0,
30,13254.0130,2.11e+12,1.0,0.0,1081.8624425475095,464.832739730625,0.018729278165631004,0.9349851088978158,1.81e+05,99383.26926653601,13121.848817521595,100000000.0,2.3373724939967675e-06,0.7338086749851456,0.9356974218394232,0.94,0.3122363530617484,0.12212509528257429,3.913965850201436e-05,0.00022853863539937062,1.022566419853057,0.0,1683.0,1235.0,
31,13707.9790,2.11e+12,1.0,0.0,1081.8624425475095,464.832739730625,0.018729278165631004,0.9349851088978158,1.81e+05,99383.26926653601,13121.848817521595,100000000.0,2.3373724939967675e-06,0.7338086749851456,0.9356974218394232,0.94,0.3122363530617484,0.12212509528257429,3.913965850201436e-05,0.00022853863539937062,1.022566419853057,0.0,1683.0,1235.0,
32,14176.7130,4.82e+12,1.0,0.0,1117.7464720025923,890.4991441484948,0.040766411777292934,0.5926484788797087,1.83e+05,107126.54038133528,19888.33487804081,100000000.0,1.8077637008429546e-06,0.7338086749851456,0.943203452460708,0.94,0.28801411335950955,0.05015618861446453,0.00010229714314246975,0.00038454876584449635,1.0478787658462432,0.0,1683.0,1235.0,
33,14644.6970,4.78e+12,1.0,0.0,1109.1198690598258,871.2717082594631,0.0410184179541091,0.6307315484872076,1.84e+05,105917.59864105753,21177.81195035491,100000000.0,1.0133502405617864e-06,0.7338086749851456,0.9429934756486364,0.94,0.28764899172910247,0.04628142363207006,0.00010047191325901028,0.00038265999903701537,1.0282513621065639,0.0,1683.0,1235.0,
34,15109.6680,4.80e+12,1.0,0.0,1111.314628300562,855.9969796267069,0.0448953314275595,0.6254035326300047,1.83e+05,106584.89645584257,23007.5156024449,100000000.0,8.538670204005246e-07,0.7338086749851456,0.9400239886870633,0.94,0.289305238147747,0.04061694903924297,9.866990010598851e-05,0.00039032924128391334,1.0453640448027302,0.0,1683.0,1235.0,
35,15574.8060,4.84e+12,1.0,0.0,1110.6556717688777,865.3349154796333,0.04446033802648151,0.6213151040449625,1.84e+05,106398.88625381724,23107.352932693644,100000000.0,7.483060054692157e-07,0.7338086749851456,0.9409811731958161,0.94,0.2885579997451806,0.03898961984643608,0.00010021857045377473,0.00039269576693665045,1.0403244288092233,0.0,1683.0,1235.0,
36,16067.5900,4.75e+12,1.0,0.0,1105.7906899355057,850.0859047012891,0.05030922533129087,0.6146433100708868,1.83e+05,105873.38500231426,24136.1404649187,100000000.0,6.622345655907173e-07,0.7338086749851456,0.9402384328497372,0.94,0.29279240718575283,0.03791948810636751,9.202393859248861e-05,0.00038944994070024355,1.041551864556622,0.0,1683.0,1235.0,
37,16558.7330,4.68e+12,1.0,0.0,1103.7329020298266,842.119607041251,0.05222662709918882,0.6105933124928355,1.83e+05,105580.01294356768,24121.79089662351,100000000.0,6.404444896641117e-07,0.7338086749851456,0.9398013960469669,0.94,0.2947729366959558,0.039085758734377356,8.800130477843948e-05,0.00038516726340260036,1.0420553950844726,0.0,1683.0,1235.0,
38,17035.9450,4.63e+12,1.0,0.0,1099.1119319982138,857.6336787543247,0.05547455276842582,0.6041721444904424,1.84e+05,104853.535175453,24326.174831579527,100000000.0,6.022155124936352e-07,0.7338086749851456,0.9408553941193989,0.94,0.2972823632423882,0.039980940542046,8.251998431746444e-05,0.0003828665972145757,1.032510959218761,0.0,1683.0,1235.0,
39,17504.2400,4.61e+12,1.0,0.0,1098.3456531726215,863.2033711439582,0.05610887241995119,0.6008373183953173,1.84e+05,104698.0067110871,24242.439294659554,100000000.0,5.822080787172609e-07,0.7338086749851456,0.9409715023122545,0.94,0.29827743746935664,0.040821520076719964,8.059744387618284e-05,0.00038169562049549254,1.0311721075388602,0.0,1683.0,1235.0,
40,17980.5180,4.57e+12,1.0,0.0,1096.3365162671082,870.4457942239077,0.05834609397573151,0.5963593676309917,1.84e+05,104382.78661681674,24385.13000330935,100000000.0,5.70786030570563e-07,0.7338086749851456,0.9413963089736399,0.94,0.3000662132691052,0.04143612299678988,7.707537469082641e-05,0.0003806450052425247,1.0288666058058846,0.0,1683.0,1235.0,
41,18452.1230,4.53e+12,1.0,0.0,1093.3731645138887,872.4545938014887,0.06088730406987618,0.597151806442709,1.84e+05,103850.01548983736,24985.23807069147,100000000.0,5.473091736273568e-07,0.7338086749851456,0.9414924005561776,0.94,0.30187605645917137,0.03961717388985951,7.309108104679869e-05,0.00038162420159376724,1.0267924413191811,0.0,1683.0,1235.0,
42,18917.0050,4.50e+12,1.0,0.0,1091.1483240882249,875.5508105477365,0.06292341616737109,0.5950479625118803,1.84e+05,103507.13465463441,25509.824549183686,100000000.0,5.427787206945156e-07,0.7338086749851456,0.9416249342813177,0.94,0.30336426688522167,0.038169225481915536,7.015313151938091e-05,0.00038252207046917026,1.0239071841772072,0.0,1683.0,1235.0,
43,19407.5160,4.48e+12,1.0,0.0,1090.1782860099588,878.6038326433932,0.06412191485992097,0.5945758244454559,1.84e+05,103388.0222681321,25679.94102510658,100000000.0,5.342972576438253e-07,0.7338086749851456,0.9419323267915609,0.94,0.30416994005928366,0.03817708449372054,6.855684804308244e-05,0.0003826318159011607,1.0220009603763005,0.0,1683.0,1235.0,
44,19889.1620,4.47e+12,1.0,0.0,1089.86181651382,878.9478959365465,0.06458509363587925,0.5950621694081027,1.84e+05,103344.41417346158,25852.782561412758,100000000.0,5.32197888951993e-07,0.7338086749851456,0.9419099706966141,0.94,0.3044230022577058,0.037621146544733405,6.80366680734961e-05,0.00038338418182904245,1.02194033879648,0.0,1683.0,1235.0,
45,20343.3300,3.93e+12,1.0,0.0,1096.2896210786703,719.1909293837452,0.04388952795280559,0.7386867010580822,1.83e+05,103370.02571938629,19758.283535930354,100000000.0,5.095239916931128e-07,0.7338086749851456,0.9406692024981906,0.94,0.3056897728087738,0.06331054600551378,6.303918811664022e-05,0.00034025648945273354,1.0325852502340682,0.0,1683.0,1235.0,
46,20826.6650,3.92e+12,1.0,0.0,1087.1118219692587,780.5959985392192,0.05724952423298223,0.6739712760108447,1.83e+05,102393.15392043516,22019.708857231944,100000000.0,4.42063314241713e-07,0.7338086749851456,0.9415037071961143,0.94,0.31005968396646433,0.05877939934686413,5.485467325715386e-05,0.00034534665567963435,1.0227983326165675,0.0,1683.0,1235.0,
47,21303.7250,3.92e+12,1.0,0.0,1087.1118219692587,780.5959985392192,0.05724952423298223,0.6739712760108447,1.83e+05,102393.15392043516,22019.708857231944,100000000.0,4.42063314241713e-07,0.7338086749851456,0.9415037071961143,0.94,0.31005968396646433,0.05877939934686413,5.485467325715386e-05,0.00034534665567963435,1.0227983326165675,0.0,1683.0,1235.0,
48,21779.1750,3.91e+12,1.0,0.0,1083.450953553161,805.7978946317551,0.062040092862035504,0.6506897668727314,1.83e+05,101967.35429797902,22909.52928013043,100000000.0,4.3710307325918207e-07,0.7338086749851456,0.9419045945044617,0.94,0.31173630742716807,0.05655892162778939,5.160450265432663e-05,0.0003480497860512497,1.0174591786781555,0.0,1683.0,1235.0,
49,22242.1490,3.92e+12,1.0,0.0,1085.388829401183,793.7949818248337,0.06031025378574406,0.6520283446875037,1.83e+05,102336.65041532271,22341.658119250966,100000000.0,4.3080310180168957e-07,0.7338086749851456,0.9414328273247501,0.94,0.31010738056854537,0.06072635691390841,5.4830756070823315e-05,0.00034206661446783374,1.022528336465971,0.0,1683.0,1235.0,
50,22716.0830,3.90e+12,1.0,0.0,1082.5542489089905,804.4298027377674,0.0640878759921648,0.6376210797463873,1.83e+05,102015.66432085901,22862.679341260686,100000000.0,4.2642428448639433e-07,0.7338086749851456,0.9415462604077116,0.94,0.3114306713216177,0.060341903570776664,5.219577866446992e-05,0.0003415940883048633,1.0204851701718445,0.0,1683.0,1235.0,
51,23156.7910,3.84e+12,1.0,0.0,1074.7717067069636,886.2322223639119,0.07749161452158614,0.5124695804064185,1.83e+05,101655.29930735056,23498.559203533958,100000000.0,3.8443471305780296e-07,0.7338086749851456,0.9420945276978686,0.94,0.3105841791280666,0.0691793516884377,5.378384943131268e-05,0.00032739829624515244,1.0178447276056835,0.0,1683.0,1235.0,
52,23605.8940,3.79e+12,1.0,0.0,1060.2124315259193,1108.9130518227191,0.10828190124176906,0.17320950529341994,1.83e+05,101552.98900131579,26284.45216216322,100000000.0,3.302365884502414e-07,0.7338086749851456,0.9427501908872955,0.94,0.30610285876736854,0.09188003469584911,6.320743544674075e-05,0.0002937991544083821,1.0183980087578524,0.0,1683.0,1235.0,
53,24053.4860,3.77e+12,1.0,0.0,1054.6387534360265,1160.535589425643,0.11860544888234476,0.09645623909904616,1.83e+05,101315.28656227235,26674.84248073459,100000000.0,2.8626615911065387e-07,0.7338086749851456,0.9432042977215884,0.94,0.3057320303181257,0.09951826239070193,6.411760330565517e-05,0.0002823729235957017,1.0175951564459729,0.0,1683.0,1235.0,
54,24486.9030,3.74e+12,1.0,0.0,1059.5583052146221,1169.962312087894,0.11069947868643917,0.07901045003363791,1.83e+05,101856.7455849892,25910.01536387703,100000000.0,2.609044624094376e-07,0.7338086749851456,0.9430627415060205,0.94,0.3034505427063306,0.10699306392990474,6.837448613278436e-05,0.0002733807784938176,1.0192578327043136,0.0,1683.0,1235.0,
55,24922.7470,3.75e+12,1.0,0.0,1057.345265888452,1167.2484411376054,0.11461150196588457,0.0798088169046095,1.83e+05,101693.07608638192,26131.847862311526,100000000.0,2.424576828276554e-07,0.7338086749851456,0.9430275615033927,0.94,0.3039992453166024,0.1062368097208014,6.743288744647267e-05,0.00027362491699723203,1.0197911557040809,0.0,1683.0,1235.0,
56,25364.0320,3.75e+12,1.0,0.0,1057.00277128293,1175.9099413768909,0.11494720545151499,0.06805598172675403,1.83e+05,101658.69540069322,26353.573040458992,100000000.0,2.3633861260074896e-07,0.7338086749851456,0.9430031954747746,0.94,0.30422910590682084,0.10684009536254852,6.699524589683243e-05,0.00027264423748760115,1.0190286747628123,0.0,1683.0,1235.0,
57,25788.6460,3.75e+12,1.0,0.0,1057.012793515717,1184.512301643524,0.11508908540652596,0.06535972871547867,1.83e+05,101629.44158315481,27151.60137805192,100000000.0,2.340675585754386e-07,0.7338086749851456,0.943108088533525,0.94,0.3043095776653505,0.10416927963634291,6.69016621614268e-05,0.00027709233227907654,1.0173470775904474,0.0,1683.0,1235.0,
58,26222.4900,3.75e+12,1.0,0.0,1057.1136102100768,1185.5271977732855,0.11506461660065673,0.0650494141448251,1.83e+05,101634.72604467499,27242.295206039504,100000000.0,2.3341198379371695e-07,0.7338086749851456,0.9430896372609523,0.94,0.3042358853165792,0.10321753250827292,6.706743611236432e-05,0.0002785145693678514,1.0172871985950604,0.0,1683.0,1235.0,
59,26690.3340,3.75e+12,1.0,0.0,1057.1915312033307,1184.338284629831,0.11497203685463703,0.06511184429100472,1.83e+05,101654.45430274203,27154.878941829156,100000000.0,2.3310446359773263e-07,0.7338086749851456,0.9430648544478357,0.94,0.3041380304444267,0.10377450708793043,6.72487178291948e-05,0.00027766504370782617,1.0176689703220436,0.0,1683.0,1235.0,
60,27154.6100,3.74e+12,1.0,0.0,1057.574746540964,1186.0714812303047,0.11435788010305699,0.06509672955217527,1.83e+05,101650.36799348163,27114.17320013669,100000000.0,2.320490608983877e-07,0.7338086749851456,0.9430216529877277,0.94,0.3042110454617786,0.10231895523465821,6.709248647437303e-05,0.00027988333490441993,1.0173896470415547,0.0,1683.0,1235.0,
61,27622.6060,3.73e+12,1.0,0.0,1057.7223004036096,1186.2825888770167,0.11411032094357493,0.06503737416550806,1.83e+05,101658.08482009586,26901.890478671226,100000000.0,2.3126467878967598e-07,0.7338086749851456,0.9429998017143366,0.94,0.3041279777368141,0.10211838531896861,6.723995460169496e-05,0.00028019415934636655,1.0173839311751176,0.0,1683.0,1235.0,
62,28089.4260,3.72e+12,1.0,0.0,1056.132030433407,1176.4513095477282,0.11675739226323076,0.06887943286848845,1.83e+05,101624.40872210768,31030.796464286137,100000000.0,2.2969359317927542e-07,0.7338086749851456,0.9429311872147258,0.94,0.3042301413146578,0.10455881774232327,6.713688605372676e-05,0.0002757832256285063,1.0190221885980026,0.0,1683.0,1235.0,
63,28537.2680,3.69e+12,1.0,0.0,1057.9637221429361,1182.5119689621074,0.11306394138987913,0.07102593937970533,1.83e+05,101617.32993690702,33507.12156058692,100000000.0,2.2780740847157688e-07,0.7338086749851456,0.9428753323898378,0.94,0.3049069193246696,0.09983769476922649,6.583663460137626e-05,0.000283129692891537,1.0167274783599958,0.0,1683.0,1235.0,
64,28979.2310,3.67e+12,1.0,0.0,1058.1703081598216,1185.407972092867,0.11320166533429232,0.06947079788193086,1.83e+05,101642.20336666668,34275.21348644876,100000000.0,2.2356900827281881e-07,0.7338086749851456,0.9428177349183281,0.94,0.30453560305362604,0.09803824970644921,6.656681020491802e-05,0.0002859640553296225,1.016925994775159,0.0,1683.0,1235.0,
65,29429.9150,3.65e+12,1.0,0.0,1058.4850822089406,1188.1293897390215,0.11304819514912168,0.06751456290525143,1.83e+05,101691.88429557916,35771.64481855197,100000000.0,2.1947241907588931e-07,0.7338086749851456,0.942762400245036,0.94,0.3041368509035194,0.09628612265438431,6.739962229161938e-05,0.000288671179413411,1.0166651512901914,0.0,1683.0,1235.0,
66,29869.4510,3.64e+12,1.0,0.0,1058.817415694683,1191.8218915427356,0.11278097118431553,0.06535760703372742,1.83e+05,101725.16527848892,36252.69557182258,100000000.0,2.1674982185584936e-07,0.7338086749851456,0.9427423287055284,0.94,0.3038543912122976,0.09472028179057645,6.798072936522526e-05,0.00029119341404487025,1.016204976959313,0.0,1683.0,1235.0,
67,30313.7640,3.62e+12,1.0,0.0,1060.3446182255877,1196.7652238282813,0.1106706677180277,0.06487052654707806,1.83e+05,101820.0202803284,37348.405374082155,100000000.0,2.1402585081413948e-07,0.7338086749851456,0.9426384036871776,0.94,0.30353045196773476,0.09159172539227729,6.8642931221652e-05,0.00029640730896184607,1.0158227797695025,0.0,1683.0,1235.0,
68,30776.9480,3.63e+12,1.0,0.0,1060.9806784261896,1197.9420679825805,0.10999828757681537,0.06483822911587041,1.83e+05,101890.01024269045,36898.109658236026,100000000.0,2.1307073213334043e-07,0.7338086749851456,0.9425988572196291,0.94,0.30316159076285987,0.09103335237053403,6.937964679355727e-05,0.00029756961371050496,1.0160096180648543,0.0,1683.0,1235.0,
69,31207.1010,3.62e+12,1.0,0.0,1061.5699125204394,1197.9701909016146,0.10945397806459554,0.06575151138178573,1.83e+05,101972.06854131309,37322.38152496628,100000000.0,2.1127804608821083e-07,0.7338086749851456,0.942539591982555,0.94,0.3025996656683213,0.09001569478722164,7.049064345468199e-05,0.0002993140599639955,1.016167661016051,0.0,1683.0,1235.0,
70,31656.2110,3.59e+12,1.0,0.0,1062.4949796196165,1197.7201744198478,0.10748346322791968,0.06554272718116319,1.83e+05,102006.32580123271,39806.39724234285,100000000.0,2.1005123567727186e-07,0.7338086749851456,0.942487792465001,0.94,0.30280669836186425,0.09012633263142791,7.006962443623972e-05,0.0002991812235791997,1.016050124769258,0.0,1683.0,1235.0,
71,32128.0840,3.59e+12,1.0,0.0,1062.077242515585,1195.6272274657654,0.10844935038419395,0.06632811884489084,1.83e+05,102020.19730925746,39811.397423915696,100000000.0,2.0886853361275797e-07,0.7338086749851456,0.9424790484134943,0.94,0.30249676624514044,0.09058464832071494,7.06807143158296e-05,0.00029841910442868875,1.016557652830456,0.0,1683.0,1235.0,
72,32604.5450,3.60e+12,1.0,0.0,1061.4563628319713,1196.7011602790894,0.10972569549779257,0.06744866672315727,1.83e+05,101973.98117233001,38429.971369335195,100000000.0,2.0793823975970516e-07,0.7338086749851456,0.9425239902185123,0.94,0.3024910647970258,0.08949752591136398,7.070846110252915e-05,0.0003000444992716318,1.0162221634893394,0.0,1683.0,1235.0,
73,33082.0450,3.58e+12,1.0,0.0,1062.5158226856067,1202.7580252589087,0.1094233488987848,0.06866779860076472,1.83e+05,102119.64617404633,39270.255045796934,100000000.0,2.0575006250134852e-07,0.7338086749851456,0.9423513052783743,0.94,0.3011934567582276,0.08364265212343164,7.333634770991291e-05,0.00030947762406831087,1.0156790400575555,0.0,1683.0,1235.0,
74,33536.7020,3.57e+12,1.0,0.0,1063.0533173245744,1204.3337233328762,0.10869855682530441,0.06956352005846689,1.83e+05,102154.74305330217,39967.13136062096,100000000.0,2.0523714071745277e-07,0.7338086749851456,0.9423176392920917,0.94,0.301058871751149,0.08208024250720566,7.36260756697937e-05,0.0003120166295187131,1.0153010909368323,0.0,1683.0,1235.0,
75,34004.0550,3.57e+12,1.0,0.0,1063.1338599748228,1204.913791265365,0.10864335645637019,0.06980142650173703,1.83e+05,102161.12460219485,39925.23684597661,100000000.0,2.0479678572322264e-07,0.7338086749851456,0.9423251211175205,0.94,0.3010256334392989,0.08172664756847944,7.370156282918838e-05,0.0003126318678205914,1.015196039779549,0.0,1683.0,1235.0,
76,34469.7230,3.57e+12,1.0,0.0,1062.9876982613991,1204.8113729105708,0.10895117573173155,0.07007253813601394,1.83e+05,102156.16252254782,39603.28380314514,100000000.0,2.0456231728219754e-07,0.7338086749851456,0.94233941530959,0.94,0.30097906035752686,0.08171006005374663,7.379173008230421e-05,0.0003126634926983653,1.015191050778771,0.0,1683.0,1235.0,
77,34940.8690,3.58e+12,1.0,0.0,1062.991979759469,1205.1072434453345,0.10895049747853816,0.07016668783932312,1.83e+05,102152.57293045575,39436.141381166184,100000000.0,2.0438071805994245e-07,0.7338086749851456,0.9423416771694055,0.94,0.3010034737133158,0.0815594207218569,7.374525501893757e-05,0.00031290817966564226,1.015120386210603,0.0,1683.0,1235.0,
78,35397.6520,3.58e+12,1.0,0.0,1062.515885735906,1204.8953320804094,0.10989273151783453,0.07054786143614591,1.83e+05,102132.96698706044,38307.739542444164,100000000.0,2.0387404504382958e-07,0.7338086749851456,0.9423500493912035,0.94,0.3008837665493953,0.08159531284679095,7.396830240974736e-05,0.0003128189863110697,1.0151182940617978,0.0,1683.0,1235.0,
79,35872.4430,3.58e+12,1.0,0.0,1062.3433977624877,1205.5162925747547,0.11031646219042836,0.07045898674178111,1.83e+05,102129.62281892533,37671.34495305463,100000000.0,2.035308220840853e-07,0.7338086749851456,0.9423581934621743,0.94,0.3007544959454303,0.08130924410748178,7.42163141414044e-05,0.00031328257281751685,1.0149944183302149,0.0,1683.0,1235.0,
80,36331.1710,3.59e+12,1.0,0.0,1062.043192909793,1206.350897561541,0.11086943289823459,0.0704788251615106,1.83e+05,102105.16911965758,36576.70555675318,100000000.0,2.0308298193472754e-07,0.7338086749851456,0.9423779386534359,0.94,0.3007335797636302,0.08100764180210919,7.424302578284557e-05,0.00031373466854563506,1.014709948917925,0.0,1683.0,1235.0,
81,36806.1340,3.59e+12,1.0,0.0,1061.966434731357,1206.1167265872186,0.11098613472172467,0.0704836942477528,1.83e+05,102101.82208683509,36552.11312533339,100000000.0,2.0300479925517084e-07,0.7338086749851456,0.9423832336617921,0.94,0.3007274175055712,0.08113870069085725,7.425162024980143e-05,0.0003135145168321204,1.014726343401033,0.0,1683.0,1235.0,
82,37274.2700,3.59e+12,1.0,0.0,1061.7954602086265,1206.8654325566313,0.11136194052711992,0.07029714578990465,1.83e+05,102093.07168272547,35810.02062876834,100000000.0,2.029621792266954e-07,0.7338086749851456,0.9423927153320475,0.94,0.3006466648047089,0.08088396258291479,7.440130451337725e-05,0.00031392171726551206,1.0145578165723586,0.0,1683.0,1235.0,
83,37738.8435,3.59e+12,1.0,0.0,1061.7864955487673,1207.021715551169,0.11138331727128956,0.0702054458339343,1.83e+05,102093.18435858496,35710.638550207645,100000000.0,2.02894530485265e-07,0.7338086749851456,0.9423960674077791,0.94,0.300635124170333,0.08089551643093765,7.442278665499493e-05,0.00031391885394752234,1.0145232210674364,0.0,1683.0,1235.0,
84,38209.3788,3.59e+12,1.0,0.0,1061.8610794374686,1207.7830514561047,0.11131470610212271,0.07018932364397991,1.83e+05,102095.86679671535,35666.8282717402,100000000.0,2.0274375699598167e-07,0.7338086749851456,0.9423940559714309,0.94,0.30059862551313477,0.08041062615356619,7.449696337617168e-05,0.0003146915396115788,1.0143687828783867,0.0,1683.0,1235.0,
85,38661.9969,3.59e+12,1.0,0.0,1061.8610794374686,1207.7830514561047,0.11131470610212271,0.07018932364397991,1.83e+05,102095.86679671535,35666.8282717402,100000000.0,2.0274375699598167e-07,0.7338086749851456,0.9423940559714309,0.94,0.30059862551313477,0.08041062615356619,7.449696337617168e-05,0.0003146915396115788,1.0143687828783867,0.0,1683.0,1235.0,
86,39134.1410,3.59e+12,1.0,0.0,1061.8610794374686,1207.7830514561047,0.11131470610212271,0.07018932364397991,1.83e+05,102095.86679671535,35666.8282717402,100000000.0,2.0274375699598167e-07,0.7338086749851456,0.9423940559714309,0.94,0.30059862551313477,0.08041062615356619,7.449696337617168e-05,0.0003146915396115788,1.0143687828783867,0.0,1683.0,1235.0,
87,39605.3530,3.59e+12,1.0,0.0,1061.7565004039518,1207.9817750419827,0.1115284831513549,0.06978356645212835,1.83e+05,102093.81700311002,35626.46804546349,100000000.0,2.0258736683384352e-07,0.7338086749851456,0.9423975064136867,0.94,0.3005566911138512,0.08042316154808357,7.457857012716968e-05,0.0003146590632885698,1.014375450914192,0.0,1683.0,1235.0,
88,40077.2380,3.59e+12,1.0,0.0,1061.7565004039518,1207.9817750419827,0.1115284831513549,0.06978356645212835,1.83e+05,102093.81700311002,35626.46804546349,100000000.0,2.0258736683384352e-07,0.7338086749851456,0.9423975064136867,0.94,0.3005566911138512,0.08042316154808357,7.457857012716968e-05,0.0003146590632885698,1.014375450914192,0.0,1683.0,1235.0,
89,40549.2210,3.59e+12,1.0,0.0,1061.7565004039518,1207.9817750419827,0.1115284831513549,0.06978356645212835,1.83e+05,102093.81700311002,35626.46804546349,100000000.0,2.0258736683384352e-07,0.7338086749851456,0.9423975064136867,0.94,0.3005566911138512,0.08042316154808357,7.457857012716968e-05,0.0003146590632885698,1.014375450914192,0.0,1683.0,1235.0,
90,41018.1020,3.59e+12,1.0,0.0,1061.7565004039518,1207.9817750419827,0.1115284831513549,0.06978356645212835,1.83e+05,102093.81700311002,35626.46804546349,100000000.0,2.0258736683384352e-07,0.7338086749851456,0.9423975064136867,0.94,0.3005566911138512,0.08042316154808357,7.457857012716968e-05,0.0003146590632885698,1.014375450914192,0.0,1683.0,1235.0,
91,41489.4450,3.59e+12,1.0,0.0,1061.7565004039518,1207.9817750419827,0.1115284831513549,0.06978356645212835,1.83e+05,102093.81700311002,35626.46804546349,100000000.0,2.0258736683384352e-07,0.7338086749851456,0.9423975064136867,0.94,0.3005566911138512,0.08042316154808357,7.457857012716968e-05,0.0003146590632885698,1.014375450914192,0.0,1683.0,1235.0,
92,41942.5160,3.59e+12,1.0,0.0,1061.7565004039518,1207.9817750419827,0.1115284831513549,0.06978356645212835,1.83e+05,102093.81700311002,35626.46804546349,100000000.0,2.0258736683384352e-07,0.7338086749851456,0.9423975064136867,0.94,0.3005566911138512,0.08042316154808357,7.457857012716968e-05,0.0003146590632885698,1.014375450914192,0.0,1683.0,1235.0,
93,42389.0930,3.59e+12,1.0,0.0,1061.7565004039518,1207.9817750419827,0.1115284831513549,0.06978356645212835,1.83e+05,102093.81700311002,35626.46804546349,100000000.0,2.0258736683384352e-07,0.7338086749851456,0.9423975064136867,0.94,0.3005566911138512,0.08042316154808357,7.457857012716968e-05,0.0003146590632885698,1.014375450914192,0.0,1683.0,1235.0,
94,42856.4610,3.59e+12,1.0,0.0,1061.7565004039518,1207.9817750419827,0.1115284831513549,0.06978356645212835,1.83e+05,102093.81700311002,35626.46804546349,100000000.0,2.0258736683384352e-07,0.7338086749851456,0.9423975064136867,0.94,0.3005566911138512,0.08042316154808357,7.457857012716968e-05,0.0003146590632885698,1.014375450914192,0.0,1683.0,1235.0,
95,43295.7630,3.59e+12,1.0,0.0,1061.7565004039518,1207.9817750419827,0.1115284831513549,0.06978356645212835,1.83e+05,102093.81700311002,35626.46804546349,100000000.0,2.0258736683384352e-07,0.7338086749851456,0.9423975064136867,0.94,0.3005566911138512,0.08042316154808357,7.457857012716968e-05,0.0003146590632885698,1.014375450914192,0.0,1683.0,1235.0,
96,43760.9660,3.62e+12,1.0,0.0,1058.0696378423631,1211.0186442757472,0.11799135064364417,0.06657335709561576,1.83e+05,101906.97106388175,35031.88557379943,100000000.0,1.9449045812569078e-07,0.7338086749851456,0.9426867487840325,0.94,0.3008448899006503,0.08092589119140724,7.415198766771796e-05,0.0003134517856129513,1.012787847432821,0.0,1683.0,1235.0,
97,44222.2060,3.64e+12,1.0,0.0,1054.1247820725255,1212.73149011743,0.1251596599563819,0.0667934033700168,1.83e+05,101703.75565634768,34002.90562681874,100000000.0,1.8957699160928747e-07,0.7338086749851456,0.9428920375672971,0.94,0.30062134885061753,0.07909262986666674,7.467290034167215e-05,0.00031552521834262695,1.0109576315128406,0.0,1683.0,1235.0,
98,44672.5330,3.60e+12,1.0,0.0,1054.8753949599486,1214.850886394203,0.12365955560198398,0.06875058364781202,1.83e+05,101709.83842539578,36216.52961788195,100000000.0,1.8614804581759216e-07,0.7338086749851456,0.9428517387808012,0.94,0.3007461200879717,0.07739364494103307,7.440449448701408e-05,0.00031832035365369354,1.0100070041545495,0.0,1683.0,1235.0,
99,45130.7720,3.60e+12,1.0,0.0,1054.5158420965395,1214.981314639585,0.12432093195109269,0.06858076911388626,1.83e+05,101693.03627900835,37550.03940455318,100000000.0,1.8368854917043142e-07,0.7338086749851456,0.9428554829358781,0.94,0.30079469823136634,0.0770424548202123,7.434319076310005e-05,0.00031875594249591377,1.009933018063382,0.0,1683.0,1235.0,
100,45626.7510,3.58e+12,1.0,0.0,1053.809497373303,1216.580797448617,0.12552367927530916,0.06833682961996491,1.83e+05,101646.00432294601,39543.4474417232,100000000.0,1.811824589562149e-07,0.7338086749851456,0.9428899560098354,0.94,0.3008596482917655,0.0760697401438109,7.424395266530058e-05,0.0003201282830675166,1.009201357982721,0.0,1683.0,1235.0,
101,46099.8850,3.62e+12,1.0,0.0,1049.6630841436186,1216.3152294479996,0.13611691499769257,0.07225197273386028,1.83e+05,101725.37136611357,37280.703678668244,100000000.0,1.7236260366984166e-07,0.7338086749851456,0.9429637400568169,0.94,0.29872135335296035,0.07278323899681922,7.879883020168519e-05,0.0003254076232563843,1.0098801192725368,0.0,1683.0,1235.0,
102,46546.9530,3.60e+12,1.0,0.0,1050.4605992341344,1216.2272871106888,0.13483483305205993,0.06600030708601476,1.83e+05,101827.2153323561,37390.997935092695,100000000.0,1.6460469062831279e-07,0.7338086749851456,0.942828908922491,0.94,0.2980195954116227,0.0754167762189078,8.004507050170945e-05,0.00032153501642592753,1.01147127639028,0.0,1683.0,1235.0,
103,47002.9410,3.60e+12,1.0,0.0,1048.973346053374,1217.5247185624291,0.13892163565177548,0.06906543751827823,1.83e+05,101884.0268558538,38817.91627685097,100000000.0,1.549083229040904e-07,0.7338086749851456,0.9428997793319573,0.94,0.2971140050944794,0.07270640925838408,8.202053733370626e-05,0.0003259762379827089,1.0109683119917503,0.0,1683.0,1235.0,
104,47453.8710,3.59e+12,1.0,0.0,1046.8390408306614,1216.3451802265458,0.14427148299078407,0.06781371259849775,1.83e+05,101971.07621885453,39608.15418090307,100000000.0,1.4505882223711847e-07,0.7338086749851456,0.9428990432399906,0.94,0.2956375026088788,0.07289028429163016,8.504779319980682e-05,0.00032580507258887293,1.0119143262021613,0.0,1683.0,1235.0,
105,47884.4950,3.61e+12,1.0,0.0,1041.1356458883977,1210.6278919329116,0.15650878511980865,0.07230791612411205,1.83e+05,101948.09152050546,39657.50962264618,100000000.0,1.3440152990441493e-07,0.7338086749851456,0.9430699943722485,0.94,0.29377079482341273,0.07241954249662061,8.900930174019127e-05,0.0003260954578007938,1.0121059540681174,0.0,1683.0,1235.0,
106,48321.4790,3.62e+12,1.0,0.0,1038.2394335880763,1214.2787213434196,0.16341783418491118,0.07063265352468559,1.83e+05,101972.23340084737,39867.11098372006,100000000.0,1.2830845007392864e-07,0.7338086749851456,0.9431208139386582,0.94,0.29223974318847656,0.0701946038948969,9.218434797903563e-05,0.00032961256926991437,1.011773387953963,0.0,1683.0,1235.0,
107,48776.5820,3.62e+12,1.0,0.0,1033.1315561937058,1211.2802768287668,0.17391835732787791,0.07490940282220365,1.83e+05,101859.03753989754,39746.775375393474,100000000.0,1.2044273901034748e-07,0.7338086749851456,0.9431831807646722,0.94,0.2908166536364103,0.06725426535171053,9.514593555506461e-05,0.00033326684090507976,1.0110677276083457,0.0,1683.0,1235.0,
108,49231.2460,3.63e+12,1.0,0.0,1032.3868463514,1216.1145161127658,0.1762051958144178,0.07246700437550095,1.83e+05,101865.24743376253,39528.6593673897,100000000.0,1.1579209226093369e-07,0.7338086749851456,0.9431404685209723,0.94,0.290024059811767,0.06450118297823562,9.676999554113757e-05,0.00033750040350629025,1.0110571157255799,0.0,1683.0,1235.0,
109,49679.0150,3.63e+12,1.0,0.0,1030.7169726984644,1213.153902232838,0.17965637496991368,0.07623549317049497,1.83e+05,101857.6354397751,39752.78316390964,100000000.0,1.112530990607529e-07,0.7338086749851456,0.9432069298080988,0.94,0.2894497889653588,0.06420588336165384,9.795446269364049e-05,0.00033783596429555604,1.0107147320471037,0.0,1683.0,1235.0,
110,50147.0930,3.62e+12,1.0,0.0,1030.5197105512605,1213.4230084895962,0.18030599198830444,0.07899961677479855,1.83e+05,101865.27288910869,39875.3570403192,100000000.0,1.0871300125044801e-07,0.7338086749851456,0.943199545092579,0.94,0.2891024469780584,0.06242431255980571,9.864631771551892e-05,0.0003405784818062872,1.0101392042724617,0.0,1683.0,1235.0,
111,50618.2170,3.62e+12,1.0,0.0,1030.5959860383564,1211.8769994374836,0.18021715426562257,0.08390322843168156,1.83e+05,101874.08029230402,39882.96347788851,100000000.0,1.0564585885114016e-07,0.7338086749851456,0.9432008959995515,0.94,0.28885789327965894,0.06107561833323523,9.910643695086236e-05,0.000342661073634653,1.0094225817612337,0.0,1683.0,1235.0,
112,51090.2210,3.62e+12,1.0,0.0,1030.8026049029363,1213.276541520861,0.17991733667279158,0.08124109274735208,1.83e+05,101887.13943014585,39994.78440152269,100000000.0,1.0524319320478304e-07,0.7338086749851456,0.9431816515041909,0.94,0.288886123295169,0.061430160835248375,9.905610434166318e-05,0.00034217861286682115,1.0097940925310103,0.0,1683.0,1235.0,
113,51594.4970,3.62e+12,1.0,0.0,1030.7880842401312,1212.6728164406572,0.17987814136373032,0.08188491606033703,1.83e+05,101886.50823798776,39998.18960791093,100000000.0,1.047295784406445e-07,0.7338086749851456,0.9431842660496252,0.94,0.2888281107687263,0.06150784055587636,9.915351286932746e-05,0.0003420333191538165,1.0097181688328223,0.0,1683.0,1235.0,
114,52070.2260,3.61e+12,1.0,0.0,1030.8190625431976,1213.1051598086085,0.17977248307218818,0.08111920908044148,1.83e+05,101883.94837961039,39999.59896584417,100000000.0,1.0467562861687688e-07,0.7338086749851456,0.9431902448699634,0.94,0.2889038007749248,0.061690921295402046,9.900255083284976e-05,0.00034176584071929784,1.0097114046015747,0.0,1683.0,1235.0,
115,52554.5440,3.61e+12,1.0,0.0,1030.6245603305601,1212.9177640875012,0.18012545910705752,0.08121091679494441,1.83e+05,101877.21159840707,39976.37685398966,100000000.0,1.0458387197292781e-07,0.7338086749851456,0.9431972034087235,0.94,0.28885868119560265,0.061714968418734764,9.90912995596166e-05,0.0003416922445952919,1.0096786130267246,0.0,1683.0,1235.0,
116,53016.4710,3.61e+12,1.0,0.0,1030.6044112444135,1212.9400812901295,0.18022028503722998,0.08133394840167597,1.83e+05,101880.54928260617,39990.69121532499,100000000.0,1.0414170892891433e-07,0.7338086749851456,0.9431949167061283,0.94,0.2888024937032707,0.06157723800719467,9.920264447932026e-05,0.0003419093400299785,1.0096889159519629,0.0,1683.0,1235.0,
117,53474.3600,3.61e+12,1.0,0.0,1030.6044112444135,1212.9400812901295,0.18022028503722998,0.08133394840167597,1.83e+05,101880.54928260617,39990.69121532499,100000000.0,1.0414170892891433e-07,0.7338086749851456,0.9431949167061283,0.94,0.2888024937032707,0.06157723800719467,9.920264447932026e-05,0.0003419093400299785,1.0096889159519629,0.0,1683.0,1235.0,
118,53953.8730,3.61e+12,1.0,0.0,1030.6044112444135,1212.9400812901295,0.18022028503722998,0.08133394840167597,1.83e+05,101880.54928260617,39990.69121532499,100000000.0,1.0414170892891433e-07,0.7338086749851456,0.9431949167061283,0.94,0.2888024937032707,0.06157723800719467,9.920264447932026e-05,0.0003419093400299785,1.0096889159519629,0.0,1683.0,1235.0,
119,54441.6210,3.61e+12,1.0,0.0,1030.4777776629594,1212.9425379819363,0.1803838635596579,0.08089554915778864,1.83e+05,101872.32459484466,39979.77633321412,100000000.0,1.0384723657427325e-07,0.7338086749851456,0.9432044090173048,0.94,0.2888113053267517,0.06180601175797881,9.91760346042504e-05,0.0003415273732310676,1.00966680732347,0.0,1683.0,1235.0,
120,54919.1140,3.31e+12,1.0,0.0,1042.8080764125134,1166.3150986446938,0.14516559214667651,0.11882199200734359,1.83e+05,101294.53422127012,13033.571786672863,100000000.0,1.0380409294797282e-07,0.7338086749851456,0.9423765075018012,0.94,0.29293063534467695,0.07840659943282702,8.76063412082843e-05,0.0003138660584645358,1.00799501903883,0.0,1683.0,1235.0,
121,55444.6510,3.30e+12,1.0,0.0,1040.6335763685784,1169.2533160373814,0.149985303431995,0.11802523643043436,1.83e+05,101248.33581074307,12729.285273280422,100000000.0,1.0144924154995911e-07,0.7338086749851456,0.9423891542721525,0.94,0.2918772625546152,0.07611226634202126,8.966784173124987e-05,0.00031723538884805496,1.007571386104944,0.0,1683.0,1235.0,
122,55933.1790,3.30e+12,1.0,0.0,1040.7724506322356,1172.6251950452531,0.14962204298100135,0.11433177212932141,1.83e+05,101238.4522997767,12751.701325604194,100000000.0,9.979834655692406e-08,0.7338086749851456,0.9424146887607483,0.94,0.2920554618750968,0.07619037583482853,8.933057763060647e-05,0.00031719646384153344,1.007289689130611,0.0,1683.0,1235.0,
