Loop,Time,r0-A,p0-C0,p0-Cpa,p0-Cpb,r0-E,r0-Hp,p0-K,Value,r0-Xi,p0-eps,p0-ka,p0-kb,r0-n,r0-nO2,p0-rho,
-1,0,4.57e+10,1.0,230.72927781615982,4.381598440696607,1.61e+05,841567.8708883624,1348.6692871409555,0.00014536405771734649,0.0,0.8745827790990297,0.5082548243626658,0.0007666263041681711,1.0892119586488112,0.0,1189.37,
0,22.9029,4.57e+10,1.0,230.72927781615982,4.381598440696607,1.61e+05,841567.8708883624,1348.6692871409555,0.00014536405771734649,0.0,0.8745827790990297,0.5082548243626658,0.0007666263041681711,1.0892119586488112,0.0,1189.37,
1,58.0473,4.57e+10,1.0,230.72927781615982,4.381598440696607,1.61e+05,841567.8708883624,1348.6692871409555,0.00014536405771734649,0.0,0.8745827790990297,0.5082548243626658,0.0007666263041681711,1.0892119586488112,0.0,1189.37,
2,92.8610,4.57e+10,1.0,230.72927781615982,4.381598440696607,1.61e+05,841567.8708883624,1348.6692871409555,0.00014536405771734649,0.0,0.8745827790990297,0.5082548243626658,0.0007666263041681711,1.0892119586488112,0.0,1189.37,
3,139.5615,4.57e+10,1.0,230.72927781615982,4.381598440696607,1.61e+05,841567.8708883624,1348.6692871409555,0.00014536405771734649,0.0,0.8745827790990297,0.5082548243626658,0.0007666263041681711,1.0892119586488112,0.0,1189.37,
4,193.6217,5.44e+10,1.0,203.60347228912104,4.2148046200358005,1.58e+05,790581.9747595217,1980.561811195185,0.00012068373452655253,0.0,0.8109131691464809,0.2477883540871345,0.0005196048775889528,0.946460917438414,0.0,1189.37,
5,248.4776,4.93e+10,1.0,208.59013554086,4.175649845475838,1.62e+05,809637.2752481006,1317.5359914527364,0.00010471178670685333,0.0,0.8688333703407825,0.33071938179615357,0.0005923197250498459,0.9981587671427443,0.0,1189.37,
6,301.9373,5.52e+10,1.0,202.02961998562193,3.960145816240421,1.57e+05,759057.541123977,1492.5365363219237,7.233693900171484e-05,0.0,0.785282085672073,0.19955218472613145,0.0003030975514195823,0.8726278553164866,0.0,1189.37,
7,349.6478,5.52e+10,1.0,202.02961998562193,3.960145816240421,1.57e+05,759057.541123977,1492.5365363219237,7.233693900171484e-05,0.0,0.785282085672073,0.19955218472613145,0.0003030975514195823,0.8726278553164866,0.0,1189.37,
8,401.2308,5.52e+10,1.0,202.02961998562193,3.960145816240421,1.57e+05,759057.541123977,1492.5365363219237,7.233693900171484e-05,0.0,0.785282085672073,0.19955218472613145,0.0003030975514195823,0.8726278553164866,0.0,1189.37,
9,459.9522,4.89e+10,1.0,196.32882226927467,4.002234506817294,1.58e+05,772408.6312127702,1223.5126957317416,7.14662066101611e-05,0.0,0.804937357463497,0.19596167707618814,0.0003550507487880198,0.9184779668679897,0.0,1189.37,
10,515.1955,5.75e+10,1.0,190.62278483910012,3.8871806655192236,1.55e+05,741609.9365309465,809.6947488673952,5.323834938430792e-05,0.0,0.7381834938413074,0.1390633429210674,0.00020158603160412813,0.8279646732334403,0.0,1189.37,
11,571.2556,5.22e+10,1.0,191.47058527419114,3.87795234351816,1.58e+05,740250.6394258321,1061.164853340198,4.808767722135664e-05,0.0,0.77992398537817,0.16858298387613593,0.00029793728922550267,0.8717826416842411,0.0,1189.37,
12,626.9243,5.42e+10,1.0,191.60687901130274,3.8598034287749297,1.57e+05,747524.7032649273,896.9798926482933,3.396411719905714e-05,0.0,0.7697930014035662,0.1490288001751873,0.0002473112326900231,0.8458492534924656,0.0,1189.37,
13,682.5599,5.23e+10,1.0,194.83798503964238,4.06838126425354,1.55e+05,783457.4211380221,908.9788845758189,8.10663366524939e-06,0.0,0.7644055510166357,0.1377632161453646,0.00024712847500547034,0.8617632454862794,0.0,1189.37,
14,736.2919,5.23e+10,1.0,194.83798503964238,4.06838126425354,1.55e+05,783457.4211380221,908.9788845758189,8.10663366524939e-06,0.0,0.7644055510166357,0.1377632161453646,0.00024712847500547034,0.8617632454862794,0.0,1189.37,
15,792.5261,5.23e+10,1.0,194.83798503964238,4.06838126425354,1.55e+05,783457.4211380221,908.9788845758189,8.10663366524939e-06,0.0,0.7644055510166357,0.1377632161453646,0.00024712847500547034,0.8617632454862794,0.0,1189.37,
16,846.0578,5.23e+10,1.0,194.83798503964238,4.06838126425354,1.55e+05,783457.4211380221,908.9788845758189,8.10663366524939e-06,0.0,0.7644055510166357,0.1377632161453646,0.00024712847500547034,0.8617632454862794,0.0,1189.37,
17,905.1747,5.23e+10,1.0,194.83798503964238,4.06838126425354,1.55e+05,783457.4211380221,908.9788845758189,8.10663366524939e-06,0.0,0.7644055510166357,0.1377632161453646,0.00024712847500547034,0.8617632454862794,0.0,1189.37,
18,960.6492,5.09e+10,1.0,192.04797566863562,4.0865989564680465,1.55e+05,788706.9052581193,934.6782663600854,6.068436716569921e-06,0.0,0.768166698573217,0.13659067575021816,0.0002788499235904172,0.8706659891980171,0.0,1189.37,
19,1018.9323,5.13e+10,1.0,192.76179244508052,4.09171328768586,1.54e+05,789570.1291194102,908.4665037389937,5.891771103070999e-06,0.0,0.7649060278407567,0.13469193325973866,0.000266133948425461,0.8660926718370006,0.0,1189.37,
20,1077.8970,5.11e+10,1.0,192.54200524726048,4.089759636906312,1.54e+05,788934.828654104,913.900744430382,5.054608711633714e-06,0.0,0.7640545057559565,0.13227405938327125,0.00026467475607545475,0.8665624596369182,0.0,1189.37,
21,1133.7669,5.11e+10,1.0,192.54200524726048,4.089759636906312,1.54e+05,788934.828654104,913.900744430382,5.054608711633714e-06,0.0,0.7640545057559565,0.13227405938327125,0.00026467475607545475,0.8665624596369182,0.0,1189.37,
22,1187.9102,5.12e+10,1.0,193.69560802682446,4.106905682651601,1.54e+05,792549.5501902777,932.2716947160234,2.8258569837609615e-06,0.0,0.7671982520476065,0.13562538918133674,0.00026876997449364916,0.8684452980681058,0.0,1189.37,
23,1247.8497,5.07e+10,1.0,192.7033127064633,4.110107428734546,1.54e+05,792928.6692417765,932.6161940631278,2.4388667542507586e-06,0.0,0.7677113112529719,0.1337535228130134,0.0002761047203500187,0.8704443510807582,0.0,1189.37,
24,1302.2173,5.09e+10,1.0,193.36713462055693,4.109511453140835,1.54e+05,792261.6651203991,932.5862625288721,2.3877248983453844e-06,0.0,0.7668365191354095,0.13496817922999793,0.00027107791561875675,0.8700694383069331,0.0,1189.37,
25,1358.6877,5.10e+10,1.0,193.30471408348586,4.1032006710035205,1.54e+05,791964.4739531579,933.5190746698931,2.01873204758149e-06,0.0,0.767357269221391,0.13549405942200407,0.00027194467746446244,0.8691016232459646,0.0,1189.37,
26,1413.3555,5.09e+10,1.0,192.8266223419712,4.0991327825709325,1.54e+05,790501.2878889337,927.8881481538131,2.000925258720427e-06,0.0,0.766034999322901,0.13490836570227813,0.00027085234016932557,0.8693647425199187,0.0,1189.37,
27,1468.8890,5.09e+10,1.0,192.8900658365541,4.103146366434849,1.54e+05,791038.4894465778,929.6648714371017,1.9227279319975753e-06,0.0,0.7669178732117181,0.13411553551343697,0.00027199171485133575,0.869293271325449,0.0,1189.37,
28,1528.1991,5.10e+10,1.0,193.04039322543974,4.102073494617402,1.54e+05,791146.5988917009,929.737809596324,1.853901286299334e-06,0.0,0.766340751381661,0.1347917012589983,0.0002706087079168588,0.8691893153362884,0.0,1189.37,
29,1587.8694,5.09e+10,1.0,192.94261183683187,4.101078955993214,1.54e+05,790929.6428036643,930.4366578871886,1.8423453660141736e-06,0.0,0.766302612404806,0.13483941040026318,0.0002712635842902415,0.8693037965818344,0.0,1189.37,
30,1647.3403,5.09e+10,1.0,192.92959202117675,4.102452542856971,1.54e+05,790925.5843674513,929.1680905078565,1.8286933822500925e-06,0.0,0.7660907718111539,0.1345230288127009,0.00027075761948688946,0.8693251867987132,0.0,1189.37,
31,1707.9104,5.09e+10,1.0,193.03302561400602,4.102116906908958,1.54e+05,791101.9724337244,929.2839236448249,1.82230253977346e-06,0.0,0.7663844734620098,0.13458561443648953,0.00027068557926454735,0.8691368233768293,0.0,1189.37,
32,1770.5345,5.09e+10,1.0,192.92555946990979,4.102223576301959,1.54e+05,790944.4997801837,929.6697855336104,1.8157708044232804e-06,0.0,0.7661975323394343,0.13459717288617762,0.00027105128527832604,0.8693838634213291,0.0,1189.37,
33,1830.5961,5.09e+10,1.0,192.98221869707726,4.102489696335369,1.54e+05,791129.1081719456,929.4769240002354,1.810123140134015e-06,0.0,0.7665060536381185,0.1344858304875856,0.0002710949651133768,0.8692405534988767,0.0,1189.37,
34,1893.5754,5.09e+10,1.0,192.98221869707726,4.102489696335369,1.54e+05,791129.1081719456,929.4769240002354,1.810123140134015e-06,0.0,0.7665060536381185,0.1344858304875856,0.0002710949651133768,0.8692405534988767,0.0,1189.37,
35,1954.4419,5.09e+10,1.0,192.9826617396373,4.102646138719415,1.54e+05,791161.0068528742,930.0057238907419,1.8082000854628066e-06,0.0,0.7665107204697728,0.13455835399891813,0.0002712818129367357,0.8692875651877865,0.0,1189.37,
36,2019.9672,5.09e+10,1.0,192.88978327220354,4.10194962887309,1.54e+05,790929.2811152809,929.6537222039901,1.806586824279999e-06,0.0,0.7663382679853592,0.13444709008163566,0.0002712631924558104,0.8693552658693499,0.0,1189.37,
37,2084.6322,5.09e+10,1.0,192.88978327220354,4.10194962887309,1.54e+05,790929.2811152809,929.6537222039901,1.806586824279999e-06,0.0,0.7663382679853592,0.13444709008163566,0.0002712631924558104,0.8693552658693499,0.0,1189.37,
38,2145.1112,5.09e+10,1.0,192.92089359073998,4.102343489664648,1.54e+05,791047.433205697,929.6899200189871,1.8057237733795e-06,0.0,0.7663937375508261,0.13446345821216193,0.0002713161501284021,0.8693343061151744,0.0,1189.37,
39,2212.2003,5.09e+10,1.0,192.92089359073998,4.102343489664648,1.54e+05,791047.433205697,929.6899200189871,1.8057237733795e-06,0.0,0.7663937375508261,0.13446345821216193,0.0002713161501284021,0.8693343061151744,0.0,1189.37,
40,2281.8878,5.09e+10,1.0,192.90118929000957,4.102146070577785,1.54e+05,791009.7502858229,929.6380894071314,1.8046396163917807e-06,0.0,0.7664425257904373,0.13442833216538813,0.0002714185009328243,0.8693252568375491,0.0,1189.37,
41,2351.7925,5.09e+10,1.0,192.89490322943863,4.102024118490391,1.54e+05,791017.0451300065,929.8570190022019,1.8035188989427228e-06,0.0,0.7664518514501657,0.13443086674459764,0.0002715012016586946,0.869358270133098,0.0,1189.37,
42,2416.2908,5.09e+10,1.0,192.85739528206227,4.102288701958036,1.54e+05,791072.9371748926,929.8951896134491,1.8010597822778294e-06,0.0,0.7665316526847072,0.13431474887275655,0.0002718487554060297,0.8693873572243414,0.0,1189.37,
43,2479.2700,5.09e+10,1.0,192.81801851684406,4.102051511735953,1.54e+05,791137.6588072164,930.015425350269,1.798524305201647e-06,0.0,0.7667511506405804,0.13415143809014407,0.0002723057215811319,0.8693554015986391,0.0,1189.37,
44,2543.4664,5.08e+10,1.0,192.8116803406592,4.102543762632322,1.54e+05,791392.3080224962,930.5628934101719,1.7894312529127092e-06,0.0,0.767196939456043,0.13391847924325695,0.0002730064599111132,0.8693564644250227,0.0,1189.37,
45,2606.7260,5.08e+10,1.0,192.77805641370918,4.102789721939452,1.54e+05,791742.3404536195,931.2804266702312,1.7836256361746495e-06,0.0,0.7678238009158395,0.133558463274533,0.00027412042495352483,0.8693100497755875,0.0,1189.37,
46,2668.2140,5.08e+10,1.0,192.89661533074405,4.1032696246581555,1.54e+05,792017.8342680892,932.0585393802153,1.7740242540206002e-06,0.0,0.7682237669543001,0.13349781751239673,0.00027449576141249076,0.8695596749239624,0.0,1189.37,
47,2731.8400,5.08e+10,1.0,192.92142775989709,4.103431274891937,1.54e+05,792197.2267292193,932.4997103366284,1.7706025971454542e-06,0.0,0.7685435589074532,0.13333496249973192,0.00027493520189511556,0.8696716736045031,0.0,1189.37,
48,2798.1614,5.08e+10,1.0,192.92142775989709,4.103431274891937,1.54e+05,792197.2267292193,932.4997103366284,1.7706025971454542e-06,0.0,0.7685435589074532,0.13333496249973192,0.00027493520189511556,0.8696716736045031,0.0,1189.37,
49,2865.5768,5.09e+10,1.0,193.0701630254728,4.103378584150709,1.54e+05,792312.0869524281,933.188419317276,1.7608458359419077e-06,0.0,0.7686282147640005,0.13348150439312056,0.0002746759945346715,0.8698232013769587,0.0,1189.37,
50,2930.6871,5.09e+10,1.0,193.0701630254728,4.103378584150709,1.54e+05,792312.0869524281,933.188419317276,1.7608458359419077e-06,0.0,0.7686282147640005,0.13348150439312056,0.0002746759945346715,0.8698232013769587,0.0,1189.37,
51,2996.4773,5.09e+10,1.0,193.0701630254728,4.103378584150709,1.54e+05,792312.0869524281,933.188419317276,1.7608458359419077e-06,0.0,0.7686282147640005,0.13348150439312056,0.0002746759945346715,0.8698232013769587,0.0,1189.37,
52,3057.2747,5.09e+10,1.0,193.06177331122854,4.103038440723621,1.54e+05,792254.5437778777,933.077802751846,1.756435024343491e-06,0.0,0.7685902778121825,0.13345491792485603,0.0002745981560718847,0.869819656255143,0.0,1189.37,
53,3125.4568,5.09e+10,1.0,193.06177331122854,4.103038440723621,1.54e+05,792254.5437778777,933.077802751846,1.756435024343491e-06,0.0,0.7685902778121825,0.13345491792485603,0.0002745981560718847,0.869819656255143,0.0,1189.37,
54,3192.3070,5.09e+10,1.0,193.06642461030094,4.10316584434624,1.54e+05,792305.7476127413,933.1064018010252,1.7555361834623718e-06,0.0,0.7686714474981902,0.13342078501237842,0.00027471296325751616,0.869825587566496,0.0,1189.37,
55,3265.0763,5.10e+10,1.0,193.3808337036677,4.095460238510837,1.55e+05,791217.8341444948,933.9294743146058,1.743490424179965e-06,0.0,0.7682823148150553,0.13193079567300778,0.00027654084270037734,0.8733735745139494,0.0,1189.37,
56,3329.4769,5.12e+10,1.0,193.67287770990706,4.0843001230692,1.55e+05,789454.7773584776,934.3598886465427,1.7038676619547398e-06,0.0,0.7673985215595887,0.12987801965483728,0.0002789378506569407,0.8780622876289795,0.0,1189.37,
57,3399.9731,5.12e+10,1.0,193.67287770990706,4.0843001230692,1.55e+05,789454.7773584776,934.3598886465427,1.7038676619547398e-06,0.0,0.7673985215595887,0.12987801965483728,0.0002789378506569407,0.8780622876289795,0.0,1189.37,
58,3465.6920,5.15e+10,1.0,194.12820652049334,4.0690406873005,1.55e+05,787135.9823021743,935.4397724219037,1.6965939181503388e-06,0.0,0.7664512495542748,0.12679259778443527,0.00028298062698139275,0.8850310036624018,0.0,1189.37,
59,3533.2144,5.15e+10,1.0,194.12820652049334,4.0690406873005,1.55e+05,787135.9823021743,935.4397724219037,1.6965939181503388e-06,0.0,0.7664512495542748,0.12679259778443527,0.00028298062698139275,0.8850310036624018,0.0,1189.37,
60,3602.9069,5.17e+10,1.0,194.5198302531177,4.060042394880844,1.55e+05,785808.4087938489,936.6340778159729,1.674567862961029e-06,0.0,0.7659518853190193,0.12495817801195425,0.00028549569751280877,0.8896375459434938,0.0,1189.37,
61,3669.9300,5.17e+10,1.0,194.5198302531177,4.060042394880844,1.55e+05,785808.4087938489,936.6340778159729,1.674567862961029e-06,0.0,0.7659518853190193,0.12495817801195425,0.00028549569751280877,0.8896375459434938,0.0,1189.37,
62,3737.7547,5.17e+10,1.0,194.5198302531177,4.060042394880844,1.55e+05,785808.4087938489,936.6340778159729,1.674567862961029e-06,0.0,0.7659518853190193,0.12495817801195425,0.00028549569751280877,0.8896375459434938,0.0,1189.37,
63,3810.3408,5.16e+10,1.0,194.57042170684457,4.059422536641087,1.55e+05,785967.5572229091,937.5411911321678,1.6671911146904422e-06,0.0,0.7663671148756326,0.1246983909640773,0.00028603637464602203,0.8896267951568735,0.0,1189.37,
64,3875.8315,5.14e+10,1.0,194.17442820787505,4.068489430279456,1.55e+05,787473.1193628256,936.9328530718797,1.665076945871956e-06,0.0,0.7672630653463446,0.12633746229187928,0.0002840118960220782,0.8847815816971991,0.0,1189.37,
65,3942.6113,5.15e+10,1.0,194.57072456943573,4.056990027186347,1.55e+05,785923.1016925748,938.7134780608978,1.650787140365327e-06,0.0,0.7669339430082476,0.12390560007444737,0.00028737309027481123,0.8898114453672081,0.0,1189.37,
66,4008.4913,5.15e+10,1.0,194.4708564790407,4.058714834644357,1.55e+05,786154.2620724014,938.2538515204549,1.6500629759638171e-06,0.0,0.7670145565517285,0.12422574767533567,0.00028690552342667684,0.8889745766614574,0.0,1189.37,
67,4077.1128,5.15e+10,1.0,194.50047627669417,4.057420260670731,1.55e+05,785831.3162700757,938.1573646414636,1.643295583520794e-06,0.0,0.7666930519622699,0.12405685767004032,0.0002871030844229871,0.8896823062111963,0.0,1189.37,
68,4149.7499,5.15e+10,1.0,194.41930522881904,4.059241508419254,1.55e+05,786196.0154322016,938.2141476776851,1.6379703425801685e-06,0.0,0.7670227352867123,0.12429864528940787,0.0002868786644809084,0.8886790850067348,0.0,1189.37,
69,4215.1555,5.15e+10,1.0,194.46725952143163,4.059334137733494,1.55e+05,786149.104063672,938.010573513832,1.6338355805415692e-06,0.0,0.7668940807844358,0.12438338626121587,0.0002866394284775387,0.888945054083224,0.0,1189.37,
70,4283.9802,5.13e+10,1.0,194.11309642817466,4.065826236920604,1.55e+05,787199.3085719377,937.6826146273734,1.6262988225350717e-06,0.0,0.7675864878458891,0.12550017409858735,0.0002854616455472026,0.8853199194075039,0.0,1189.37,
71,4349.4078,5.12e+10,1.0,193.90655244690006,4.071670052788855,1.55e+05,788175.3983415328,937.6061533991626,1.6209226497561202e-06,0.0,0.7682119091123278,0.12653374304949475,0.000284394505883227,0.8826084635051604,0.0,1189.37,
72,4411.9847,5.12e+10,1.0,193.95502031241352,4.070706126262933,1.55e+05,788036.1907031643,937.5999185618988,1.6171982947713462e-06,0.0,0.7681822240523761,0.12633726961992484,0.00028459799477514197,0.8831646451008013,0.0,1189.37,
73,4482.3448,5.12e+10,1.0,193.97656996829562,4.06847411473561,1.55e+05,787710.7593483418,938.0564716979375,1.597209597659376e-06,0.0,0.7681079293523362,0.12574914021588326,0.0002855112219839177,0.8839252732963064,0.0,1189.37,
74,4545.4393,5.12e+10,1.0,194.21582993169415,4.059278285258526,1.55e+05,786631.6475532767,939.9021136281473,1.5634604879013456e-06,0.0,0.7683229624662531,0.12346002817860866,0.00028887928644337566,0.887604590792439,0.0,1189.37,
75,4609.1773,5.10e+10,1.0,194.17091615606014,4.057284060901434,1.55e+05,786546.5984453313,941.357454670667,1.472273642831774e-06,0.0,0.7690138518233988,0.12248314401945021,0.00029096095126228606,0.8882369405001417,0.0,1189.37,
76,4675.2555,5.12e+10,1.0,195.16685107061355,4.024227929383269,1.55e+05,782419.7988059163,948.0370458266161,1.3456314430298119e-06,0.0,0.7693896197813317,0.1144159177108085,0.00030328433213180114,0.9029836841511525,0.0,1189.37,
77,4748.1963,5.11e+10,1.0,195.74819732564353,4.000424374602559,1.55e+05,779524.8107197857,953.290428295065,1.28324376838874e-06,0.0,0.7701248560154974,0.1082326591764905,0.00031303873759504783,0.913206154816423,0.0,1189.37,
78,4820.6143,5.09e+10,1.0,195.3179620614302,4.011646931980629,1.55e+05,781410.121573732,952.6773524050026,1.2742368546952242e-06,0.0,0.7711824681464555,0.11033518823402688,0.0003103492748341559,0.9073407704923342,0.0,1189.37,
79,4890.9610,5.09e+10,1.0,195.61338460851658,3.998955304945568,1.55e+05,779709.4382539078,955.1252555876104,1.2353185802773973e-06,0.0,0.7713350332427127,0.10707362614497039,0.00031553778744859695,0.9131313535787018,0.0,1189.37,
80,4957.9400,5.08e+10,1.0,195.45497529454565,4.004204108531284,1.55e+05,780346.9522697169,953.9602509307658,1.2270274192301214e-06,0.0,0.7712088063556892,0.10839546413250142,0.00031345502094398117,0.9107421245733943,0.0,1189.37,
81,5029.3841,5.08e+10,1.0,195.45497529454565,4.004204108531284,1.55e+05,780346.9522697169,953.9602509307658,1.2270274192301214e-06,0.0,0.7712088063556892,0.10839546413250142,0.00031345502094398117,0.9107421245733943,0.0,1189.37,
82,5098.5031,5.10e+10,1.0,195.397462997236,4.009679046870517,1.55e+05,780870.0827204073,952.2072173075708,1.2252537258839885e-06,0.0,0.7705927071462642,0.11012421404953883,0.0003105076064065346,0.908753966279982,0.0,1189.37,
83,5164.5923,5.09e+10,1.0,195.4906365683559,4.003436376195845,1.55e+05,780254.9906372044,954.1876843124094,1.2243910192006924e-06,0.0,0.7712038297055408,0.10823282791840838,0.00031373521048783305,0.9111121546186726,0.0,1189.37,
84,5230.4673,5.09e+10,1.0,195.53017429615034,4.002989179617542,1.55e+05,780159.5977025639,954.0473291346002,1.221131721328678e-06,0.0,0.7710766155926022,0.108220774225622,0.0003136364010556871,0.9114343228432631,0.0,1189.37,
85,5302.8522,5.09e+10,1.0,195.37297580342965,4.0081416279174995,1.55e+05,780746.3223520485,952.8070044162014,1.2194750643217051e-06,0.0,0.7709352385850213,0.10950818877051255,0.000311658720235101,0.9092964964043925,0.0,1189.37,
86,5373.0016,5.09e+10,1.0,195.37297580342965,4.0081416279174995,1.55e+05,780746.3223520485,952.8070044162014,1.2194750643217051e-06,0.0,0.7709352385850213,0.10950818877051255,0.000311658720235101,0.9092964964043925,0.0,1189.37,
87,5446.8419,5.08e+10,1.0,195.28243629233245,4.010638033941187,1.55e+05,781167.0996974213,952.6803402453862,1.2187615849797442e-06,0.0,0.771179288685244,0.10997394413565337,0.00031106534631751255,0.9080299055703032,0.0,1189.37,
88,5510.5261,5.09e+10,1.0,195.28551117220823,4.011046638499303,1.55e+05,781149.1661241488,952.3085756597055,1.2111753218215056e-06,0.0,0.7710195502530635,0.1101508605488567,0.00031070333408575825,0.908035637879991,0.0,1189.37,
89,5580.4644,5.09e+10,1.0,195.33636397431158,4.009199118478838,1.55e+05,780921.9497420278,952.7103332111014,1.2111122552152417e-06,0.0,0.7710579733032974,0.10969392445764661,0.00031142126235359435,0.9088372502099471,0.0,1189.37,
90,5648.5855,5.08e+10,1.0,195.25335763464986,4.010508814628559,1.55e+05,781106.5013170893,952.5720913871917,1.208758165175505e-06,0.0,0.771233654618926,0.1098380070590143,0.0003113371671856347,0.9082851198061419,0.0,1189.37,
91,5719.5031,5.07e+10,1.0,195.17517083016577,4.011656266242286,1.55e+05,781297.2259646042,952.5852362943542,1.2037427792169235e-06,0.0,0.7714509687357851,0.10994024401813898,0.0003113480102187627,0.9077203024672333,0.0,1189.37,
92,5789.7261,5.08e+10,1.0,195.37305153945195,4.004990745922565,1.55e+05,780438.4859826518,953.8713852137711,1.2014282073631535e-06,0.0,0.7714305677472018,0.1083649020753445,0.0003137047711401428,0.9106170467903523,0.0,1189.37,
93,5863.8646,5.08e+10,1.0,195.37305153945195,4.004990745922565,1.55e+05,780438.4859826518,953.8713852137711,1.2014282073631535e-06,0.0,0.7714305677472018,0.1083649020753445,0.0003137047711401428,0.9106170467903523,0.0,1189.37,
94,5933.6691,5.08e+10,1.0,195.37305153945195,4.004990745922565,1.55e+05,780438.4859826518,953.8713852137711,1.2014282073631535e-06,0.0,0.7714305677472018,0.1083649020753445,0.0003137047711401428,0.9106170467903523,0.0,1189.37,
95,6004.0483,5.08e+10,1.0,195.37305153945195,4.004990745922565,1.55e+05,780438.4859826518,953.8713852137711,1.2014282073631535e-06,0.0,0.7714305677472018,0.1083649020753445,0.0003137047711401428,0.9106170467903523,0.0,1189.37,
96,6071.2405,5.08e+10,1.0,195.37305153945195,4.004990745922565,1.55e+05,780438.4859826518,953.8713852137711,1.2014282073631535e-06,0.0,0.7714305677472018,0.1083649020753445,0.0003137047711401428,0.9106170467903523,0.0,1189.37,
97,6142.2962,5.08e+10,1.0,195.37305153945195,4.004990745922565,1.55e+05,780438.4859826518,953.8713852137711,1.2014282073631535e-06,0.0,0.7714305677472018,0.1083649020753445,0.0003137047711401428,0.9106170467903523,0.0,1189.37,
98,6213.3929,5.08e+10,1.0,195.37305153945195,4.004990745922565,1.55e+05,780438.4859826518,953.8713852137711,1.2014282073631535e-06,0.0,0.7714305677472018,0.1083649020753445,0.0003137047711401428,0.9106170467903523,0.0,1189.37,
99,6284.6173,5.08e+10,1.0,195.37305153945195,4.004990745922565,1.55e+05,780438.4859826518,953.8713852137711,1.2014282073631535e-06,0.0,0.7714305677472018,0.1083649020753445,0.0003137047711401428,0.9106170467903523,0.0,1189.37,
100,6352.6129,5.08e+10,1.0,195.37305153945195,4.004990745922565,1.55e+05,780438.4859826518,953.8713852137711,1.2014282073631535e-06,0.0,0.7714305677472018,0.1083649020753445,0.0003137047711401428,0.9106170467903523,0.0,1189.37,
101,6423.3243,5.08e+10,1.0,195.36866374759921,4.00572558175454,1.55e+05,780468.7387132087,953.5196018901981,1.1991412705958052e-06,0.0,0.7712425260313511,0.10864499656977976,0.000313193979007143,0.9103821720245391,0.0,1189.37,
102,6495.3212,5.08e+10,1.0,195.36866374759921,4.00572558175454,1.55e+05,780468.7387132087,953.5196018901981,1.1991412705958052e-06,0.0,0.7712425260313511,0.10864499656977976,0.000313193979007143,0.9103821720245391,0.0,1189.37,
103,6564.0258,5.08e+10,1.0,195.36866374759921,4.00572558175454,1.55e+05,780468.7387132087,953.5196018901981,1.1991412705958052e-06,0.0,0.7712425260313511,0.10864499656977976,0.000313193979007143,0.9103821720245391,0.0,1189.37,
104,6629.8287,5.08e+10,1.0,195.37066591769087,4.005647771199824,1.55e+05,780463.3318835008,953.5565890442202,1.1987371353201187e-06,0.0,0.771252985484318,0.1086208218870682,0.0003132396197805103,0.9104039947951998,0.0,1189.37,
105,6694.3315,5.08e+10,1.0,195.37066591769087,4.005647771199824,1.55e+05,780463.3318835008,953.5565890442202,1.1987371353201187e-06,0.0,0.771252985484318,0.1086208218870682,0.0003132396197805103,0.9104039947951998,0.0,1189.37,
106,6767.6946,5.08e+10,1.0,195.37066591769087,4.005647771199824,1.55e+05,780463.3318835008,953.5565890442202,1.1987371353201187e-06,0.0,0.771252985484318,0.1086208218870682,0.0003132396197805103,0.9104039947951998,0.0,1189.37,
107,6837.5031,5.08e+10,1.0,195.37066591769087,4.005647771199824,1.55e+05,780463.3318835008,953.5565890442202,1.1987371353201187e-06,0.0,0.771252985484318,0.1086208218870682,0.0003132396197805103,0.9104039947951998,0.0,1189.37,
108,6904.6022,5.08e+10,1.0,195.37066591769087,4.005647771199824,1.55e+05,780463.3318835008,953.5565890442202,1.1987371353201187e-06,0.0,0.771252985484318,0.1086208218870682,0.0003132396197805103,0.9104039947951998,0.0,1189.37,
109,6974.9403,5.08e+10,1.0,195.36432921318277,4.005768606855937,1.55e+05,780470.8607489287,953.5021157175814,1.1984332597740887e-06,0.0,0.7712514683391685,0.10864035065066738,0.0003132045991630812,0.9103885216172164,0.0,1189.37,
110,7046.2513,5.08e+10,1.0,195.36432921318277,4.005768606855937,1.55e+05,780470.8607489287,953.5021157175814,1.1984332597740887e-06,0.0,0.7712514683391685,0.10864035065066738,0.0003132045991630812,0.9103885216172164,0.0,1189.37,
111,7118.2809,5.08e+10,1.0,195.36432921318277,4.005768606855937,1.55e+05,780470.8607489287,953.5021157175814,1.1984332597740887e-06,0.0,0.7712514683391685,0.10864035065066738,0.0003132045991630812,0.9103885216172164,0.0,1189.37,
112,7191.8818,5.08e+10,1.0,195.36432921318277,4.005768606855937,1.55e+05,780470.8607489287,953.5021157175814,1.1984332597740887e-06,0.0,0.7712514683391685,0.10864035065066738,0.0003132045991630812,0.9103885216172164,0.0,1189.37,
113,7264.8242,5.08e+10,1.0,195.36432921318277,4.005768606855937,1.55e+05,780470.8607489287,953.5021157175814,1.1984332597740887e-06,0.0,0.7712514683391685,0.10864035065066738,0.0003132045991630812,0.9103885216172164,0.0,1189.37,
114,7340.2659,5.08e+10,1.0,195.36432921318277,4.005768606855937,1.55e+05,780470.8607489287,953.5021157175814,1.1984332597740887e-06,0.0,0.7712514683391685,0.10864035065066738,0.0003132045991630812,0.9103885216172164,0.0,1189.37,
115,7413.2248,5.08e+10,1.0,195.36432921318277,4.005768606855937,1.55e+05,780470.8607489287,953.5021157175814,1.1984332597740887e-06,0.0,0.7712514683391685,0.10864035065066738,0.0003132045991630812,0.9103885216172164,0.0,1189.37,
116,7480.3580,5.08e+10,1.0,195.36432921318277,4.005768606855937,1.55e+05,780470.8607489287,953.5021157175814,1.1984332597740887e-06,0.0,0.7712514683391685,0.10864035065066738,0.0003132045991630812,0.9103885216172164,0.0,1189.37,
117,7545.4663,5.08e+10,1.0,195.36432921318277,4.005768606855937,1.55e+05,780470.8607489287,953.5021157175814,1.1984332597740887e-06,0.0,0.7712514683391685,0.10864035065066738,0.0003132045991630812,0.9103885216172164,0.0,1189.37,
118,7614.4961,5.08e+10,1.0,195.36432921318277,4.005768606855937,1.55e+05,780470.8607489287,953.5021157175814,1.1984332597740887e-06,0.0,0.7712514683391685,0.10864035065066738,0.0003132045991630812,0.9103885216172164,0.0,1189.37,
119,7685.8126,5.08e+10,1.0,195.36432921318277,4.005768606855937,1.55e+05,780470.8607489287,953.5021157175814,1.1984332597740887e-06,0.0,0.7712514683391685,0.10864035065066738,0.0003132045991630812,0.9103885216172164,0.0,1189.37,
120,7757.4999,5.08e+10,1.0,195.36432921318277,4.005768606855937,1.55e+05,780470.8607489287,953.5021157175814,1.1984332597740887e-06,0.0,0.7712514683391685,0.10864035065066738,0.0003132045991630812,0.9103885216172164,0.0,1189.37,
121,7827.4035,5.08e+10,1.0,195.36432921318277,4.005768606855937,1.55e+05,780470.8607489287,953.5021157175814,1.1984332597740887e-06,0.0,0.7712514683391685,0.10864035065066738,0.0003132045991630812,0.9103885216172164,0.0,1189.37,
122,7896.3543,5.08e+10,1.0,195.36432921318277,4.005768606855937,1.55e+05,780470.8607489287,953.5021157175814,1.1984332597740887e-06,0.0,0.7712514683391685,0.10864035065066738,0.0003132045991630812,0.9103885216172164,0.0,1189.37,
123,7970.2106,5.08e+10,1.0,195.36432921318277,4.005768606855937,1.55e+05,780470.8607489287,953.5021157175814,1.1984332597740887e-06,0.0,0.7712514683391685,0.10864035065066738,0.0003132045991630812,0.9103885216172164,0.0,1189.37,
124,8038.6019,5.08e+10,1.0,195.36432921318277,4.005768606855937,1.55e+05,780470.8607489287,953.5021157175814,1.1984332597740887e-06,0.0,0.7712514683391685,0.10864035065066738,0.0003132045991630812,0.9103885216172164,0.0,1189.37,
125,8105.5238,5.08e+10,1.0,195.36432921318277,4.005768606855937,1.55e+05,780470.8607489287,953.5021157175814,1.1984332597740887e-06,0.0,0.7712514683391685,0.10864035065066738,0.0003132045991630812,0.9103885216172164,0.0,1189.37,
126,8177.2511,5.08e+10,1.0,195.36432921318277,4.005768606855937,1.55e+05,780470.8607489287,953.5021157175814,1.1984332597740887e-06,0.0,0.7712514683391685,0.10864035065066738,0.0003132045991630812,0.9103885216172164,0.0,1189.37,
127,8244.7666,5.08e+10,1.0,195.36432921318277,4.005768606855937,1.55e+05,780470.8607489287,953.5021157175814,1.1984332597740887e-06,0.0,0.7712514683391685,0.10864035065066738,0.0003132045991630812,0.9103885216172164,0.0,1189.37,
128,8316.1847,5.08e+10,1.0,195.36432921318277,4.005768606855937,1.55e+05,780470.8607489287,953.5021157175814,1.1984332597740887e-06,0.0,0.7712514683391685,0.10864035065066738,0.0003132045991630812,0.9103885216172164,0.0,1189.37,
129,8383.6051,5.08e+10,1.0,195.36432921318277,4.005768606855937,1.55e+05,780470.8607489287,953.5021157175814,1.1984332597740887e-06,0.0,0.7712514683391685,0.10864035065066738,0.0003132045991630812,0.9103885216172164,0.0,1189.37,
130,8450.4920,5.08e+10,1.0,195.36432921318277,4.005768606855937,1.55e+05,780470.8607489287,953.5021157175814,1.1984332597740887e-06,0.0,0.7712514683391685,0.10864035065066738,0.0003132045991630812,0.9103885216172164,0.0,1189.37,
131,8516.5581,5.08e+10,1.0,195.36432921318277,4.005768606855937,1.55e+05,780470.8607489287,953.5021157175814,1.1984332597740887e-06,0.0,0.7712514683391685,0.10864035065066738,0.0003132045991630812,0.9103885216172164,0.0,1189.37,
132,8586.0634,5.08e+10,1.0,195.36432921318277,4.005768606855937,1.55e+05,780470.8607489287,953.5021157175814,1.1984332597740887e-06,0.0,0.7712514683391685,0.10864035065066738,0.0003132045991630812,0.9103885216172164,0.0,1189.37,
133,8652.9369,5.08e+10,1.0,195.36432921318277,4.005768606855937,1.55e+05,780470.8607489287,953.5021157175814,1.1984332597740887e-06,0.0,0.7712514683391685,0.10864035065066738,0.0003132045991630812,0.9103885216172164,0.0,1189.37,
134,8724.0467,5.08e+10,1.0,195.36432921318277,4.005768606855937,1.55e+05,780470.8607489287,953.5021157175814,1.1984332597740887e-06,0.0,0.7712514683391685,0.10864035065066738,0.0003132045991630812,0.9103885216172164,0.0,1189.37,
135,8792.8658,5.08e+10,1.0,195.36432921318277,4.005768606855937,1.55e+05,780470.8607489287,953.5021157175814,1.1984332597740887e-06,0.0,0.7712514683391685,0.10864035065066738,0.0003132045991630812,0.9103885216172164,0.0,1189.37,
136,8859.2943,5.08e+10,1.0,195.36432921318277,4.005768606855937,1.55e+05,780470.8607489287,953.5021157175814,1.1984332597740887e-06,0.0,0.7712514683391685,0.10864035065066738,0.0003132045991630812,0.9103885216172164,0.0,1189.37,
137,8933.4479,5.09e+10,1.0,195.57810511109858,4.011972508202808,1.55e+05,781766.1512369211,953.3808604463325,1.1784040743883404e-06,0.0,0.7721867013081151,0.11044429579951781,0.00031047821544078673,0.9103717727756866,0.0,1189.37,
138,8999.6261,5.09e+10,1.0,195.57810511109858,4.011972508202808,1.55e+05,781766.1512369211,953.3808604463325,1.1784040743883404e-06,0.0,0.7721867013081151,0.11044429579951781,0.00031047821544078673,0.9103717727756866,0.0,1189.37,
139,9070.6731,5.09e+10,1.0,195.57810511109858,4.011972508202808,1.55e+05,781766.1512369211,953.3808604463325,1.1784040743883404e-06,0.0,0.7721867013081151,0.11044429579951781,0.00031047821544078673,0.9103717727756866,0.0,1189.37,
140,9143.5484,5.10e+10,1.0,196.199958942151,4.028864077491919,1.55e+05,785033.9765285237,953.2318853411305,1.1585099060548985e-06,0.0,0.7741526661587105,0.1164699117309608,0.00030110877137321575,0.9104720014935925,0.0,1189.37,
141,9213.7015,5.09e+10,1.0,195.733523090139,4.015971869881685,1.55e+05,782479.5234543199,953.3587162084666,1.153580217227621e-06,0.0,0.772502535894801,0.11211414358797986,0.0003078280509170113,0.9103945247092614,0.0,1189.37,
142,9278.2822,5.10e+10,1.0,195.7912023071501,4.020178172800666,1.55e+05,783298.0137767462,953.1246684762223,1.1464951852987752e-06,0.0,0.772920731898347,0.11325874322343063,0.0003057436522232505,0.9103673613418894,0.0,1189.37,
143,9345.9879,5.09e+10,1.0,195.55984861046898,4.0171461414287855,1.55e+05,782587.3210389127,953.4620407521224,1.1394648353828103e-06,0.0,0.7723582688315115,0.11155282883676033,0.00030873062327130903,0.9105484987079007,0.0,1189.37,
144,9417.4419,5.09e+10,1.0,195.55984861046898,4.0171461414287855,1.55e+05,782587.3210389127,953.4620407521224,1.1394648353828103e-06,0.0,0.7723582688315115,0.11155282883676033,0.00030873062327130903,0.9105484987079007,0.0,1189.37,
145,9483.3470,5.09e+10,1.0,195.45586215137837,4.012727763104406,1.55e+05,781739.0531897675,953.4360944264715,1.1390271198454713e-06,0.0,0.7719022177171369,0.1103006470565707,0.00031066265814299574,0.9105779417326083,0.0,1189.37,
146,9555.9323,5.09e+10,1.0,195.63230843505323,4.0177055885041,1.55e+05,782723.2477713921,953.2912789137777,1.1351628332422975e-06,0.0,0.7725059676798223,0.112004979069636,0.0003079370808846062,0.9105983779982001,0.0,1189.37,
147,9618.3061,5.09e+10,1.0,195.58986874488718,4.017160042714361,1.55e+05,782598.1462669373,953.3730846671415,1.1343007010249208e-06,0.0,0.7724134302495282,0.11173902871537889,0.0003084027222462731,0.9105967316828569,0.0,1189.37,
148,9688.5150,5.09e+10,1.0,195.58986874488718,4.017160042714361,1.55e+05,782598.1462669373,953.3730846671415,1.1343007010249208e-06,0.0,0.7724134302495282,0.11173902871537889,0.0003084027222462731,0.9105967316828569,0.0,1189.37,
149,9754.7173,5.09e+10,1.0,195.58986874488718,4.017160042714361,1.55e+05,782598.1462669373,953.3730846671415,1.1343007010249208e-06,0.0,0.7724134302495282,0.11173902871537889,0.0003084027222462731,0.9105967316828569,0.0,1189.37,
150,9827.1503,5.09e+10,1.0,195.58986874488718,4.017160042714361,1.55e+05,782598.1462669373,953.3730846671415,1.1343007010249208e-06,0.0,0.7724134302495282,0.11173902871537889,0.0003084027222462731,0.9105967316828569,0.0,1189.37,
151,9901.5270,5.09e+10,1.0,195.75981195700808,4.0165940450784525,1.55e+05,782617.6716611037,953.4534561507384,1.1278119331319906e-06,0.0,0.7726010029040398,0.11197697745396591,0.000307848213142779,0.9105940000049304,0.0,1189.37,
152,9966.3654,5.09e+10,1.0,195.75981195700808,4.0165940450784525,1.55e+05,782617.6716611037,953.4534561507384,1.1278119331319906e-06,0.0,0.7726010029040398,0.11197697745396591,0.000307848213142779,0.9105940000049304,0.0,1189.37,
153,10035.2831,5.09e+10,1.0,196.23621937706076,4.018576421557832,1.55e+05,783291.7792102552,953.7980468110043,1.123786532812929e-06,0.0,0.773402275516659,0.11353891094726964,0.00030515643058022155,0.9105911746005677,0.0,1189.37,
154,10104.3941,5.09e+10,1.0,196.3482951455956,4.018251395830164,1.55e+05,783290.476823566,953.9658208932395,1.123322001927786e-06,0.0,0.7734906594184896,0.11339288500021664,0.0003054995783114064,0.9109887972682557,0.0,1189.37,
155,10173.0146,5.09e+10,1.0,196.09900501644103,4.016412271202124,1.55e+05,782813.9361262061,954.0495197925549,1.1133942316945479e-06,0.0,0.7730756797332287,0.11213894118190046,0.00030754562127494804,0.9112382640112622,0.0,1189.37,
156,10241.7162,5.09e+10,1.0,196.097564913065,4.015676971165666,1.55e+05,782694.86304244,953.9616960563449,1.1133245627876432e-06,0.0,0.7730455546370424,0.11218476866425424,0.0003073071084186051,0.9109994016097498,0.0,1189.37,
157,10309.3288,5.08e+10,1.0,196.00765764805342,4.0136035641280134,1.55e+05,782271.7742106605,954.1628499112106,1.1116358811060046e-06,0.0,0.7727942787723563,0.11131824786620927,0.00030857496542827144,0.9112032622546806,0.0,1189.37,
158,10380.1442,5.08e+10,1.0,196.00127386501134,4.012048635455704,1.55e+05,781993.064108064,954.0911591577894,1.110001863618506e-06,0.0,0.7726436407896029,0.11096748330586098,0.0003090652773944509,0.9111250695239428,0.0,1189.37,
159,10451.9646,5.08e+10,1.0,196.00127386501134,4.012048635455704,1.55e+05,781993.064108064,954.0911591577894,1.110001863618506e-06,0.0,0.7726436407896029,0.11096748330586098,0.0003090652773944509,0.9111250695239428,0.0,1189.37,
160,10522.1005,5.08e+10,1.0,196.00127386501134,4.012048635455704,1.55e+05,781993.064108064,954.0911591577894,1.110001863618506e-06,0.0,0.7726436407896029,0.11096748330586098,0.0003090652773944509,0.9111250695239428,0.0,1189.37,
161,10586.6033,5.08e+10,1.0,196.29859934679791,4.01237258806064,1.55e+05,782259.0138694032,954.3869438639804,1.1092195340312077e-06,0.0,0.7730781963667124,0.1115502104116072,0.000308090988603198,0.9112581838260827,0.0,1189.37,
162,10653.3451,5.08e+10,1.0,196.01386791440177,4.011574663467981,1.55e+05,781932.67652297,954.2741264085467,1.1079777610315377e-06,0.0,0.7726779281071664,0.11066593536206341,0.0003095950905663046,0.9113636741108795,0.0,1189.37,
163,10720.8926,5.08e+10,1.0,196.01386791440177,4.011574663467981,1.55e+05,781932.67652297,954.2741264085467,1.1079777610315377e-06,0.0,0.7726779281071664,0.11066593536206341,0.0003095950905663046,0.9113636741108795,0.0,1189.37,
164,10789.6532,5.11e+10,1.0,201.37443354474846,4.016342610088897,1.56e+05,786634.6411394624,959.2524248597886,1.0395041812605668e-06,0.0,0.7792851801047443,0.12257377217876549,0.00028945354654062825,0.9122881651571191,0.0,1189.37,
165,10861.3585,5.11e+10,1.0,201.37443354474846,4.016342610088897,1.56e+05,786634.6411394624,959.2524248597886,1.0395041812605668e-06,0.0,0.7792851801047443,0.12257377217876549,0.00028945354654062825,0.9122881651571191,0.0,1189.37,
166,10933.1729,5.11e+10,1.0,201.01105499590233,4.020840525469473,1.56e+05,787203.8020667647,959.1181088425758,1.024624607112867e-06,0.0,0.7794009147199497,0.12348268095413029,0.00028832744506265774,0.9121344573214519,0.0,1189.37,
167,10996.1963,5.12e+10,1.0,202.8872555766502,4.019253823243487,1.56e+05,788482.8074551022,961.4828439690989,1.0009158875226362e-06,0.0,0.7816822874886793,0.12596525062988378,0.0002841477616302216,0.9133067583502641,0.0,1189.37,
168,11065.6138,5.12e+10,1.0,202.8872555766502,4.019253823243487,1.56e+05,788482.8074551022,961.4828439690989,1.0009158875226362e-06,0.0,0.7816822874886793,0.12596525062988378,0.0002841477616302216,0.9133067583502641,0.0,1189.37,
169,11129.6782,5.12e+10,1.0,202.95624253104643,4.01541707682976,1.56e+05,787955.6809657584,961.9234183250244,9.86976234746682e-07,0.0,0.7815294348091351,0.12443050045172802,0.00028660282618215454,0.9139214574868151,0.0,1189.37,
170,11196.9935,5.11e+10,1.0,202.75308570962576,4.010650095366448,1.56e+05,787034.8983256601,962.1543717426173,9.787058311203004e-07,0.0,0.7810095657179179,0.12234946122869053,0.0002898215265933741,0.9143336446947463,0.0,1189.37,
171,11268.4616,5.11e+10,1.0,202.6138766649451,4.010648508905746,1.56e+05,786873.8954732579,962.2219164580177,9.745663052172894e-07,0.0,0.7808273612590162,0.12227109102428488,0.00028976139079862245,0.9142109278648347,0.0,1189.37,
172,11337.8558,5.12e+10,1.0,203.01524045049257,4.014620818252908,1.56e+05,787923.7392766995,962.493757225518,9.676771207663296e-07,0.0,0.7816831014193373,0.12415956746863888,0.0002869765304870831,0.9142720212849065,0.0,1189.37,
173,11408.2809,5.12e+10,1.0,202.76530266311735,4.0140637754074975,1.56e+05,787644.6435712865,962.4100348388051,9.603050778298691e-07,0.0,0.7813907331348939,0.12356280717490128,0.00028795252447788057,0.9142804915687668,0.0,1189.37,
174,11473.6965,5.12e+10,1.0,203.73541528015693,4.012307407396432,1.56e+05,788225.5673668857,964.5111036460028,9.492288763901305e-07,0.0,0.782748739843827,0.12441298030653267,0.00028647858257401556,0.9154502644575461,0.0,1189.37,
175,11539.9858,5.12e+10,1.0,203.73541528015693,4.012307407396432,1.56e+05,788225.5673668857,964.5111036460028,9.492288763901305e-07,0.0,0.782748739843827,0.12441298030653267,0.00028647858257401556,0.9154502644575461,0.0,1189.37,
176,11607.5994,5.08e+10,1.0,211.5038973968484,3.9708555112519184,1.56e+05,785192.7896761555,982.3078609194316,9.238486127268199e-07,0.0,0.7896424655324066,0.15379399089527426,0.00022906207196843583,0.9092563599025718,0.0,1189.37,
177,11676.1408,5.10e+10,1.0,203.7544062277614,3.989628274359429,1.56e+05,784692.59673164,970.5865610726676,7.954043170700056e-07,0.0,0.7827841663196353,0.12255314952057728,0.0002884646400596789,0.9114805999687595,0.0,1189.37,
178,11745.3439,5.10e+10,1.0,203.7544062277614,3.989628274359429,1.56e+05,784692.59673164,970.5865610726676,7.954043170700056e-07,0.0,0.7827841663196353,0.12255314952057728,0.0002884646400596789,0.9114805999687595,0.0,1189.37,
179,11817.5767,5.08e+10,1.0,205.7456162275173,3.9693079469754258,1.56e+05,782679.4935444174,978.5301952553491,6.192741058463965e-07,0.0,0.7849260578129837,0.127346985673315,0.0002784958631211434,0.9085186531940703,0.0,1189.37,
180,11888.9887,5.06e+10,1.0,206.66766205036515,3.946048053128857,1.56e+05,779797.6833760426,986.0645486030305,5.634797925745852e-07,0.0,0.7861655372015981,0.12702097992163264,0.0002777382750038812,0.9056633332867015,0.0,1189.37,
181,11958.4960,5.06e+10,1.0,206.52880262385239,3.9458178848960825,1.56e+05,779585.8079208798,985.2595375751678,5.631334828963495e-07,0.0,0.7857126787627877,0.1263137637021504,0.0002788370912174065,0.9055712604532447,0.0,1189.37,
182,12030.4402,5.05e+10,1.0,206.62298445298967,3.9429161965483055,1.56e+05,779115.689215604,985.8864771452982,5.585367896093924e-07,0.0,0.785735238529134,0.12675026658638205,0.00027775165848274475,0.9049714373463135,0.0,1189.37,
183,12092.9751,5.07e+10,1.0,206.37058642105458,3.9587490905658322,1.56e+05,781432.8538500485,981.4540343019596,5.574475034236737e-07,0.0,0.7854981050641702,0.12776955985144317,0.0002768359195939265,0.9074120056647859,0.0,1189.37,
184,12163.8086,5.06e+10,1.0,206.65199419673016,3.9520946428553794,1.56e+05,780680.8659006871,984.1284310546382,5.438356959548174e-07,0.0,0.7860432779070654,0.12749144935781845,0.0002770441667843583,0.9069026356565884,0.0,1189.37,
185,12234.3535,5.06e+10,1.0,206.65199419673016,3.9520946428553794,1.56e+05,780680.8659006871,984.1284310546382,5.438356959548174e-07,0.0,0.7860432779070654,0.12749144935781845,0.0002770441667843583,0.9069026356565884,0.0,1189.37,
186,12301.4827,5.07e+10,1.0,206.86919840153092,3.9592067441835495,1.56e+05,782034.9928199857,983.2366473377767,5.321240369358362e-07,0.0,0.7866675380383326,0.12900329727289706,0.0002750283115051997,0.9068571439704805,0.0,1189.37,
187,12371.7296,5.07e+10,1.0,206.87103448411352,3.9578632973395442,1.56e+05,781862.21787868,983.676036835049,5.071496742642273e-07,0.0,0.7867781061000504,0.12907685772648642,0.000274830836842153,0.9065227462691412,0.0,1189.37,
188,12442.3580,5.07e+10,1.0,206.87103448411352,3.9578632973395442,1.56e+05,781862.21787868,983.676036835049,5.071496742642273e-07,0.0,0.7867781061000504,0.12907685772648642,0.000274830836842153,0.9065227462691412,0.0,1189.37,
189,12515.2166,5.07e+10,1.0,206.88677095872592,3.9562949758068937,1.56e+05,781623.697805601,984.0650446187408,5.05911246899331e-07,0.0,0.7867568103449034,0.12875816204296928,0.0002753650158530224,0.9061508083610359,0.0,1189.37,
190,12580.9135,5.07e+10,1.0,206.88677095872592,3.9562949758068937,1.56e+05,781623.697805601,984.0650446187408,5.05911246899331e-07,0.0,0.7867568103449034,0.12875816204296928,0.0002753650158530224,0.9061508083610359,0.0,1189.37,
191,12651.6162,5.07e+10,1.0,206.88677095872592,3.9562949758068937,1.56e+05,781623.697805601,984.0650446187408,5.05911246899331e-07,0.0,0.7867568103449034,0.12875816204296928,0.0002753650158530224,0.9061508083610359,0.0,1189.37,
192,12726.0850,5.07e+10,1.0,206.88677095872592,3.9562949758068937,1.56e+05,781623.697805601,984.0650446187408,5.05911246899331e-07,0.0,0.7867568103449034,0.12875816204296928,0.0002753650158530224,0.9061508083610359,0.0,1189.37,
193,12796.6112,5.07e+10,1.0,207.92708527174608,3.9623412488966334,1.56e+05,783563.5825325842,983.9962435130956,4.5722018307021537e-07,0.0,0.7884608415679394,0.12998329825677168,0.00027366416508033494,0.903812262951119,0.0,1189.37,
194,12868.1243,5.07e+10,1.0,207.92708527174608,3.9623412488966334,1.56e+05,783563.5825325842,983.9962435130956,4.5722018307021537e-07,0.0,0.7884608415679394,0.12998329825677168,0.00027366416508033494,0.903812262951119,0.0,1189.37,
195,12939.2661,5.07e+10,1.0,207.75778293044135,3.9571532432478778,1.56e+05,782653.1433859864,984.9854433057105,4.3331577009838793e-07,0.0,0.788351989010162,0.12908807701803715,0.00027463998318757766,0.9027797540712943,0.0,1189.37,
196,13013.8119,5.07e+10,1.0,207.75778293044135,3.9571532432478778,1.56e+05,782653.1433859864,984.9854433057105,4.3331577009838793e-07,0.0,0.788351989010162,0.12908807701803715,0.00027463998318757766,0.9027797540712943,0.0,1189.37,
197,13086.5291,5.07e+10,1.0,207.75778293044135,3.9571532432478778,1.56e+05,782653.1433859864,984.9854433057105,4.3331577009838793e-07,0.0,0.788351989010162,0.12908807701803715,0.00027463998318757766,0.9027797540712943,0.0,1189.37,
198,13157.4846,5.09e+10,1.0,208.20921959827453,3.9404488487176303,1.57e+05,780175.8621075253,989.2710184229397,3.8500262681326764e-07,0.0,0.7887814030811822,0.1320502544257049,0.00026738405941886123,0.9050925900931871,0.0,1189.37,
199,13212.6988,5.10e+10,1.0,208.65675774000667,3.9443488321502804,1.57e+05,781120.0268348705,989.1427582267903,3.7178794991040556e-07,0.0,0.7894142641333695,0.13400137219688193,0.00026436362246970175,0.9058942928241985,0.0,1189.37,
200,13264.6412,5.10e+10,1.0,208.65675774000667,3.9443488321502804,1.57e+05,781120.0268348705,989.1427582267903,3.7178794991040556e-07,0.0,0.7894142641333695,0.13400137219688193,0.00026436362246970175,0.9058942928241985,0.0,1189.37,
201,13315.8037,5.10e+10,1.0,208.60717142001272,3.9407063333259362,1.57e+05,780489.4508900959,989.8465394996737,3.670439280308543e-07,0.0,0.7893298617017194,0.13383190090280697,0.00026421319607661893,0.9057757217407187,0.0,1189.37,
202,13364.5581,5.11e+10,1.0,208.77013758156906,3.937772503052556,1.57e+05,780092.3343359877,990.961454961116,3.4677796143371253e-07,0.0,0.789610533012564,0.13590617069523442,0.0002600752177478794,0.9068618254315226,0.0,1189.37,
203,13416.1361,5.11e+10,1.0,208.77013758156906,3.937772503052556,1.57e+05,780092.3343359877,990.961454961116,3.4677796143371253e-07,0.0,0.789610533012564,0.13590617069523442,0.0002600752177478794,0.9068618254315226,0.0,1189.37,
204,13467.7041,5.11e+10,1.0,208.8483345790201,3.9361783952804648,1.57e+05,779774.0980412443,991.2673067379726,3.4022541969085625e-07,0.0,0.7894865826420301,0.13655670920440333,0.00025862372586892793,0.90638453337769,0.0,1189.37,
205,13517.8248,5.10e+10,1.0,208.84847297290946,3.9345968086095393,1.57e+05,779452.8320285331,991.6531322613931,3.3400339764947854e-07,0.0,0.7894299752353698,0.13702588188256254,0.00025747489494764436,0.9047760437393273,0.0,1189.37,
206,13569.7681,5.10e+10,1.0,209.07817943870782,3.9355219041727016,1.57e+05,779879.3210945721,992.1112120370483,3.225081320948543e-07,0.0,0.7900342308947261,0.1378016409885694,0.00025627137207511966,0.9048702076071538,0.0,1189.37,
207,13621.5138,5.11e+10,1.0,209.41932927437796,3.9346256461940854,1.57e+05,780048.8736846,993.046593109815,3.1735088703181414e-07,0.0,0.7906580011934349,0.13890091362233525,0.00025428994172012857,0.9049109285510015,0.0,1189.37,
208,13670.4563,5.11e+10,1.0,209.4119823356266,3.9326986061503666,1.57e+05,779665.2726290559,993.4128498496314,3.1710256818490846e-07,0.0,0.7905360179887848,0.13930908106414913,0.0002532516021364541,0.9046942148691939,0.0,1189.37,
209,13719.5931,5.12e+10,1.0,209.27832896695725,3.9333141740858677,1.57e+05,779683.2149886363,992.9285582476991,3.152925064092929e-07,0.0,0.7902391983745645,0.13841166530165172,0.0002550784760080472,0.9067631983739741,0.0,1189.37,
210,13769.4375,5.11e+10,1.0,209.3265942789024,3.9325972754824257,1.57e+05,779559.9570400794,993.2317937953386,3.10384300838826e-07,0.0,0.790312851881306,0.13916601805531248,0.00025352595850419544,0.9059486240899624,0.0,1189.37,
211,13819.9185,5.11e+10,1.0,209.30951478256213,3.931139057064796,1.57e+05,779272.1508270893,993.3266248182739,3.0815244057974066e-07,0.0,0.7901022067846206,0.13875948701413854,0.0002541812146985188,0.9065627806231216,0.0,1189.37,
212,13871.2822,5.11e+10,1.0,209.36031865070692,3.9267889835091543,1.57e+05,778368.6935127955,993.6083490329856,3.0281826734776904e-07,0.0,0.7893336132506834,0.1380970981195197,0.00025493005586471785,0.9078293257905359,0.0,1189.37,
213,13921.6421,5.11e+10,1.0,209.41213107862686,3.928295452450726,1.57e+05,778729.2596913705,993.642526238006,2.981283102889802e-07,0.0,0.7896884961935384,0.13846160683091818,0.0002544157838317102,0.9068987524289926,0.0,1189.37,
214,13969.9000,5.11e+10,1.0,209.63802370466559,3.9292137390177704,1.57e+05,779020.8919759791,993.8047830635328,2.9688747656682556e-07,0.0,0.7899487983042014,0.13909087353409597,0.0002534143427340618,0.9062281781043837,0.0,1189.37,
215,14020.1328,5.10e+10,1.0,209.7882006607927,3.9280279177332016,1.57e+05,778873.7819099791,994.21995597157,2.8857172902166834e-07,0.0,0.7899886390706758,0.13944926657189513,0.00025266553308552576,0.9053513140405999,0.0,1189.37,
216,14072.7047,5.10e+10,1.0,209.7882006607927,3.9280279177332016,1.57e+05,778873.7819099791,994.21995597157,2.8857172902166834e-07,0.0,0.7899886390706758,0.13944926657189513,0.00025266553308552576,0.9053513140405999,0.0,1189.37,
217,14121.9185,5.10e+10,1.0,210.07887679497497,3.9237049047317223,1.57e+05,778209.4989161601,995.273750375974,2.7419088512026066e-07,0.0,0.789846814006748,0.14029649424910132,0.0002507144274872199,0.905657755185438,0.0,1189.37,
218,14172.9500,5.10e+10,1.0,210.07887679497497,3.9237049047317223,1.57e+05,778209.4989161601,995.273750375974,2.7419088512026066e-07,0.0,0.789846814006748,0.14029649424910132,0.0002507144274872199,0.905657755185438,0.0,1189.37,
219,14222.8934,5.10e+10,1.0,210.07887679497497,3.9237049047317223,1.57e+05,778209.4989161601,995.273750375974,2.7419088512026066e-07,0.0,0.789846814006748,0.14029649424910132,0.0002507144274872199,0.905657755185438,0.0,1189.37,
220,14275.7656,5.10e+10,1.0,210.07887679497497,3.9237049047317223,1.57e+05,778209.4989161601,995.273750375974,2.7419088512026066e-07,0.0,0.789846814006748,0.14029649424910132,0.0002507144274872199,0.905657755185438,0.0,1189.37,
221,14327.1313,5.10e+10,1.0,210.07887679497497,3.9237049047317223,1.57e+05,778209.4989161601,995.273750375974,2.7419088512026066e-07,0.0,0.789846814006748,0.14029649424910132,0.0002507144274872199,0.905657755185438,0.0,1189.37,
222,14375.3693,5.10e+10,1.0,210.07887679497497,3.9237049047317223,1.57e+05,778209.4989161601,995.273750375974,2.7419088512026066e-07,0.0,0.789846814006748,0.14029649424910132,0.0002507144274872199,0.905657755185438,0.0,1189.37,
223,14425.2927,5.10e+10,1.0,210.07887679497497,3.9237049047317223,1.57e+05,778209.4989161601,995.273750375974,2.7419088512026066e-07,0.0,0.789846814006748,0.14029649424910132,0.0002507144274872199,0.905657755185438,0.0,1189.37,
224,14478.0448,5.10e+10,1.0,210.07887679497497,3.9237049047317223,1.57e+05,778209.4989161601,995.273750375974,2.7419088512026066e-07,0.0,0.789846814006748,0.14029649424910132,0.0002507144274872199,0.905657755185438,0.0,1189.37,
225,14531.8047,5.10e+10,1.0,210.07887679497497,3.9237049047317223,1.57e+05,778209.4989161601,995.273750375974,2.7419088512026066e-07,0.0,0.789846814006748,0.14029649424910132,0.0002507144274872199,0.905657755185438,0.0,1189.37,
226,14579.1339,5.07e+10,1.0,209.6354582013712,3.9354158405049953,1.57e+05,780483.989659718,994.5824489145814,2.698231467947757e-07,0.0,0.7913146948756333,0.13867243504010746,0.0002552337676138671,0.9020869146763086,0.0,1189.37,
227,14630.5908,5.05e+10,1.0,209.27723648106343,3.94555414354552,1.57e+05,782549.9361073548,994.3959445449786,2.642581603962947e-07,0.0,0.7928048505607495,0.13746243421080198,0.00025888790176630135,0.8997089958132729,0.0,1189.37,
228,14681.3560,5.03e+10,1.0,208.69131304070277,3.9581441982461394,1.57e+05,784870.4082542559,993.2773001311443,2.5621153370698086e-07,0.0,0.7941320679096167,0.13558741369870406,0.0002640046518050568,0.8981269560416328,0.0,1189.37,
229,14730.4052,5.02e+10,1.0,208.87480267355474,3.9646582064981306,1.57e+05,786524.2294508226,993.9122519641247,2.530659938041684e-07,0.0,0.7955832192044139,0.13548381007848648,0.00026534937647161973,0.8955835759537512,0.0,1189.37,
230,14779.6370,5.05e+10,1.0,209.51575449395585,3.9575954306890266,1.57e+05,785243.8548852215,994.0738312667768,2.426852776610575e-07,0.0,0.794705746647769,0.13740812840186784,0.00026087231730510384,0.8974988119585399,0.0,1189.37,
231,14827.2624,5.03e+10,1.0,208.9347277605558,3.958434950552773,1.57e+05,785114.2439138999,993.6598906739671,2.3672065690936302e-07,0.0,0.7944546167375669,0.1360532441865222,0.00026331030154891214,0.8975966250924515,0.0,1189.37,
232,14881.6259,5.02e+10,1.0,208.94150890111993,3.967349615229554,1.57e+05,787050.6953924004,993.634248468011,2.2577673431311463e-07,0.0,0.7958974550291568,0.13602458381394475,0.0002647118989601246,0.8966565677016874,0.0,1189.37,
233,14930.8848,5.02e+10,1.0,208.95155577003368,3.9651576384929745,1.57e+05,786656.6397129773,993.9342849503867,2.188823237012735e-07,0.0,0.7957664456050828,0.1359483921860428,0.00026460963092266005,0.8963153838734412,0.0,1189.37,
234,14983.4476,5.02e+10,1.0,208.9574786297691,3.966859307746102,1.57e+05,787040.4604167184,994.318694601358,2.1074446461248197e-07,0.0,0.7962206958337867,0.1364573893646368,0.0002638871626214832,0.8972167273066404,0.0,1189.37,
235,15031.9019,5.01e+10,1.0,208.88149512296437,3.965740104487903,1.57e+05,786805.44174721,994.5768811218259,1.9952276654386972e-07,0.0,0.7962047512244745,0.13645193358988614,0.0002637151229281824,0.8969912464950225,0.0,1189.37,
236,15080.9185,5.02e+10,1.0,209.12558692817802,3.9589613106824375,1.57e+05,785523.6340801646,995.0467026669508,1.9098837881697017e-07,0.0,0.7954883377933524,0.1373094262696799,0.0002611914421613632,0.8987358187552085,0.0,1189.37,
237,15132.7937,5.02e+10,1.0,209.12558692817802,3.9589613106824375,1.57e+05,785523.6340801646,995.0467026669508,1.9098837881697017e-07,0.0,0.7954883377933524,0.1373094262696799,0.0002611914421613632,0.8987358187552085,0.0,1189.37,
238,15180.1338,5.02e+10,1.0,209.12558692817802,3.9589613106824375,1.57e+05,785523.6340801646,995.0467026669508,1.9098837881697017e-07,0.0,0.7954883377933524,0.1373094262696799,0.0002611914421613632,0.8987358187552085,0.0,1189.37,
239,15230.1984,5.02e+10,1.0,209.04468918482922,3.961609394954149,1.57e+05,786075.1022128481,995.0773909088934,1.8756510431636758e-07,0.0,0.7959354145422979,0.13712951791259698,0.00026191953107474266,0.8983159898911381,0.0,1189.37,
240,15280.5674,5.01e+10,1.0,208.89604889823397,3.9615419571649273,1.57e+05,786101.0586947228,995.7503626994668,1.79912565159147e-07,0.0,0.7962877121664167,0.13719588490255574,0.0002618206100234278,0.8989091038065808,0.0,1189.37,
241,15329.0185,5.02e+10,1.0,209.13620425812027,3.959942520655975,1.57e+05,785882.0585675563,995.7762280912061,1.7843889152407395e-07,0.0,0.7961778786149742,0.13773408399911327,0.0002606280096309721,0.8996478693893035,0.0,1189.37,
242,15380.8907,5.01e+10,1.0,209.04318029028195,3.9588348812350382,1.57e+05,785842.1430508362,996.9790636777992,1.6906153791962219e-07,0.0,0.7967946461587145,0.1378847798240161,0.0002603120663169698,0.8995298622275687,0.0,1189.37,
243,15428.6232,5.01e+10,1.0,209.04318029028195,3.9588348812350382,1.57e+05,785842.1430508362,996.9790636777992,1.6906153791962219e-07,0.0,0.7967946461587145,0.1378847798240161,0.0002603120663169698,0.8995298622275687,0.0,1189.37,
244,15479.1812,5.01e+10,1.0,209.04318029028195,3.9588348812350382,1.57e+05,785842.1430508362,996.9790636777992,1.6906153791962219e-07,0.0,0.7967946461587145,0.1378847798240161,0.0002603120663169698,0.8995298622275687,0.0,1189.37,
245,15529.5030,5.00e+10,1.0,208.85533279469809,3.963053639309204,1.57e+05,786659.6327120796,996.8830438515981,1.6826695860108517e-07,0.0,0.797377656876546,0.13742766338642604,0.00026173826664539144,0.8988952212672455,0.0,1189.37,
246,15577.9461,5.00e+10,1.0,208.85533279469809,3.963053639309204,1.57e+05,786659.6327120796,996.8830438515981,1.6826695860108517e-07,0.0,0.797377656876546,0.13742766338642604,0.00026173826664539144,0.8988952212672455,0.0,1189.37,
247,15632.7250,5.00e+10,1.0,208.8539890565354,3.965092284242478,1.57e+05,787160.7596741013,997.049395379898,1.6696593443328047e-07,0.0,0.7978881431485985,0.13737968869805256,0.0002621654293159506,0.8985644821117873,0.0,1189.37,
248,15685.5071,5.01e+10,1.0,209.04752720705198,3.9622388406065223,1.57e+05,786574.9678940775,996.8573035309475,1.5856131684268602e-07,0.0,0.797300110886431,0.13790062816647236,0.00026080896346582043,0.897644634288163,0.0,1189.37,
249,15735.1433,5.01e+10,1.0,209.09577746338658,3.9640516862995083,1.57e+05,786963.0073549954,996.6107444605273,1.5539496516245933e-07,0.0,0.7974975715240447,0.13778032214656777,0.000261281191001894,0.8976317812029305,0.0,1189.37,
250,15787.4109,5.00e+10,1.0,209.27795127117224,3.955612150010508,1.57e+05,785376.9352393404,997.7340166411036,1.4980190133951796e-07,0.0,0.7968803636239061,0.13880743152671382,0.00025833970877072213,0.8962934738287729,0.0,1189.37,
251,15839.0669,5.01e+10,1.0,209.31953146066047,3.9593773602726747,1.57e+05,786175.2423617111,997.2504193812853,1.4632519359034996e-07,0.0,0.7972707803900705,0.13845828287413403,0.00025949480630748034,0.8969735246629613,0.0,1189.37,
252,15888.8012,5.01e+10,1.0,209.35932677043928,3.960362049238074,1.57e+05,786420.6500729449,997.2606396566862,1.4089139940070837e-07,0.0,0.7974848094871635,0.13851793230538972,0.00025956251689394666,0.8961926815802771,0.0,1189.37,
253,15938.4374,5.01e+10,1.0,209.35932677043928,3.960362049238074,1.57e+05,786420.6500729449,997.2606396566862,1.4089139940070837e-07,0.0,0.7974848094871635,0.13851793230538972,0.00025956251689394666,0.8961926815802771,0.0,1189.37,
254,15989.0025,5.01e+10,1.0,209.35932677043928,3.960362049238074,1.57e+05,786420.6500729449,997.2606396566862,1.4089139940070837e-07,0.0,0.7974848094871635,0.13851793230538972,0.00025956251689394666,0.8961926815802771,0.0,1189.37,
255,16042.8555,5.01e+10,1.0,209.35932677043928,3.960362049238074,1.57e+05,786420.6500729449,997.2606396566862,1.4089139940070837e-07,0.0,0.7974848094871635,0.13851793230538972,0.00025956251689394666,0.8961926815802771,0.0,1189.37,
256,16095.9169,5.01e+10,1.0,209.596696050527,3.955120812440888,1.57e+05,785570.7046948979,998.1962468889717,1.391185456924307e-07,0.0,0.7973598688183379,0.13928234714814597,0.0002575460922218273,0.8955698545799213,0.0,1189.37,
257,16145.8944,5.02e+10,1.0,209.6667114503688,3.955587793089051,1.57e+05,785648.9916041528,997.8637212924502,1.3686381292275413e-07,0.0,0.7972507979324135,0.1393231692379584,0.00025753730063596465,0.8951139985629539,0.0,1189.37,
258,16197.3923,5.02e+10,1.0,209.6667114503688,3.955587793089051,1.57e+05,785648.9916041528,997.8637212924502,1.3686381292275413e-07,0.0,0.7972507979324135,0.1393231692379584,0.00025753730063596465,0.8951139985629539,0.0,1189.37,
259,16249.5688,5.02e+10,1.0,209.59186060619703,3.956436038920566,1.57e+05,785852.3497253929,998.022418220015,1.3498215640595835e-07,0.0,0.797491913523324,0.13921688098669616,0.00025784360273188394,0.8963244288062007,0.0,1189.37,
260,16299.0048,5.02e+10,1.0,209.57193411396642,3.954952163058574,1.57e+05,785674.1874687797,998.8801213805921,1.305725609049974e-07,0.0,0.7977956675572755,0.13958687520439075,0.0002570388921218409,0.8961537373558737,0.0,1189.37,
261,16350.1644,5.03e+10,1.0,209.52793225086475,3.9590860197628417,1.57e+05,786449.0162322622,998.1266920085811,1.2908521892568953e-07,0.0,0.7979864685233162,0.13920332066480198,0.0002582663082592938,0.8972081887193277,0.0,1189.37,
262,16401.0126,5.02e+10,1.0,209.65701119858497,3.953240011369658,1.57e+05,785357.084791339,998.8992351236953,1.2626029293048694e-07,0.0,0.7975783060831185,0.13972134788514748,0.00025656213188508543,0.8963739110837978,0.0,1189.37,
263,16450.8680,5.03e+10,1.0,209.60596311733383,3.954071786309263,1.57e+05,785577.4294082618,999.141318897613,1.1642271639363741e-07,0.0,0.7978676608608515,0.13975421739301153,0.0002566378707325446,0.8972061576047794,0.0,1189.37,
264,16499.1000,5.04e+10,1.0,209.52087843165418,3.9596803238954883,1.57e+05,786846.3830955672,999.243481756683,1.0254271094546195e-07,0.0,0.7989022616096628,0.13963643065493817,0.0002576991297880499,0.8980932770452061,0.0,1189.37,
265,16549.7461,5.04e+10,1.0,209.45208419562147,3.9597758748670104,1.57e+05,786862.8474850145,999.358862675222,9.347067306544667e-08,0.0,0.7989527432557237,0.13958107336795714,0.0002578038945893591,0.8989453633127973,0.0,1189.37,
