Loop,Time,r0-A,p0-C0,p0-Cpa,r0-E,r0-Hp,p0-K,Value,r0-Xi,p0-eps,p0-ka,r0-n,r0-nO2,p0-rho,
-1,0,4.30e+10,1.0,2229.7002042965987,1.39e+05,1336591.6887861195,1647.167931806898,0.0009122792469985493,0.0,0.7862457981299802,0.27815948907583304,1.0644296163516112,0.0,1189.37,
0,13.4499,5.20e+10,1.0,1886.4968046503332,1.54e+05,903984.3417191595,3342.6990120492137,0.000721309387886916,0.0,0.8142793807293569,0.6119582052938284,0.9764884290829674,0.0,1189.37,
1,26.7215,4.71e+10,1.0,2102.7743858048725,1.43e+05,1192004.8267489919,2234.7903063951094,0.0005625793905616422,0.0,0.7913402863274901,0.45023901733933414,0.9845116071931262,0.0,1189.37,
2,39.0969,5.09e+10,1.0,2229.85256213705,1.50e+05,985027.1175874325,1550.1729651504484,0.00018937129626702846,0.0,0.8216142431340336,0.3906295155631133,1.0708541363248494,0.0,1189.37,
3,52.7788,5.09e+10,1.0,2229.85256213705,1.50e+05,985027.1175874325,1550.1729651504484,0.00018937129626702846,0.0,0.8216142431340336,0.3906295155631133,1.0708541363248494,0.0,1189.37,
4,65.7628,5.50e+10,1.0,2222.0541830729608,1.57e+05,950390.2110889549,1756.7367420886242,9.50683991679263e-05,0.0,0.8879673572814168,0.4526396379307166,1.0837323523360367,0.0,1189.37,
5,79.5476,5.50e+10,1.0,2222.0541830729608,1.57e+05,950390.2110889549,1756.7367420886242,9.50683991679263e-05,0.0,0.8879673572814168,0.4526396379307166,1.0837323523360367,0.0,1189.37,
6,97.1844,5.49e+10,1.0,2218.740290967549,1.55e+05,987710.6502182006,1406.771465497542,9.227363937937795e-05,0.0,0.8920499136093436,0.3636223615799374,1.074986595562089,0.0,1189.37,
7,117.1396,5.51e+10,1.0,2219.795617959103,1.59e+05,947157.297954069,1510.2649392051158,8.152421887837513e-05,0.0,0.913560894887872,0.45056309120475035,1.0875558590300527,0.0,1189.37,
8,135.2661,5.51e+10,1.0,2219.795617959103,1.59e+05,947157.297954069,1510.2649392051158,8.152421887837513e-05,0.0,0.913560894887872,0.45056309120475035,1.0875558590300527,0.0,1189.37,
9,154.9790,5.40e+10,1.0,2174.7665837666254,1.57e+05,930902.4913717918,1446.0672722207744,7.544188035877337e-05,0.0,0.886306410060334,0.42940880125782294,1.0502048798408272,0.0,1189.37,
10,183.7857,5.40e+10,1.0,2158.381379456734,1.58e+05,920546.5943165659,1251.2167607404926,6.726861595822919e-05,0.0,0.8928730652124014,0.42181096905199317,1.0479207380536837,0.0,1189.37,
11,211.5610,5.37e+10,1.0,2164.271368020608,1.55e+05,912301.5899013745,1300.0707777892171,6.0059136032020353e-05,0.0,0.8493791862172527,0.34912959759157225,1.01632048097316,0.0,1189.37,
12,241.9656,5.45e+10,1.0,2208.239194882697,1.55e+05,921620.1401315811,1091.291628478665,5.707411891719971e-05,0.0,0.8586691106873553,0.2866747104729768,1.0353956687401902,0.0,1189.37,
13,280.2434,5.57e+10,1.0,2244.2457759236286,1.57e+05,945256.5429251088,1163.7934700677565,5.705193902393467e-05,0.0,0.9134722125333069,0.3036440704954547,1.0865871227605444,0.0,1189.37,
14,322.3148,5.34e+10,1.0,2105.102565486104,1.56e+05,896311.9113367622,1129.441959837774,3.713291277180406e-05,0.0,0.8544667420047142,0.2882686863668239,0.9830870749517826,0.0,1189.37,
15,362.4153,5.29e+10,1.0,2079.257555199036,1.55e+05,879953.4231094364,1044.3875063621972,2.6082053943901194e-05,0.0,0.8360286297897744,0.27654586526396563,0.9571358450962334,0.0,1189.37,
16,404.2684,5.22e+10,1.0,2041.4817139699317,1.55e+05,862489.3892377007,976.4124908789076,1.980934539902914e-05,0.0,0.8103098472476493,0.29039960084709815,0.9278058358168828,0.0,1189.37,
17,447.7530,5.23e+10,1.0,2042.5627433351187,1.55e+05,861700.5826034276,963.8037466835444,1.2466879478343466e-05,0.0,0.8180937207704448,0.26583739902768166,0.9278507780749143,0.0,1189.37,
18,489.0916,5.23e+10,1.0,2042.5627433351187,1.55e+05,861700.5826034276,963.8037466835444,1.2466879478343466e-05,0.0,0.8180937207704448,0.26583739902768166,0.9278507780749143,0.0,1189.37,
19,532.1048,5.21e+10,1.0,2040.3077469266218,1.54e+05,859349.0995993786,922.8439154887199,8.341196776238425e-06,0.0,0.8075740033449171,0.2687397833585826,0.9218338241648845,0.0,1189.37,
20,573.5836,5.22e+10,1.0,2046.980846688062,1.54e+05,860249.473445974,900.5563900060106,7.065918961573198e-06,0.0,0.8052928075445804,0.26370759751521683,0.9236988780644844,0.0,1189.37,
21,612.6442,5.22e+10,1.0,2056.430976124895,1.54e+05,863989.6735832151,913.2074191904577,5.613769023209287e-06,0.0,0.8085787910534799,0.2671394703234552,0.9298283726365111,0.0,1189.37,
22,653.5054,5.22e+10,1.0,2056.430976124895,1.54e+05,863989.6735832151,913.2074191904577,5.613769023209287e-06,0.0,0.8085787910534799,0.2671394703234552,0.9298283726365111,0.0,1189.37,
23,697.2912,5.23e+10,1.0,2060.912831266351,1.54e+05,864917.7026670331,902.9301259343576,5.243855547674832e-06,0.0,0.8071676453988559,0.2676076387645605,0.9319111163515469,0.0,1189.37,
24,737.6570,5.23e+10,1.0,2063.808347035735,1.54e+05,865351.4278535745,894.0970187001665,4.7693120823815144e-06,0.0,0.8057155004171624,0.2667067352459369,0.9322167087043125,0.0,1189.37,
25,781.0605,5.23e+10,1.0,2064.882579629985,1.54e+05,864950.0901147898,891.0574347088354,3.939001631569518e-06,0.0,0.8044691564352735,0.2679016297521041,0.931948257404924,0.0,1189.37,
26,824.4470,5.22e+10,1.0,2061.234352113194,1.54e+05,863877.5948912197,898.6632097491774,3.588699534688359e-06,0.0,0.8054762537900679,0.2695367445430258,0.9307290146678138,0.0,1189.37,
27,868.2319,5.23e+10,1.0,2066.3391533757176,1.54e+05,865637.7677385103,900.4750442975396,3.475921639792232e-06,0.0,0.8057968918145156,0.2713510302181585,0.933860799796361,0.0,1189.37,
28,908.2163,5.23e+10,1.0,2066.3391533757176,1.54e+05,865637.7677385103,900.4750442975396,3.475921639792232e-06,0.0,0.8057968918145156,0.2713510302181585,0.933860799796361,0.0,1189.37,
29,949.4789,5.23e+10,1.0,2064.868678700114,1.54e+05,864944.8139513968,896.9803283040271,3.4206311742947985e-06,0.0,0.8053755011792314,0.2696724469720049,0.932444151991626,0.0,1189.37,
30,994.1876,5.23e+10,1.0,2066.143246272633,1.54e+05,865341.8241005344,898.3467217276866,3.3699830708945745e-06,0.0,0.805410157906563,0.2708221081541303,0.9333492126652561,0.0,1189.37,
31,1041.6428,5.23e+10,1.0,2066.143246272633,1.54e+05,865341.8241005344,898.3467217276866,3.3699830708945745e-06,0.0,0.805410157906563,0.2708221081541303,0.9333492126652561,0.0,1189.37,
32,1090.7355,5.11e+10,1.0,2032.6014353563041,1.55e+05,851521.4556806689,915.548506668486,3.0999117784128438e-06,0.0,0.8062369456598661,0.26766348559458175,0.9390722463941701,0.0,1189.37,
33,1137.8545,5.11e+10,1.0,2032.6014353563041,1.55e+05,851521.4556806689,915.548506668486,3.0999117784128438e-06,0.0,0.8062369456598661,0.26766348559458175,0.9390722463941701,0.0,1189.37,
34,1188.2704,5.11e+10,1.0,2030.1194155874628,1.55e+05,850694.3025210344,916.6286088500666,3.037549291298824e-06,0.0,0.806557083732963,0.26707181868700247,0.9389526806407399,0.0,1189.37,
35,1236.4943,5.11e+10,1.0,2030.1194155874628,1.55e+05,850694.3025210344,916.6286088500666,3.037549291298824e-06,0.0,0.806557083732963,0.26707181868700247,0.9389526806407399,0.0,1189.37,
36,1286.1045,5.07e+10,1.0,2018.6428934181436,1.55e+05,846334.7948777147,924.7406741699627,2.844929943804537e-06,0.0,0.8078208934110718,0.2655841127513139,0.9414576510520826,0.0,1189.37,
37,1335.7136,5.02e+10,1.0,2002.6413567621357,1.55e+05,840209.7845146295,934.6591819017433,2.674881369883432e-06,0.0,0.8093188957399344,0.26330290733957495,0.9442655076457852,0.0,1189.37,
38,1386.7691,5.02e+10,1.0,2000.9259998710995,1.55e+05,839504.5285008783,935.8194960066769,2.6332526385445805e-06,0.0,0.8093207152169856,0.26329933073986134,0.944740438368062,0.0,1189.37,
39,1437.3182,5.00e+10,1.0,2007.2459834375702,1.55e+05,841827.2100324312,936.3414143833521,2.5297031502659695e-06,0.0,0.8119841882295289,0.2640397552442041,0.9495667740773117,0.0,1189.37,
40,1486.8503,4.97e+10,1.0,1987.7150953498249,1.56e+05,834638.672308834,948.8962281098877,2.1403977543620515e-06,0.0,0.8120245606820666,0.2611820633174786,0.9496658893530097,0.0,1189.37,
41,1537.6916,4.98e+10,1.0,1991.764507133673,1.55e+05,835981.9053714374,945.9733406401051,2.041293162251166e-06,0.0,0.8114045797267212,0.26205437777258234,0.9492910348769479,0.0,1189.37,
42,1587.2827,4.98e+10,1.0,1991.764507133673,1.55e+05,835981.9053714374,945.9733406401051,2.041293162251166e-06,0.0,0.8114045797267212,0.26205437777258234,0.9492910348769479,0.0,1189.37,
43,1637.8188,4.98e+10,1.0,1991.764507133673,1.55e+05,835981.9053714374,945.9733406401051,2.041293162251166e-06,0.0,0.8114045797267212,0.26205437777258234,0.9492910348769479,0.0,1189.37,
44,1690.8310,4.96e+10,1.0,1989.54688825194,1.56e+05,835093.9330713445,949.2511728181621,2.0048656553489442e-06,0.0,0.8125024063050408,0.261895660261378,0.9517372563981209,0.0,1189.37,
45,1734.7130,4.97e+10,1.0,1990.6051726100995,1.56e+05,835408.7118416859,948.2838807353935,1.989017724772941e-06,0.0,0.8119754830455963,0.2622452052677979,0.9511736466212282,0.0,1189.37,
46,1783.1428,4.96e+10,1.0,1989.4775472818405,1.56e+05,835149.8951965563,948.9993108876242,1.988025554852879e-06,0.0,0.8124813489367232,0.2617362470559674,0.9513648553103019,0.0,1189.37,
47,1833.6408,4.96e+10,1.0,1989.1253064869156,1.56e+05,834951.468295356,950.9994102044934,1.952735955329737e-06,0.0,0.8128106450282737,0.261983965303916,0.9526095927001027,0.0,1189.37,
48,1884.6533,4.95e+10,1.0,1988.9618342459662,1.56e+05,835007.8350864423,951.1658279225528,1.927442840933798e-06,0.0,0.8133943387358247,0.2618426268271991,0.9531174110046787,0.0,1189.37,
49,1932.4908,4.97e+10,1.0,1992.6779473320325,1.56e+05,836454.5302433197,948.6485313338329,1.8776361802255638e-06,0.0,0.8130792059538894,0.2623454905957714,0.9524222606839086,0.0,1189.37,
50,1979.7158,4.96e+10,1.0,1991.740850213116,1.56e+05,836350.3538161088,951.4103815158194,1.7861515550591787e-06,0.0,0.8142802660406635,0.26222062338612384,0.9541992580730841,0.0,1189.37,
51,2030.1667,4.96e+10,1.0,1991.740850213116,1.56e+05,836350.3538161088,951.4103815158194,1.7861515550591787e-06,0.0,0.8142802660406635,0.26222062338612384,0.9541992580730841,0.0,1189.37,
52,2078.3376,4.95e+10,1.0,1990.6235007072733,1.56e+05,836022.1921277104,952.7964741185433,1.7767697178160642e-06,0.0,0.814966781068903,0.26202997043233583,0.9551553593538402,0.0,1189.37,
53,2126.8297,4.95e+10,1.0,1990.6235007072733,1.56e+05,836022.1921277104,952.7964741185433,1.7767697178160642e-06,0.0,0.814966781068903,0.26202997043233583,0.9551553593538402,0.0,1189.37,
54,2174.8401,4.92e+10,1.0,1988.7525957866533,1.56e+05,836100.3374655559,963.4331622934374,1.6540788415187708e-06,0.0,0.8190394312936239,0.26221222425704316,0.9621869600739383,0.0,1189.37,
55,2225.9397,4.92e+10,1.0,1988.6668038910175,1.56e+05,836077.2851030948,963.6865962398317,1.6241408498586224e-06,0.0,0.819211113536128,0.26228196332168197,0.962473267971145,0.0,1189.37,
56,2275.0504,4.92e+10,1.0,1988.6668038910175,1.56e+05,836077.2851030948,963.6865962398317,1.6241408498586224e-06,0.0,0.819211113536128,0.26228196332168197,0.962473267971145,0.0,1189.37,
57,2322.2414,4.92e+10,1.0,1991.5881896068724,1.56e+05,837358.9834806372,962.7382439768267,1.6159962601127783e-06,0.0,0.819683996596562,0.2628697744580536,0.9625146876308676,0.0,1189.37,
58,2369.9439,4.92e+10,1.0,1988.057981055987,1.56e+05,835647.2295121669,963.1400032502129,1.6048805296764378e-06,0.0,0.8183888520412782,0.2623712166914931,0.9616149862802381,0.0,1189.37,
59,2418.8925,4.92e+10,1.0,1988.057981055987,1.56e+05,835647.2295121669,963.1400032502129,1.6048805296764378e-06,0.0,0.8183888520412782,0.2623712166914931,0.9616149862802381,0.0,1189.37,
60,2469.2153,4.92e+10,1.0,1988.057981055987,1.56e+05,835647.2295121669,963.1400032502129,1.6048805296764378e-06,0.0,0.8183888520412782,0.2623712166914931,0.9616149862802381,0.0,1189.37,
61,2513.8039,4.93e+10,1.0,1985.4729128727486,1.56e+05,834084.3601061816,960.9327638480825,1.5879549990328865e-06,0.0,0.8161429864817799,0.26198219229738084,0.9591300716085251,0.0,1189.37,
62,2561.9153,4.93e+10,1.0,1985.4729128727486,1.56e+05,834084.3601061816,960.9327638480825,1.5879549990328865e-06,0.0,0.8161429864817799,0.26198219229738084,0.9591300716085251,0.0,1189.37,
63,2611.7245,4.93e+10,1.0,1984.5232969508033,1.56e+05,833673.0140906787,962.0327944241329,1.5808701760725083e-06,0.0,0.8161330606840493,0.26195867282943225,0.9595903375258639,0.0,1189.37,
64,2664.2383,4.93e+10,1.0,1984.0833838897481,1.56e+05,833509.1605548528,962.3916438930291,1.5670459235387719e-06,0.0,0.8162575357631292,0.2618934092330435,0.9598319067227601,0.0,1189.37,
65,2714.4640,4.94e+10,1.0,1978.7700223154916,1.56e+05,830639.6572377367,961.6614852670202,1.5576793174811547e-06,0.0,0.8132851674216283,0.261234585570577,0.9574408877998206,0.0,1189.37,
66,2760.3238,4.94e+10,1.0,1978.7700223154916,1.56e+05,830639.6572377367,961.6614852670202,1.5576793174811547e-06,0.0,0.8132851674216283,0.261234585570577,0.9574408877998206,0.0,1189.37,
67,2808.6938,4.94e+10,1.0,1978.3274865895683,1.56e+05,830562.5520650512,962.8908044270108,1.5559162604237413e-06,0.0,0.8137155992807693,0.2611921445464498,0.9581909874529078,0.0,1189.37,
68,2857.4983,4.94e+10,1.0,1978.4997016216312,1.56e+05,830489.9723329935,961.9570540878794,1.5338923115366066e-06,0.0,0.8133424688542897,0.26126855016496353,0.9577834695730463,0.0,1189.37,
69,2901.6966,4.94e+10,1.0,1978.3458238292224,1.56e+05,830418.3193433261,962.2616311207025,1.525242703720924e-06,0.0,0.8135980213214422,0.26133140388993825,0.95831151791906,0.0,1189.37,
70,2951.4049,4.94e+10,1.0,1978.0977202723602,1.56e+05,830348.3324118309,962.5213711601002,1.5217391328693318e-06,0.0,0.813547826505499,0.2612565562546213,0.9582144388714895,0.0,1189.37,
71,2999.8990,4.94e+10,1.0,1978.3462332551576,1.56e+05,830433.7740151465,962.1615715768276,1.5205493473873129e-06,0.0,0.8134858379111107,0.2612791542682453,0.9580532849841902,0.0,1189.37,
72,3050.3150,4.94e+10,1.0,1977.3547014252263,1.56e+05,829794.3409096877,961.5854157476681,1.517184022430687e-06,0.0,0.8128009776571472,0.26120795344084263,0.9576105212631996,0.0,1189.37,
73,3101.4118,4.94e+10,1.0,1977.2268407605284,1.56e+05,829809.0356919348,961.9197598846879,1.511644577098071e-06,0.0,0.8129062608865508,0.26115731723092883,0.9576565811185727,0.0,1189.37,
74,3149.6357,4.94e+10,1.0,1976.9641378155143,1.56e+05,829653.5028720166,961.850032416457,1.5099586435243898e-06,0.0,0.8127862689392855,0.2611362227154904,0.9576232712730561,0.0,1189.37,
75,3199.1348,4.95e+10,1.0,1974.7925774789906,1.56e+05,828512.7439980074,961.8108311490408,1.5011387572473783e-06,0.0,0.8117610635696706,0.260865812337046,0.9569127767561184,0.0,1189.37,
76,3248.2825,4.95e+10,1.0,1973.7165694882574,1.56e+05,827917.1203463643,961.6404902708924,1.4948856997541568e-06,0.0,0.8112347737059675,0.2607379079648301,0.9565922342189682,0.0,1189.37,
77,3296.6349,4.95e+10,1.0,1973.1312584801603,1.56e+05,827579.3022977079,961.4424546739722,1.4939029737512235e-06,0.0,0.8108885290100092,0.26066804203078187,0.95632588049486,0.0,1189.37,
78,3344.4124,4.95e+10,1.0,1972.5036701836648,1.56e+05,827263.0144351821,961.5248935171071,1.4925585593317403e-06,0.0,0.8106497245775572,0.26058885279654687,0.9562045710188709,0.0,1189.37,
79,3391.4372,4.95e+10,1.0,1971.4548698999602,1.56e+05,826743.2634481018,961.6906636761296,1.4896816337543039e-06,0.0,0.8102281672351224,0.26044992112513465,0.9559380279974146,0.0,1189.37,
80,3440.4739,4.95e+10,1.0,1970.5970003662324,1.56e+05,826326.0421153817,961.9680202643009,1.4761616002462896e-06,0.0,0.8100244956521581,0.26032545212822555,0.9559718220545691,0.0,1189.37,
81,3490.4834,4.95e+10,1.0,1968.7910753364722,1.56e+05,825452.6532559099,962.516830835986,1.4610358445569651e-06,0.0,0.8095076429128587,0.2600547096591315,0.9558774166191291,0.0,1189.37,
82,3538.8895,4.96e+10,1.0,1962.4229522754595,1.56e+05,822171.3913073353,963.409563832802,1.4310321312865001e-06,0.0,0.8075410498191105,0.25922350948740414,0.9556142651990391,0.0,1189.37,
83,3591.2392,4.96e+10,1.0,1963.8378289798193,1.56e+05,822928.3193839297,963.4710167826943,1.425476223935268e-06,0.0,0.8081201042265009,0.2593797693791444,0.9559004135055146,0.0,1189.37,
84,3644.6528,4.96e+10,1.0,1964.6504193346336,1.56e+05,823414.8191004379,963.9999370572286,1.4168309531208361e-06,0.0,0.8087936603061516,0.2594330420474268,0.956619139288015,0.0,1189.37,
85,3697.5840,4.96e+10,1.0,1962.381324068359,1.56e+05,822299.0047914425,964.6303103270944,1.4156813347945988e-06,0.0,0.8081618896857994,0.25911542634348184,0.9565598853191766,0.0,1189.37,
86,3748.6986,4.96e+10,1.0,1964.646138205635,1.56e+05,823497.1170795726,964.684225001482,1.4140075167947101e-06,0.0,0.8091518727149671,0.25939387419913795,0.9571435486668647,0.0,1189.37,
87,3802.9199,4.96e+10,1.0,1964.171737178488,1.56e+05,823218.838995234,964.3959164935532,1.41246301657566e-06,0.0,0.808745469042387,0.2593582413245143,0.9566869461966316,0.0,1189.37,
88,3857.2774,4.96e+10,1.0,1964.258118074953,1.56e+05,823339.4668364113,965.0083105017432,1.4099960231642932e-06,0.0,0.8091083170718586,0.2593366287028179,0.9571846284245699,0.0,1189.37,
89,3908.5461,4.96e+10,1.0,1963.067334783536,1.56e+05,822727.6619546079,965.0849001246588,1.4096102004323942e-06,0.0,0.8086090361241183,0.25919122952699186,0.9568751793692027,0.0,1189.37,
90,3952.1008,4.96e+10,1.0,1962.6041126677455,1.56e+05,822513.4849929593,965.2885110168638,1.407707346302884e-06,0.0,0.8084921856983408,0.25912750754061126,0.9568522422009579,0.0,1189.37,
91,4000.8942,4.96e+10,1.0,1961.6384369027392,1.56e+05,822057.2144579126,965.6889647741217,1.4068627561320489e-06,0.0,0.8082830009652617,0.2589993291089351,0.9568936346049064,0.0,1189.37,
92,4056.2376,4.96e+10,1.0,1961.6384369027392,1.56e+05,822057.2144579126,965.6889647741217,1.4068627561320489e-06,0.0,0.8082830009652617,0.2589993291089351,0.9568936346049064,0.0,1189.37,
93,4106.1361,4.96e+10,1.0,1961.8835074365682,1.56e+05,822176.0485711165,965.6181795679438,1.4052064521415238e-06,0.0,0.8083649544610675,0.2590419953957381,0.9569237315423091,0.0,1189.37,
94,4159.1624,4.96e+10,1.0,1962.411050451687,1.56e+05,822422.7096820485,965.344062746368,1.402956086524143e-06,0.0,0.8084337470714036,0.25913294992088537,0.9568038491929697,0.0,1189.37,
95,4207.5564,4.96e+10,1.0,1961.7583172931581,1.56e+05,822100.1561998954,965.4027007689435,1.39644920340811e-06,0.0,0.8081427866761386,0.25911854639116194,0.9565183792329958,0.0,1189.37,
96,4258.9693,4.96e+10,1.0,1959.1699370957067,1.56e+05,820815.9618944244,966.0363627049667,1.390509788450696e-06,0.0,0.8074107573242992,0.2587965168023082,0.9564200997598193,0.0,1189.37,
97,4309.2821,4.96e+10,1.0,1959.1699370957067,1.56e+05,820815.9618944244,966.0363627049667,1.390509788450696e-06,0.0,0.8074107573242992,0.2587965168023082,0.9564200997598193,0.0,1189.37,
98,4360.4347,4.96e+10,1.0,1959.1699370957067,1.56e+05,820815.9618944244,966.0363627049667,1.390509788450696e-06,0.0,0.8074107573242992,0.2587965168023082,0.9564200997598193,0.0,1189.37,
99,4411.8475,4.96e+10,1.0,1958.4244521357423,1.56e+05,820503.3878559917,966.6313137226695,1.389347444772788e-06,0.0,0.8073721281035073,0.2586864601581757,0.9566028610816799,0.0,1189.37,
100,4463.8779,4.96e+10,1.0,1958.4244521357423,1.56e+05,820503.3878559917,966.6313137226695,1.389347444772788e-06,0.0,0.8073721281035073,0.2586864601581757,0.9566028610816799,0.0,1189.37,
101,4511.9727,4.96e+10,1.0,1957.5229036224914,1.56e+05,820092.533411349,967.1143553245932,1.3889512037279334e-06,0.0,0.8072304337718499,0.2585672498524084,0.956706877326619,0.0,1189.37,
102,4567.7615,4.96e+10,1.0,1957.5229036224914,1.56e+05,820092.533411349,967.1143553245932,1.3889512037279334e-06,0.0,0.8072304337718499,0.2585672498524084,0.956706877326619,0.0,1189.37,
103,4617.4677,4.96e+10,1.0,1957.5229036224914,1.56e+05,820092.533411349,967.1143553245932,1.3889512037279334e-06,0.0,0.8072304337718499,0.2585672498524084,0.956706877326619,0.0,1189.37,
104,4671.9213,4.96e+10,1.0,1957.5229036224914,1.56e+05,820092.533411349,967.1143553245932,1.3889512037279334e-06,0.0,0.8072304337718499,0.2585672498524084,0.956706877326619,0.0,1189.37,
105,4720.7538,4.96e+10,1.0,1957.5229036224914,1.56e+05,820092.533411349,967.1143553245932,1.3889512037279334e-06,0.0,0.8072304337718499,0.2585672498524084,0.956706877326619,0.0,1189.37,
106,4774.0954,4.96e+10,1.0,1957.5229036224914,1.56e+05,820092.533411349,967.1143553245932,1.3889512037279334e-06,0.0,0.8072304337718499,0.2585672498524084,0.956706877326619,0.0,1189.37,
107,4827.5020,4.96e+10,1.0,1957.5229036224914,1.56e+05,820092.533411349,967.1143553245932,1.3889512037279334e-06,0.0,0.8072304337718499,0.2585672498524084,0.956706877326619,0.0,1189.37,
108,4879.8220,4.96e+10,1.0,1957.5229036224914,1.56e+05,820092.533411349,967.1143553245932,1.3889512037279334e-06,0.0,0.8072304337718499,0.2585672498524084,0.956706877326619,0.0,1189.37,
109,4936.4666,4.96e+10,1.0,1958.1857134648012,1.56e+05,820384.3216883951,966.6622734553196,1.3885347968200634e-06,0.0,0.8072802899002138,0.25865501669038526,0.9565884521679258,0.0,1189.37,
110,4988.1784,4.96e+10,1.0,1958.1857134648012,1.56e+05,820384.3216883951,966.6622734553196,1.3885347968200634e-06,0.0,0.8072802899002138,0.25865501669038526,0.9565884521679258,0.0,1189.37,
111,5035.8278,4.96e+10,1.0,1956.3421526143234,1.56e+05,819452.1485074302,966.82113559556,1.3884126405008807e-06,0.0,0.8065463415178491,0.2584053766563926,0.9564283839992778,0.0,1189.37,
112,5089.1714,4.96e+10,1.0,1957.518832677581,1.56e+05,820057.4801462479,966.8096731189494,1.3877753926408691e-06,0.0,0.8070742977246972,0.2585717452379941,0.956576879470648,0.0,1189.37,
113,5141.5121,4.96e+10,1.0,1957.518832677581,1.56e+05,820057.4801462479,966.8096731189494,1.3877753926408691e-06,0.0,0.8070742977246972,0.2585717452379941,0.956576879470648,0.0,1189.37,
114,5191.5306,4.96e+10,1.0,1957.518832677581,1.56e+05,820057.4801462479,966.8096731189494,1.3877753926408691e-06,0.0,0.8070742977246972,0.2585717452379941,0.956576879470648,0.0,1189.37,
115,5243.4089,4.96e+10,1.0,1957.518832677581,1.56e+05,820057.4801462479,966.8096731189494,1.3877753926408691e-06,0.0,0.8070742977246972,0.2585717452379941,0.956576879470648,0.0,1189.37,
116,5293.4064,4.96e+10,1.0,1957.518832677581,1.56e+05,820057.4801462479,966.8096731189494,1.3877753926408691e-06,0.0,0.8070742977246972,0.2585717452379941,0.956576879470648,0.0,1189.37,
117,5350.1761,4.96e+10,1.0,1957.518832677581,1.56e+05,820057.4801462479,966.8096731189494,1.3877753926408691e-06,0.0,0.8070742977246972,0.2585717452379941,0.956576879470648,0.0,1189.37,
118,5400.5921,4.96e+10,1.0,1957.518832677581,1.56e+05,820057.4801462479,966.8096731189494,1.3877753926408691e-06,0.0,0.8070742977246972,0.2585717452379941,0.956576879470648,0.0,1189.37,
119,5448.7890,4.96e+10,1.0,1957.518832677581,1.56e+05,820057.4801462479,966.8096731189494,1.3877753926408691e-06,0.0,0.8070742977246972,0.2585717452379941,0.956576879470648,0.0,1189.37,
120,5499.5498,4.96e+10,1.0,1957.518832677581,1.56e+05,820057.4801462479,966.8096731189494,1.3877753926408691e-06,0.0,0.8070742977246972,0.2585717452379941,0.956576879470648,0.0,1189.37,
121,5552.0696,4.96e+10,1.0,1957.518832677581,1.56e+05,820057.4801462479,966.8096731189494,1.3877753926408691e-06,0.0,0.8070742977246972,0.2585717452379941,0.956576879470648,0.0,1189.37,
122,5603.6188,4.96e+10,1.0,1957.518832677581,1.56e+05,820057.4801462479,966.8096731189494,1.3877753926408691e-06,0.0,0.8070742977246972,0.2585717452379941,0.956576879470648,0.0,1189.37,
123,5654.8785,4.96e+10,1.0,1957.518832677581,1.56e+05,820057.4801462479,966.8096731189494,1.3877753926408691e-06,0.0,0.8070742977246972,0.2585717452379941,0.956576879470648,0.0,1189.37,
124,5706.5201,4.96e+10,1.0,1957.518832677581,1.56e+05,820057.4801462479,966.8096731189494,1.3877753926408691e-06,0.0,0.8070742977246972,0.2585717452379941,0.956576879470648,0.0,1189.37,
125,5760.0328,4.96e+10,1.0,1957.518832677581,1.56e+05,820057.4801462479,966.8096731189494,1.3877753926408691e-06,0.0,0.8070742977246972,0.2585717452379941,0.956576879470648,0.0,1189.37,
126,5811.1575,4.96e+10,1.0,1957.518832677581,1.56e+05,820057.4801462479,966.8096731189494,1.3877753926408691e-06,0.0,0.8070742977246972,0.2585717452379941,0.956576879470648,0.0,1189.37,
127,5862.2940,4.96e+10,1.0,1957.518832677581,1.56e+05,820057.4801462479,966.8096731189494,1.3877753926408691e-06,0.0,0.8070742977246972,0.2585717452379941,0.956576879470648,0.0,1189.37,
128,5914.8038,4.96e+10,1.0,1957.518832677581,1.56e+05,820057.4801462479,966.8096731189494,1.3877753926408691e-06,0.0,0.8070742977246972,0.2585717452379941,0.956576879470648,0.0,1189.37,
129,5965.9324,4.94e+10,1.0,1940.1417251206385,1.56e+05,813094.1765642867,979.9594704623808,1.2458863566261975e-06,0.0,0.8089516600096236,0.2567026054571061,0.9477452959395894,0.0,1189.37,
130,6017.3763,4.94e+10,1.0,1940.1417251206385,1.56e+05,813094.1765642867,979.9594704623808,1.2458863566261975e-06,0.0,0.8089516600096236,0.2567026054571061,0.9477452959395894,0.0,1189.37,
131,6070.3085,4.94e+10,1.0,1940.1417251206385,1.56e+05,813094.1765642867,979.9594704623808,1.2458863566261975e-06,0.0,0.8089516600096236,0.2567026054571061,0.9477452959395894,0.0,1189.37,
132,6124.8672,4.94e+10,1.0,1940.1417251206385,1.56e+05,813094.1765642867,979.9594704623808,1.2458863566261975e-06,0.0,0.8089516600096236,0.2567026054571061,0.9477452959395894,0.0,1189.37,
133,6173.4714,4.94e+10,1.0,1940.1417251206385,1.56e+05,813094.1765642867,979.9594704623808,1.2458863566261975e-06,0.0,0.8089516600096236,0.2567026054571061,0.9477452959395894,0.0,1189.37,
134,6225.6179,4.94e+10,1.0,1940.1417251206385,1.56e+05,813094.1765642867,979.9594704623808,1.2458863566261975e-06,0.0,0.8089516600096236,0.2567026054571061,0.9477452959395894,0.0,1189.37,
135,6277.6373,4.94e+10,1.0,1940.1417251206385,1.56e+05,813094.1765642867,979.9594704623808,1.2458863566261975e-06,0.0,0.8089516600096236,0.2567026054571061,0.9477452959395894,0.0,1189.37,
136,6330.0600,4.94e+10,1.0,1940.1417251206385,1.56e+05,813094.1765642867,979.9594704623808,1.2458863566261975e-06,0.0,0.8089516600096236,0.2567026054571061,0.9477452959395894,0.0,1189.37,
137,6383.0949,4.94e+10,1.0,1940.1417251206385,1.56e+05,813094.1765642867,979.9594704623808,1.2458863566261975e-06,0.0,0.8089516600096236,0.2567026054571061,0.9477452959395894,0.0,1189.37,
138,6435.5312,4.94e+10,1.0,1940.1417251206385,1.56e+05,813094.1765642867,979.9594704623808,1.2458863566261975e-06,0.0,0.8089516600096236,0.2567026054571061,0.9477452959395894,0.0,1189.37,
139,6487.3765,4.94e+10,1.0,1940.1417251206385,1.56e+05,813094.1765642867,979.9594704623808,1.2458863566261975e-06,0.0,0.8089516600096236,0.2567026054571061,0.9477452959395894,0.0,1189.37,
140,6539.5890,4.94e+10,1.0,1940.1417251206385,1.56e+05,813094.1765642867,979.9594704623808,1.2458863566261975e-06,0.0,0.8089516600096236,0.2567026054571061,0.9477452959395894,0.0,1189.37,
141,6590.3873,4.94e+10,1.0,1940.1417251206385,1.56e+05,813094.1765642867,979.9594704623808,1.2458863566261975e-06,0.0,0.8089516600096236,0.2567026054571061,0.9477452959395894,0.0,1189.37,
142,6643.9265,4.94e+10,1.0,1940.1417251206385,1.56e+05,813094.1765642867,979.9594704623808,1.2458863566261975e-06,0.0,0.8089516600096236,0.2567026054571061,0.9477452959395894,0.0,1189.37,
143,6697.9547,4.94e+10,1.0,1940.1417251206385,1.56e+05,813094.1765642867,979.9594704623808,1.2458863566261975e-06,0.0,0.8089516600096236,0.2567026054571061,0.9477452959395894,0.0,1189.37,
144,6750.5846,4.94e+10,1.0,1940.1417251206385,1.56e+05,813094.1765642867,979.9594704623808,1.2458863566261975e-06,0.0,0.8089516600096236,0.2567026054571061,0.9477452959395894,0.0,1189.37,
145,6800.7903,4.94e+10,1.0,1940.1417251206385,1.56e+05,813094.1765642867,979.9594704623808,1.2458863566261975e-06,0.0,0.8089516600096236,0.2567026054571061,0.9477452959395894,0.0,1189.37,
146,6850.7881,4.94e+10,1.0,1940.1417251206385,1.56e+05,813094.1765642867,979.9594704623808,1.2458863566261975e-06,0.0,0.8089516600096236,0.2567026054571061,0.9477452959395894,0.0,1189.37,
147,6897.8600,4.94e+10,1.0,1940.1417251206385,1.56e+05,813094.1765642867,979.9594704623808,1.2458863566261975e-06,0.0,0.8089516600096236,0.2567026054571061,0.9477452959395894,0.0,1189.37,
148,6952.0844,4.94e+10,1.0,1940.1417251206385,1.56e+05,813094.1765642867,979.9594704623808,1.2458863566261975e-06,0.0,0.8089516600096236,0.2567026054571061,0.9477452959395894,0.0,1189.37,
149,7002.8816,4.94e+10,1.0,1940.1417251206385,1.56e+05,813094.1765642867,979.9594704623808,1.2458863566261975e-06,0.0,0.8089516600096236,0.2567026054571061,0.9477452959395894,0.0,1189.37,
150,7054.7789,4.94e+10,1.0,1940.1417251206385,1.56e+05,813094.1765642867,979.9594704623808,1.2458863566261975e-06,0.0,0.8089516600096236,0.2567026054571061,0.9477452959395894,0.0,1189.37,
151,7106.9844,4.94e+10,1.0,1940.1417251206385,1.56e+05,813094.1765642867,979.9594704623808,1.2458863566261975e-06,0.0,0.8089516600096236,0.2567026054571061,0.9477452959395894,0.0,1189.37,
152,7159.4032,4.94e+10,1.0,1940.1417251206385,1.56e+05,813094.1765642867,979.9594704623808,1.2458863566261975e-06,0.0,0.8089516600096236,0.2567026054571061,0.9477452959395894,0.0,1189.37,
153,7212.6267,4.94e+10,1.0,1940.1417251206385,1.56e+05,813094.1765642867,979.9594704623808,1.2458863566261975e-06,0.0,0.8089516600096236,0.2567026054571061,0.9477452959395894,0.0,1189.37,
154,7265.5599,4.94e+10,1.0,1940.1417251206385,1.56e+05,813094.1765642867,979.9594704623808,1.2458863566261975e-06,0.0,0.8089516600096236,0.2567026054571061,0.9477452959395894,0.0,1189.37,
155,7317.8994,4.94e+10,1.0,1940.1417251206385,1.56e+05,813094.1765642867,979.9594704623808,1.2458863566261975e-06,0.0,0.8089516600096236,0.2567026054571061,0.9477452959395894,0.0,1189.37,
156,7367.9049,4.94e+10,1.0,1940.1417251206385,1.56e+05,813094.1765642867,979.9594704623808,1.2458863566261975e-06,0.0,0.8089516600096236,0.2567026054571061,0.9477452959395894,0.0,1189.37,
157,7418.0035,4.94e+10,1.0,1940.1417251206385,1.56e+05,813094.1765642867,979.9594704623808,1.2458863566261975e-06,0.0,0.8089516600096236,0.2567026054571061,0.9477452959395894,0.0,1189.37,
158,7470.7336,4.94e+10,1.0,1940.1417251206385,1.56e+05,813094.1765642867,979.9594704623808,1.2458863566261975e-06,0.0,0.8089516600096236,0.2567026054571061,0.9477452959395894,0.0,1189.37,
159,7522.6608,4.94e+10,1.0,1940.1417251206385,1.56e+05,813094.1765642867,979.9594704623808,1.2458863566261975e-06,0.0,0.8089516600096236,0.2567026054571061,0.9477452959395894,0.0,1189.37,
160,7571.8662,4.94e+10,1.0,1940.1417251206385,1.56e+05,813094.1765642867,979.9594704623808,1.2458863566261975e-06,0.0,0.8089516600096236,0.2567026054571061,0.9477452959395894,0.0,1189.37,
161,7625.5020,4.94e+10,1.0,1940.1417251206385,1.56e+05,813094.1765642867,979.9594704623808,1.2458863566261975e-06,0.0,0.8089516600096236,0.2567026054571061,0.9477452959395894,0.0,1189.37,
162,7674.0182,4.94e+10,1.0,1940.1417251206385,1.56e+05,813094.1765642867,979.9594704623808,1.2458863566261975e-06,0.0,0.8089516600096236,0.2567026054571061,0.9477452959395894,0.0,1189.37,
163,7728.5859,4.94e+10,1.0,1940.1417251206385,1.56e+05,813094.1765642867,979.9594704623808,1.2458863566261975e-06,0.0,0.8089516600096236,0.2567026054571061,0.9477452959395894,0.0,1189.37,
164,7778.1766,4.94e+10,1.0,1940.1417251206385,1.56e+05,813094.1765642867,979.9594704623808,1.2458863566261975e-06,0.0,0.8089516600096236,0.2567026054571061,0.9477452959395894,0.0,1189.37,
165,7827.7587,4.94e+10,1.0,1940.1417251206385,1.56e+05,813094.1765642867,979.9594704623808,1.2458863566261975e-06,0.0,0.8089516600096236,0.2567026054571061,0.9477452959395894,0.0,1189.37,
166,7878.4259,4.94e+10,1.0,1940.1417251206385,1.56e+05,813094.1765642867,979.9594704623808,1.2458863566261975e-06,0.0,0.8089516600096236,0.2567026054571061,0.9477452959395894,0.0,1189.37,
167,7926.5187,4.94e+10,1.0,1940.1417251206385,1.56e+05,813094.1765642867,979.9594704623808,1.2458863566261975e-06,0.0,0.8089516600096236,0.2567026054571061,0.9477452959395894,0.0,1189.37,
168,7974.9558,4.94e+10,1.0,1940.1417251206385,1.56e+05,813094.1765642867,979.9594704623808,1.2458863566261975e-06,0.0,0.8089516600096236,0.2567026054571061,0.9477452959395894,0.0,1189.37,
169,8025.5078,4.94e+10,1.0,1940.1417251206385,1.56e+05,813094.1765642867,979.9594704623808,1.2458863566261975e-06,0.0,0.8089516600096236,0.2567026054571061,0.9477452959395894,0.0,1189.37,
170,8081.4988,4.94e+10,1.0,1940.1417251206385,1.56e+05,813094.1765642867,979.9594704623808,1.2458863566261975e-06,0.0,0.8089516600096236,0.2567026054571061,0.9477452959395894,0.0,1189.37,
171,8137.6249,4.94e+10,1.0,1940.1417251206385,1.56e+05,813094.1765642867,979.9594704623808,1.2458863566261975e-06,0.0,0.8089516600096236,0.2567026054571061,0.9477452959395894,0.0,1189.37,
172,8185.3364,4.94e+10,1.0,1940.1417251206385,1.56e+05,813094.1765642867,979.9594704623808,1.2458863566261975e-06,0.0,0.8089516600096236,0.2567026054571061,0.9477452959395894,0.0,1189.37,
173,8235.0687,4.94e+10,1.0,1940.1417251206385,1.56e+05,813094.1765642867,979.9594704623808,1.2458863566261975e-06,0.0,0.8089516600096236,0.2567026054571061,0.9477452959395894,0.0,1189.37,
174,8284.6688,4.94e+10,1.0,1940.1417251206385,1.56e+05,813094.1765642867,979.9594704623808,1.2458863566261975e-06,0.0,0.8089516600096236,0.2567026054571061,0.9477452959395894,0.0,1189.37,
175,8335.3830,4.94e+10,1.0,1940.1417251206385,1.56e+05,813094.1765642867,979.9594704623808,1.2458863566261975e-06,0.0,0.8089516600096236,0.2567026054571061,0.9477452959395894,0.0,1189.37,
176,8378.7605,4.94e+10,1.0,1940.1417251206385,1.56e+05,813094.1765642867,979.9594704623808,1.2458863566261975e-06,0.0,0.8089516600096236,0.2567026054571061,0.9477452959395894,0.0,1189.37,
177,8431.5776,4.94e+10,1.0,1940.1417251206385,1.56e+05,813094.1765642867,979.9594704623808,1.2458863566261975e-06,0.0,0.8089516600096236,0.2567026054571061,0.9477452959395894,0.0,1189.37,
178,8479.8936,4.94e+10,1.0,1940.1417251206385,1.56e+05,813094.1765642867,979.9594704623808,1.2458863566261975e-06,0.0,0.8089516600096236,0.2567026054571061,0.9477452959395894,0.0,1189.37,
179,8528.7982,4.94e+10,1.0,1940.1417251206385,1.56e+05,813094.1765642867,979.9594704623808,1.2458863566261975e-06,0.0,0.8089516600096236,0.2567026054571061,0.9477452959395894,0.0,1189.37,
180,8581.7063,4.94e+10,1.0,1940.1417251206385,1.56e+05,813094.1765642867,979.9594704623808,1.2458863566261975e-06,0.0,0.8089516600096236,0.2567026054571061,0.9477452959395894,0.0,1189.37,
181,8636.5713,4.94e+10,1.0,1940.1417251206385,1.56e+05,813094.1765642867,979.9594704623808,1.2458863566261975e-06,0.0,0.8089516600096236,0.2567026054571061,0.9477452959395894,0.0,1189.37,
182,8690.1981,4.94e+10,1.0,1940.1417251206385,1.56e+05,813094.1765642867,979.9594704623808,1.2458863566261975e-06,0.0,0.8089516600096236,0.2567026054571061,0.9477452959395894,0.0,1189.37,
183,8735.5955,4.94e+10,1.0,1940.1417251206385,1.56e+05,813094.1765642867,979.9594704623808,1.2458863566261975e-06,0.0,0.8089516600096236,0.2567026054571061,0.9477452959395894,0.0,1189.37,
184,8790.7823,4.94e+10,1.0,1940.1417251206385,1.56e+05,813094.1765642867,979.9594704623808,1.2458863566261975e-06,0.0,0.8089516600096236,0.2567026054571061,0.9477452959395894,0.0,1189.37,
185,8841.3254,4.94e+10,1.0,1940.1417251206385,1.56e+05,813094.1765642867,979.9594704623808,1.2458863566261975e-06,0.0,0.8089516600096236,0.2567026054571061,0.9477452959395894,0.0,1189.37,
186,8888.8226,4.93e+10,1.0,1944.2262956074899,1.56e+05,814249.9829984924,974.4053450862507,1.1126330522795848e-06,0.0,0.8072835174728756,0.2566750969430182,0.9475917464926001,0.0,1189.37,
187,8936.1371,4.93e+10,1.0,1944.2262956074899,1.56e+05,814249.9829984924,974.4053450862507,1.1126330522795848e-06,0.0,0.8072835174728756,0.2566750969430182,0.9475917464926001,0.0,1189.37,
188,8986.7653,4.89e+10,1.0,1932.2774758502628,1.56e+05,809325.9142978634,983.6846205507809,9.275161307195163e-07,0.0,0.8080416960157616,0.25556559474617013,0.9448295186636853,0.0,1189.37,
189,9038.5164,4.88e+10,1.0,1929.0350965868763,1.56e+05,807879.2948826405,985.1452615103772,8.149058516661605e-07,0.0,0.8081095824180786,0.25497579389869707,0.9432220849230739,0.0,1189.37,
190,9088.5490,4.88e+10,1.0,1929.0350965868763,1.56e+05,807879.2948826405,985.1452615103772,8.149058516661605e-07,0.0,0.8081095824180786,0.25497579389869707,0.9432220849230739,0.0,1189.37,
191,9140.9887,4.92e+10,1.0,1932.910679280224,1.56e+05,809357.1609465971,980.328547016456,7.92145274578352e-07,0.0,0.8072735779306475,0.2553586941153688,0.9441742581943595,0.0,1189.37,
192,9192.4108,4.92e+10,1.0,1932.910679280224,1.56e+05,809357.1609465971,980.328547016456,7.92145274578352e-07,0.0,0.8072735779306475,0.2553586941153688,0.9441742581943595,0.0,1189.37,
193,9244.0468,4.92e+10,1.0,1932.910679280224,1.56e+05,809357.1609465971,980.328547016456,7.92145274578352e-07,0.0,0.8072735779306475,0.2553586941153688,0.9441742581943595,0.0,1189.37,
194,9293.8213,4.92e+10,1.0,1932.910679280224,1.56e+05,809357.1609465971,980.328547016456,7.92145274578352e-07,0.0,0.8072735779306475,0.2553586941153688,0.9441742581943595,0.0,1189.37,
195,9345.2512,4.92e+10,1.0,1932.910679280224,1.56e+05,809357.1609465971,980.328547016456,7.92145274578352e-07,0.0,0.8072735779306475,0.2553586941153688,0.9441742581943595,0.0,1189.37,
196,9396.0775,4.92e+10,1.0,1932.910679280224,1.56e+05,809357.1609465971,980.328547016456,7.92145274578352e-07,0.0,0.8072735779306475,0.2553586941153688,0.9441742581943595,0.0,1189.37,
197,9449.6061,4.92e+10,1.0,1932.910679280224,1.56e+05,809357.1609465971,980.328547016456,7.92145274578352e-07,0.0,0.8072735779306475,0.2553586941153688,0.9441742581943595,0.0,1189.37,
198,9499.7738,4.92e+10,1.0,1932.910679280224,1.56e+05,809357.1609465971,980.328547016456,7.92145274578352e-07,0.0,0.8072735779306475,0.2553586941153688,0.9441742581943595,0.0,1189.37,
199,9549.6692,4.92e+10,1.0,1932.910679280224,1.56e+05,809357.1609465971,980.328547016456,7.92145274578352e-07,0.0,0.8072735779306475,0.2553586941153688,0.9441742581943595,0.0,1189.37,
200,9598.6639,4.92e+10,1.0,1932.910679280224,1.56e+05,809357.1609465971,980.328547016456,7.92145274578352e-07,0.0,0.8072735779306475,0.2553586941153688,0.9441742581943595,0.0,1189.37,
201,9652.5329,4.92e+10,1.0,1932.910679280224,1.56e+05,809357.1609465971,980.328547016456,7.92145274578352e-07,0.0,0.8072735779306475,0.2553586941153688,0.9441742581943595,0.0,1189.37,
202,9703.9199,4.92e+10,1.0,1932.910679280224,1.56e+05,809357.1609465971,980.328547016456,7.92145274578352e-07,0.0,0.8072735779306475,0.2553586941153688,0.9441742581943595,0.0,1189.37,
203,9751.7144,4.93e+10,1.0,1933.8030462820307,1.56e+05,809896.220365771,980.7263291571164,7.622319452004442e-07,0.0,0.8077806508034087,0.25553255963631216,0.9442542968552403,0.0,1189.37,
204,9806.4713,4.93e+10,1.0,1933.8030462820307,1.56e+05,809896.220365771,980.7263291571164,7.622319452004442e-07,0.0,0.8077806508034087,0.25553255963631216,0.9442542968552403,0.0,1189.37,
205,9856.9603,4.93e+10,1.0,1933.8030462820307,1.56e+05,809896.220365771,980.7263291571164,7.622319452004442e-07,0.0,0.8077806508034087,0.25553255963631216,0.9442542968552403,0.0,1189.37,
206,9905.4735,4.93e+10,1.0,1933.8030462820307,1.56e+05,809896.220365771,980.7263291571164,7.622319452004442e-07,0.0,0.8077806508034087,0.25553255963631216,0.9442542968552403,0.0,1189.37,
207,9956.4949,4.93e+10,1.0,1933.8030462820307,1.56e+05,809896.220365771,980.7263291571164,7.622319452004442e-07,0.0,0.8077806508034087,0.25553255963631216,0.9442542968552403,0.0,1189.37,
208,10010.7133,4.93e+10,1.0,1933.8030462820307,1.56e+05,809896.220365771,980.7263291571164,7.622319452004442e-07,0.0,0.8077806508034087,0.25553255963631216,0.9442542968552403,0.0,1189.37,
209,10057.6370,4.93e+10,1.0,1933.8030462820307,1.56e+05,809896.220365771,980.7263291571164,7.622319452004442e-07,0.0,0.8077806508034087,0.25553255963631216,0.9442542968552403,0.0,1189.37,
210,10111.0740,4.93e+10,1.0,1931.1409178095703,1.56e+05,808765.3338923847,982.2734913038698,7.47217462970149e-07,0.0,0.8074554123470363,0.2551459050384316,0.9438855692794204,0.0,1189.37,
211,10162.2977,4.94e+10,1.0,1930.0065828776328,1.56e+05,808285.9465392802,982.801676160559,7.063660619434797e-07,0.0,0.8071897996502585,0.25493815785864016,0.9443150794531721,0.0,1189.37,
212,10215.7253,4.93e+10,1.0,1926.3781412622607,1.56e+05,806610.1441986855,983.614808881368,6.615447116684338e-07,0.0,0.8064477120060262,0.25447629499414076,0.9431263594732293,0.0,1189.37,
213,10267.4484,4.92e+10,1.0,1927.1623848298375,1.56e+05,806918.3373226842,983.3790608240208,6.596516241089644e-07,0.0,0.8065565223728572,0.2545857608478722,0.9433418136430292,0.0,1189.37,
214,10319.1784,4.92e+10,1.0,1926.8276238098097,1.56e+05,806755.4526915671,983.1219892227766,6.58907147587852e-07,0.0,0.8064536903663727,0.2545404004215168,0.9430396781758835,0.0,1189.37,
215,10371.1009,4.88e+10,1.0,1920.2319451072826,1.56e+05,803698.4475671384,985.5188280750071,6.017618293841385e-07,0.0,0.8052804931405647,0.25364620050049114,0.9414714072269764,0.0,1189.37,
216,10423.2254,4.88e+10,1.0,1920.2319451072826,1.56e+05,803698.4475671384,985.5188280750071,6.017618293841385e-07,0.0,0.8052804931405647,0.25364620050049114,0.9414714072269764,0.0,1189.37,
217,10474.7513,4.87e+10,1.0,1918.5510615200133,1.56e+05,802911.560939769,985.953107085943,5.958470527730159e-07,0.0,0.8049206715085958,0.25339839493544236,0.9410651733692866,0.0,1189.37,
218,10525.2833,4.87e+10,1.0,1918.5510615200133,1.56e+05,802911.560939769,985.953107085943,5.958470527730159e-07,0.0,0.8049206715085958,0.25339839493544236,0.9410651733692866,0.0,1189.37,
219,10574.6833,4.85e+10,1.0,1916.7575236746084,1.56e+05,802052.8631794977,986.6422237158738,5.877988255393269e-07,0.0,0.8045806315422861,0.2531618557770051,0.9404239523345481,0.0,1189.37,
220,10627.9168,4.85e+10,1.0,1916.7575236746084,1.56e+05,802052.8631794977,986.6422237158738,5.877988255393269e-07,0.0,0.8045806315422861,0.2531618557770051,0.9404239523345481,0.0,1189.37,
221,10680.9500,4.85e+10,1.0,1917.6195422398896,1.56e+05,802448.5441607841,986.302203043098,5.844665816373651e-07,0.0,0.8047601968022668,0.25327498580249436,0.9406018465747508,0.0,1189.37,
222,10730.1429,4.85e+10,1.0,1916.688201002578,1.56e+05,801999.2929830325,986.4941509045027,5.760623879652677e-07,0.0,0.8044571902835278,0.253143466110877,0.9404749519759013,0.0,1189.37,
223,10780.4597,4.84e+10,1.0,1916.0417327039338,1.56e+05,801648.1216605455,986.3815478119254,5.666316009577225e-07,0.0,0.8041605440326673,0.25304737168122804,0.9401780975636478,0.0,1189.37,
224,10830.8776,4.77e+10,1.0,1905.9265968061882,1.56e+05,796658.3417487834,988.2899976650735,5.395136181089585e-07,0.0,0.8008413497319988,0.2516245679043563,0.9378875960877915,0.0,1189.37,
225,10879.1816,4.78e+10,1.0,1907.9485203083027,1.56e+05,797663.7514118627,988.0382403590215,5.258656197051929e-07,0.0,0.8015709494312729,0.25190156690183163,0.9383657554690441,0.0,1189.37,
226,10928.5926,4.72e+10,1.0,1899.2081940287123,1.56e+05,793278.1051698187,989.3736172317124,5.040695115289038e-07,0.0,0.7984421452151915,0.25065369321301023,0.9362916537518169,0.0,1189.37,
227,10982.7099,4.71e+10,1.0,1900.6981975349054,1.56e+05,793858.0569547259,988.1672298526983,4.1770118110351996e-07,0.0,0.7982855755321734,0.25078961884826945,0.9370144608348101,0.0,1189.37,
228,11028.2424,4.69e+10,1.0,1901.0388309079287,1.56e+05,793771.8269925062,986.8181366614474,3.7803983452061117e-07,0.0,0.7973698120153805,0.25076944265051404,0.9373413741568006,0.0,1189.37,
229,11081.4428,4.72e+10,1.0,1903.2549374049322,1.56e+05,794927.4593136141,986.6959661339174,3.767336939456721e-07,0.0,0.7983322648210067,0.25111907204390616,0.9377169106968225,0.0,1189.37,
230,11128.4706,4.72e+10,1.0,1903.2549374049322,1.56e+05,794927.4593136141,986.6959661339174,3.767336939456721e-07,0.0,0.7983322648210067,0.25111907204390616,0.9377169106968225,0.0,1189.37,
231,11181.3691,4.71e+10,1.0,1902.6149619520913,1.56e+05,794548.7377214562,986.500150432283,3.6389855144929895e-07,0.0,0.7978699969386305,0.2510030090767873,0.9376723016077038,0.0,1189.37,
232,11232.1944,4.71e+10,1.0,1902.6149619520913,1.56e+05,794548.7377214562,986.500150432283,3.6389855144929895e-07,0.0,0.7978699969386305,0.2510030090767873,0.9376723016077038,0.0,1189.37,
233,11277.7749,4.70e+10,1.0,1902.2571753783827,1.56e+05,794324.988229268,986.2988442623619,3.616837071229108e-07,0.0,0.797564761337163,0.2509452957830255,0.9375914028634236,0.0,1189.37,
234,11327.1649,4.70e+10,1.0,1901.060746753179,1.56e+05,793776.0068163266,986.7276081083589,3.5905854518544257e-07,0.0,0.7973293436707658,0.25076619987902177,0.9373979403515567,0.0,1189.37,
235,11379.3404,4.70e+10,1.0,1901.060746753179,1.56e+05,793776.0068163266,986.7276081083589,3.5905854518544257e-07,0.0,0.7973293436707658,0.25076619987902177,0.9373979403515567,0.0,1189.37,
236,11429.8084,4.69e+10,1.0,1900.4580639142873,1.56e+05,793485.2028881756,986.8646066913657,3.5856257380813187e-07,0.0,0.7971619689668805,0.25067773659164705,0.9372678454299972,0.0,1189.37,
237,11476.9403,4.69e+10,1.0,1899.9194535733948,1.56e+05,793176.8170530172,986.6931172241991,3.5447974588789393e-07,0.0,0.7968141709965939,0.2505969444776711,0.9371189662055022,0.0,1189.37,
238,11526.5615,4.67e+10,1.0,1898.4537174454754,1.56e+05,792425.5504955112,986.7645806218757,3.460485045903629e-07,0.0,0.7962112694032231,0.25036384972798326,0.9368917432180994,0.0,1189.37,
239,11576.2788,4.67e+10,1.0,1898.4537174454754,1.56e+05,792425.5504955112,986.7645806218757,3.460485045903629e-07,0.0,0.7962112694032231,0.25036384972798326,0.9368917432180994,0.0,1189.37,
240,11626.7868,4.68e+10,1.0,1898.5800567850904,1.56e+05,792499.8150300656,986.8022973747873,3.4397942544142356e-07,0.0,0.7962977830755891,0.25038593512799323,0.9369052729134966,0.0,1189.37,
241,11668.7570,4.68e+10,1.0,1898.5800567850904,1.56e+05,792499.8150300656,986.8022973747873,3.4397942544142356e-07,0.0,0.7962977830755891,0.25038593512799323,0.9369052729134966,0.0,1189.37,
242,11723.1275,4.68e+10,1.0,1898.5800567850904,1.56e+05,792499.8150300656,986.8022973747873,3.4397942544142356e-07,0.0,0.7962977830755891,0.25038593512799323,0.9369052729134966,0.0,1189.37,
243,11771.8479,4.68e+10,1.0,1898.5800567850904,1.56e+05,792499.8150300656,986.8022973747873,3.4397942544142356e-07,0.0,0.7962977830755891,0.25038593512799323,0.9369052729134966,0.0,1189.37,
244,11819.6684,4.67e+10,1.0,1898.3510662861481,1.56e+05,792374.0629746509,986.7616902687432,3.4256219356806607e-07,0.0,0.7961711419733792,0.2503505389116992,0.936855609398584,0.0,1189.37,
245,11869.2856,4.67e+10,1.0,1898.3606294799729,1.56e+05,792370.4973100149,986.7135254124382,3.3995001065209637e-07,0.0,0.7961391437889942,0.25035064448307565,0.9368609709899789,0.0,1189.37,
246,11919.4203,4.67e+10,1.0,1898.3606294799729,1.56e+05,792370.4973100149,986.7135254124382,3.3995001065209637e-07,0.0,0.7961391437889942,0.25035064448307565,0.9368609709899789,0.0,1189.37,
247,11968.4379,4.67e+10,1.0,1898.3606294799729,1.56e+05,792370.4973100149,986.7135254124382,3.3995001065209637e-07,0.0,0.7961391437889942,0.25035064448307565,0.9368609709899789,0.0,1189.37,
248,12019.5515,4.67e+10,1.0,1898.3606294799729,1.56e+05,792370.4973100149,986.7135254124382,3.3995001065209637e-07,0.0,0.7961391437889942,0.25035064448307565,0.9368609709899789,0.0,1189.37,
249,12072.4767,4.67e+10,1.0,1898.3606294799729,1.56e+05,792370.4973100149,986.7135254124382,3.3995001065209637e-07,0.0,0.7961391437889942,0.25035064448307565,0.9368609709899789,0.0,1189.37,
250,12121.3768,4.67e+10,1.0,1898.3606294799729,1.56e+05,792370.4973100149,986.7135254124382,3.3995001065209637e-07,0.0,0.7961391437889942,0.25035064448307565,0.9368609709899789,0.0,1189.37,
251,12166.1806,4.67e+10,1.0,1898.3606294799729,1.56e+05,792370.4973100149,986.7135254124382,3.3995001065209637e-07,0.0,0.7961391437889942,0.25035064448307565,0.9368609709899789,0.0,1189.37,
252,12218.4282,4.68e+10,1.0,1898.738399279287,1.56e+05,792580.1739640438,986.7808383492775,3.398436008776008e-07,0.0,0.7963571136016758,0.2504114988613117,0.9369261980314867,0.0,1189.37,
253,12272.7657,4.68e+10,1.0,1898.738399279287,1.56e+05,792580.1739640438,986.7808383492775,3.398436008776008e-07,0.0,0.7963571136016758,0.2504114988613117,0.9369261980314867,0.0,1189.37,
254,12322.8143,4.67e+10,1.0,1898.3866732451813,1.56e+05,792383.341135741,986.7017386455186,3.391388165042807e-07,0.0,0.7961471498337771,0.2503558530427311,0.9368565793665367,0.0,1189.37,
255,12375.1486,4.67e+10,1.0,1898.3866732451813,1.56e+05,792383.341135741,986.7017386455186,3.391388165042807e-07,0.0,0.7961471498337771,0.2503558530427311,0.9368565793665367,0.0,1189.37,
256,12424.0822,4.67e+10,1.0,1898.3866732451813,1.56e+05,792383.341135741,986.7017386455186,3.391388165042807e-07,0.0,0.7961471498337771,0.2503558530427311,0.9368565793665367,0.0,1189.37,
257,12472.9977,4.67e+10,1.0,1898.336477185459,1.56e+05,792360.2757650668,986.7221376671346,3.3856454393022794e-07,0.0,0.7961374119691162,0.250347855705783,0.9368511925460459,0.0,1189.37,
258,12519.0887,4.67e+10,1.0,1898.336477185459,1.56e+05,792360.2757650668,986.7221376671346,3.3856454393022794e-07,0.0,0.7961374119691162,0.250347855705783,0.9368511925460459,0.0,1189.37,
259,12569.2104,4.68e+10,1.0,1898.5275525678348,1.56e+05,792469.8970464298,986.771765026238,3.3742848565688886e-07,0.0,0.7962602709233302,0.25037935241323495,0.9368814148321878,0.0,1189.37,
260,12620.0790,4.68e+10,1.0,1898.5275525678348,1.56e+05,792469.8970464298,986.771765026238,3.3742848565688886e-07,0.0,0.7962602709233302,0.25037935241323495,0.9368814148321878,0.0,1189.37,
261,12665.8607,4.68e+10,1.0,1898.5275525678348,1.56e+05,792469.8970464298,986.771765026238,3.3742848565688886e-07,0.0,0.7962602709233302,0.25037935241323495,0.9368814148321878,0.0,1189.37,
262,12716.4688,4.68e+10,1.0,1898.5275525678348,1.56e+05,792469.8970464298,986.771765026238,3.3742848565688886e-07,0.0,0.7962602709233302,0.25037935241323495,0.9368814148321878,0.0,1189.37,
263,12770.1110,4.68e+10,1.0,1898.5275525678348,1.56e+05,792469.8970464298,986.771765026238,3.3742848565688886e-07,0.0,0.7962602709233302,0.25037935241323495,0.9368814148321878,0.0,1189.37,
264,12816.9086,4.68e+10,1.0,1898.5275525678348,1.56e+05,792469.8970464298,986.771765026238,3.3742848565688886e-07,0.0,0.7962602709233302,0.25037935241323495,0.9368814148321878,0.0,1189.37,
265,12867.0263,4.68e+10,1.0,1898.5275525678348,1.56e+05,792469.8970464298,986.771765026238,3.3742848565688886e-07,0.0,0.7962602709233302,0.25037935241323495,0.9368814148321878,0.0,1189.37,
266,12918.8554,4.68e+10,1.0,1898.5275525678348,1.56e+05,792469.8970464298,986.771765026238,3.3742848565688886e-07,0.0,0.7962602709233302,0.25037935241323495,0.9368814148321878,0.0,1189.37,
267,12972.3941,4.68e+10,1.0,1898.5275525678348,1.56e+05,792469.8970464298,986.771765026238,3.3742848565688886e-07,0.0,0.7962602709233302,0.25037935241323495,0.9368814148321878,0.0,1189.37,
268,13021.2816,4.68e+10,1.0,1898.5275525678348,1.56e+05,792469.8970464298,986.771765026238,3.3742848565688886e-07,0.0,0.7962602709233302,0.25037935241323495,0.9368814148321878,0.0,1189.37,
269,13068.9671,4.68e+10,1.0,1898.5275525678348,1.56e+05,792469.8970464298,986.771765026238,3.3742848565688886e-07,0.0,0.7962602709233302,0.25037935241323495,0.9368814148321878,0.0,1189.37,
270,13119.9765,4.68e+10,1.0,1898.5275525678348,1.56e+05,792469.8970464298,986.771765026238,3.3742848565688886e-07,0.0,0.7962602709233302,0.25037935241323495,0.9368814148321878,0.0,1189.37,
271,13170.9959,4.68e+10,1.0,1898.5275525678348,1.56e+05,792469.8970464298,986.771765026238,3.3742848565688886e-07,0.0,0.7962602709233302,0.25037935241323495,0.9368814148321878,0.0,1189.37,
272,13223.8130,4.68e+10,1.0,1898.5275525678348,1.56e+05,792469.8970464298,986.771765026238,3.3742848565688886e-07,0.0,0.7962602709233302,0.25037935241323495,0.9368814148321878,0.0,1189.37,
273,13271.3191,4.68e+10,1.0,1898.5275525678348,1.56e+05,792469.8970464298,986.771765026238,3.3742848565688886e-07,0.0,0.7962602709233302,0.25037935241323495,0.9368814148321878,0.0,1189.37,
274,13319.6131,4.68e+10,1.0,1898.5275525678348,1.56e+05,792469.8970464298,986.771765026238,3.3742848565688886e-07,0.0,0.7962602709233302,0.25037935241323495,0.9368814148321878,0.0,1189.37,
