s,m,C,C
Time,"Wall thickness","Wall_temperature","Back_wall_temperature"
 0.0000000E+000, 8.0000004E-003, 2.5000000E+001, 2.5000000E+001
 1.0000000E+000, 8.0000004E-003, 2.4999971E+001, 2.5000000E+001
 2.0000000E+000, 8.0000004E-003, 1.0522606E+002, 2.5000000E+001
 3.0000000E+000, 8.0000004E-003, 1.5499443E+002, 2.5000000E+001
 4.0000000E+000, 8.0000004E-003, 1.9278470E+002, 2.5000002E+001
 5.0000000E+000, 8.0000004E-003, 2.2412465E+002, 2.5000008E+001
 6.0000000E+000, 8.0000004E-003, 2.5115787E+002, 2.5000050E+001
 7.0000000E+000, 8.0000004E-003, 2.7514050E+002, 2.5000221E+001
 8.0000000E+000, 8.0000004E-003, 2.9728421E+002, 2.5000790E+001
 9.0000000E+000, 8.0000004E-003, 3.1869275E+002, 2.5002361E+001
 1.0000000E+001, 8.0000004E-003, 3.3854047E+002, 2.5006102E+001
 1.1000000E+001, 8.0000004E-003, 3.5583765E+002, 2.5013969E+001
 1.2000000E+001, 8.0000004E-003, 3.7117114E+002, 2.5028893E+001
 1.3000000E+001, 8.0000004E-003, 3.8502075E+002, 2.5054832E+001
 1.4000000E+001, 8.0000004E-003, 3.9757428E+002, 2.5096746E+001
 1.5000000E+001, 8.0000004E-003, 4.0885712E+002, 2.5160433E+001
 1.6000000E+001, 8.0000004E-003, 4.1886407E+002, 2.5252310E+001
 1.7000000E+001, 8.0000004E-003, 4.2763098E+002, 2.5379177E+001
 1.8000000E+001, 8.0000004E-003, 4.3527707E+002, 2.5547970E+001
 1.9000000E+001, 8.0000004E-003, 4.4205725E+002, 2.5765526E+001
 2.0000000E+001, 8.0000004E-003, 4.4831155E+002, 2.6038441E+001
 2.1000000E+001, 8.0000004E-003, 4.5440173E+002, 2.6372900E+001
 2.2000000E+001, 8.0000004E-003, 4.6064905E+002, 2.6774590E+001
 2.3000000E+001, 8.0000004E-003, 4.6736340E+002, 2.7248602E+001
 2.4000000E+001, 8.0000004E-003, 4.7473929E+002, 2.7799406E+001
 2.5000000E+001, 8.0000004E-003, 4.8287650E+002, 2.8430820E+001
 2.6000000E+001, 8.0000004E-003, 4.9153851E+002, 2.9145973E+001
 2.7000000E+001, 8.0000004E-003, 4.9990009E+002, 2.9947309E+001
 2.8000000E+001, 8.0000004E-003, 5.0641635E+002, 3.0836626E+001
 2.9000000E+001, 8.0000004E-003, 5.1194601E+002, 3.1815083E+001
 3.0000000E+001, 8.0000004E-003, 5.1687579E+002, 3.2883263E+001
 3.1000000E+001, 8.0000004E-003, 5.2152661E+002, 3.4041172E+001
 3.2000000E+001, 8.0000004E-003, 5.2608038E+002, 3.5288372E+001
 3.3000000E+001, 8.0000004E-003, 5.3065778E+002, 3.6624027E+001
 3.4000000E+001, 8.0000004E-003, 5.3535010E+002, 3.8046993E+001
 3.5000000E+001, 8.0000004E-003, 5.4020734E+002, 3.9555759E+001
 3.6000000E+001, 8.0000004E-003, 5.4519196E+002, 4.1148705E+001
 3.7000000E+001, 8.0000004E-003, 5.5019238E+002, 4.2823994E+001
 3.8000000E+001, 8.0000004E-003, 5.5501837E+002, 4.4579556E+001
 3.9000000E+001, 8.0000004E-003, 5.5939502E+002, 4.6413223E+001
 4.0000000E+001, 8.0000004E-003, 5.6328992E+002, 4.8322762E+001
 4.1000000E+001, 8.0000004E-003, 5.6682513E+002, 5.0305756E+001
 4.2000000E+001, 8.0000004E-003, 5.7011554E+002, 5.2359741E+001
 4.3000000E+001, 8.0000004E-003, 5.7327167E+002, 5.4482281E+001
 4.4000000E+001, 8.0000004E-003, 5.7636597E+002, 5.6670826E+001
 4.5000000E+001, 8.0000004E-003, 5.7942798E+002, 5.8922924E+001
 4.6000000E+001, 8.0000004E-003, 5.8250897E+002, 6.1236008E+001
 4.7000000E+001, 8.0000004E-003, 5.8563885E+002, 6.3607723E+001
 4.8000000E+001, 8.0000004E-003, 5.8878601E+002, 6.6035622E+001
 4.9000000E+001, 8.0000004E-003, 5.9191541E+002, 6.8517349E+001
 5.0000000E+001, 8.0000004E-003, 5.9499933E+002, 7.1050400E+001
 5.1000000E+001, 8.0000004E-003, 5.9793372E+002, 7.3632446E+001
 5.2000000E+001, 8.0000004E-003, 6.0070148E+002, 7.6261208E+001
 5.3000000E+001, 8.0000004E-003, 6.0328992E+002, 7.8934334E+001
 5.4000000E+001, 8.0000004E-003, 6.0571118E+002, 8.1649521E+001
 5.5000000E+001, 8.0000004E-003, 6.0802820E+002, 8.4404732E+001
 5.6000000E+001, 8.0000004E-003, 6.1026611E+002, 8.7197830E+001
 5.7000000E+001, 8.0000004E-003, 6.1244867E+002, 9.0026772E+001
 5.8000000E+001, 8.0000004E-003, 6.1459253E+002, 9.2889580E+001
 5.9000000E+001, 8.0000004E-003, 6.1674835E+002, 9.5784416E+001
 6.0000000E+001, 8.0000004E-003, 6.1887750E+002, 9.8709373E+001
 6.1000000E+001, 8.0000004E-003, 6.2101569E+002, 1.0166263E+002
 6.2000000E+001, 8.0000004E-003, 6.2314966E+002, 1.0464245E+002
 6.3000000E+001, 8.0000004E-003, 6.2524463E+002, 1.0764704E+002
 6.4000000E+001, 8.0000004E-003, 6.2731018E+002, 1.1067476E+002
 6.5000000E+001, 8.0000004E-003, 6.2930579E+002, 1.1372395E+002
 6.6000000E+001, 8.0000004E-003, 6.3122528E+002, 1.1679311E+002
 6.7000000E+001, 8.0000004E-003, 6.3306226E+002, 1.1988067E+002
 6.8000000E+001, 8.0000004E-003, 6.3483423E+002, 1.2298518E+002
 6.9000000E+001, 8.0000004E-003, 6.3653436E+002, 1.2610529E+002
 7.0000000E+001, 8.0000004E-003, 6.3818872E+002, 1.2923975E+002
 7.1000000E+001, 8.0000004E-003, 6.3981335E+002, 1.3238725E+002
 7.2000000E+001, 8.0000004E-003, 6.4140216E+002, 1.3554663E+002
 7.3000000E+001, 8.0000004E-003, 6.4298254E+002, 1.3871666E+002
 7.4000000E+001, 8.0000004E-003, 6.4455566E+002, 1.4189621E+002
 7.5000000E+001, 8.0000004E-003, 6.4611310E+002, 1.4508409E+002
 7.6000000E+001, 8.0000004E-003, 6.4767041E+002, 1.4827919E+002
 7.7000000E+001, 8.0000004E-003, 6.4920856E+002, 1.5148044E+002
 7.8000000E+001, 8.0000004E-003, 6.5072717E+002, 1.5468680E+002
 7.9000000E+001, 8.0000004E-003, 6.5221857E+002, 1.5789726E+002
 8.0000000E+001, 8.0000004E-003, 6.5368719E+002, 1.6111090E+002
 8.1000000E+001, 8.0000004E-003, 6.5511139E+002, 1.6432683E+002
 8.2000000E+001, 8.0000004E-003, 6.5649786E+002, 1.6754425E+002
 8.3000000E+001, 8.0000004E-003, 6.5785431E+002, 1.7076237E+002
 8.4000000E+001, 8.0000013E-003, 6.5916522E+002, 1.7398044E+002
 8.5000000E+001, 8.0000013E-003, 6.6045563E+002, 1.7719772E+002
 8.6000000E+001, 8.0000013E-003, 6.6171985E+002, 1.8041350E+002
 8.7000000E+001, 8.0000013E-003, 6.6296283E+002, 1.8362701E+002
 8.8000000E+001, 8.0000013E-003, 6.6419849E+002, 1.8683755E+002
 8.9000000E+001, 8.0000013E-003, 6.6542316E+002, 1.9004439E+002
 9.0000000E+001, 8.0000013E-003, 6.6663831E+002, 1.9324681E+002
 9.1000000E+001, 8.0000013E-003, 6.6784796E+002, 1.9644418E+002
 9.2000000E+001, 8.0000013E-003, 6.6904767E+002, 1.9963586E+002
 9.3000000E+001, 8.0000013E-003, 6.7023456E+002, 2.0282123E+002
 9.4000000E+001, 8.0000013E-003, 6.7140662E+002, 2.0599973E+002
 9.5000000E+001, 8.0000013E-003, 6.7257062E+002, 2.0917081E+002
 9.6000000E+001, 8.0000013E-003, 6.7370789E+002, 2.1233400E+002
 9.7000000E+001, 8.0000013E-003, 6.7482776E+002, 2.1548882E+002
 9.8000000E+001, 8.0000013E-003, 6.7592566E+002, 2.1863478E+002
 9.9000000E+001, 8.0000013E-003, 6.7700208E+002, 2.2177151E+002
 1.0000000E+002, 8.0000013E-003, 6.7806281E+002, 2.2489845E+002
 1.0100000E+002, 8.0000013E-003, 6.7910547E+002, 2.2801512E+002
 1.0200000E+002, 8.0000013E-003, 6.8014136E+002, 2.3112108E+002
 1.0300000E+002, 8.0000013E-003, 6.8115643E+002, 2.3421571E+002
 1.0400000E+002, 8.0000013E-003, 6.8217419E+002, 2.3729860E+002
 1.0500000E+002, 8.0000013E-003, 6.8317291E+002, 2.4036925E+002
 1.0600000E+002, 8.0000013E-003, 6.8417529E+002, 2.4342715E+002
 1.0700000E+002, 8.0000013E-003, 6.8516370E+002, 2.4647198E+002
 1.0800000E+002, 8.0000013E-003, 6.8614496E+002, 2.4950331E+002
 1.0900000E+002, 8.0000013E-003, 6.8711676E+002, 2.5252077E+002
 1.1000000E+002, 8.0000013E-003, 6.8808795E+002, 2.5552405E+002
 1.1100000E+002, 8.0000013E-003, 6.8903595E+002, 2.5851282E+002
 1.1200000E+002, 8.0000013E-003, 6.8998596E+002, 2.6148685E+002
 1.1300000E+002, 8.0000013E-003, 6.9091400E+002, 2.6444574E+002
 1.1400000E+002, 8.0000013E-003, 6.9182849E+002, 2.6738928E+002
 1.1500000E+002, 8.0000013E-003, 6.9273334E+002, 2.7031717E+002
 1.1600000E+002, 8.0000013E-003, 6.9362756E+002, 2.7322906E+002
 1.1700000E+002, 8.0000013E-003, 6.9450592E+002, 2.7612466E+002
 1.1800000E+002, 8.0000013E-003, 6.9538885E+002, 2.7900369E+002
 1.1900000E+002, 8.0000013E-003, 6.9625775E+002, 2.8186588E+002
 1.2000000E+002, 8.0000013E-003, 6.9711914E+002, 2.8471075E+002
 1.2100000E+002, 8.0000013E-003, 6.9797626E+002, 2.8753812E+002
 1.2200000E+002, 8.0000013E-003, 6.9882489E+002, 2.9034763E+002
 1.2300000E+002, 8.0000013E-003, 6.9967108E+002, 2.9313892E+002
 1.2400000E+002, 8.0000013E-003, 7.0051129E+002, 2.9591162E+002
 1.2500000E+002, 8.0000013E-003, 7.0134314E+002, 2.9866528E+002
 1.2600000E+002, 8.0000013E-003, 7.0216931E+002, 3.0139932E+002
 1.2700000E+002, 8.0000013E-003, 7.0298157E+002, 3.0411322E+002
 1.2800000E+002, 8.0000013E-003, 7.0379254E+002, 3.0680634E+002
 1.2900000E+002, 8.0000013E-003, 7.0458728E+002, 3.0947787E+002
 1.3000000E+002, 8.0000013E-003, 7.0537915E+002, 3.1212711E+002
 1.3100000E+002, 8.0000013E-003, 7.0616010E+002, 3.1475323E+002
 1.3200000E+002, 8.0000013E-003, 7.0693738E+002, 3.1735538E+002
 1.3300000E+002, 8.0000013E-003, 7.0770331E+002, 3.1993277E+002
 1.3400000E+002, 8.0000013E-003, 7.0847034E+002, 3.2248441E+002
 1.3500000E+002, 8.0000013E-003, 7.0922998E+002, 3.2500943E+002
 1.3600000E+002, 8.0000013E-003, 7.0998022E+002, 3.2750684E+002
 1.3700000E+002, 8.0000013E-003, 7.1072992E+002, 3.2997565E+002
 1.3800000E+002, 8.0000013E-003, 7.1147229E+002, 3.3241479E+002
 1.3900000E+002, 8.0000013E-003, 7.1220746E+002, 3.3482321E+002
 1.4000000E+002, 8.0000013E-003, 7.1293823E+002, 3.3719971E+002
 1.4100000E+002, 8.0000013E-003, 7.1366345E+002, 3.3954303E+002
 1.4200000E+002, 8.0000013E-003, 7.1437982E+002, 3.4185193E+002
 1.4300000E+002, 8.0000013E-003, 7.1509058E+002, 3.4412512E+002
 1.4400000E+002, 8.0000013E-003, 7.1579926E+002, 3.4636124E+002
 1.4500000E+002, 8.0000013E-003, 7.1649567E+002, 3.4855911E+002
 1.4600000E+002, 8.0000013E-003, 7.1719293E+002, 3.5071750E+002
 1.4700000E+002, 8.0000013E-003, 7.1787939E+002, 3.5283521E+002
 1.4800000E+002, 8.0000013E-003, 7.1856665E+002, 3.5491107E+002
 1.4900000E+002, 8.0000013E-003, 7.1924359E+002, 3.5694397E+002
 1.5000000E+002, 8.0000013E-003, 7.1991418E+002, 3.5893295E+002
 1.5100000E+002, 8.0000013E-003, 7.2058215E+002, 3.6087704E+002
 1.5200000E+002, 8.0000013E-003, 7.2124866E+002, 3.6277539E+002
 1.5300000E+002, 8.0000013E-003, 7.2190344E+002, 3.6462726E+002
 1.5400000E+002, 8.0000013E-003, 7.2255646E+002, 3.6643219E+002
 1.5500000E+002, 8.0000013E-003, 7.2320929E+002, 3.6818979E+002
 1.5600000E+002, 8.0000013E-003, 7.2384821E+002, 3.6989999E+002
 1.5700000E+002, 8.0000013E-003, 7.2448743E+002, 3.7156287E+002
 1.5800000E+002, 8.0000013E-003, 7.2511816E+002, 3.7317877E+002
 1.5900000E+002, 8.0000013E-003, 7.2574536E+002, 3.7474832E+002
 1.6000000E+002, 8.0000013E-003, 7.2636792E+002, 3.7627231E+002
 1.6100000E+002, 8.0000013E-003, 7.2698456E+002, 3.7775186E+002
 1.6200000E+002, 8.0000013E-003, 7.2760187E+002, 3.7918832E+002
 1.6300000E+002, 8.0000013E-003, 7.2820496E+002, 3.8058322E+002
 1.6400000E+002, 8.0000013E-003, 7.2881360E+002, 3.8193829E+002
 1.6500000E+002, 8.0000013E-003, 7.2940741E+002, 3.8325552E+002
 1.6600000E+002, 8.0000013E-003, 7.3000311E+002, 3.8453717E+002
 1.6700000E+002, 8.0000022E-003, 7.3058667E+002, 3.8578574E+002
 1.6800000E+002, 8.0000022E-003, 7.3117413E+002, 3.8700369E+002
 1.6900000E+002, 8.0000022E-003, 7.3175049E+002, 3.8819376E+002
 1.7000000E+002, 8.0000022E-003, 7.3232922E+002, 3.8935867E+002
 1.7100000E+002, 8.0000022E-003, 7.3289368E+002, 3.9050146E+002
 1.7200000E+002, 8.0000022E-003, 7.3346216E+002, 3.9162503E+002
 1.7300000E+002, 8.0000022E-003, 7.3402240E+002, 3.9273227E+002
 1.7400000E+002, 8.0000022E-003, 7.3458008E+002, 3.9382635E+002
 1.7500000E+002, 8.0000022E-003, 7.3512762E+002, 3.9491016E+002
 1.7600000E+002, 8.0000022E-003, 7.3567249E+002, 3.9598663E+002
 1.7700000E+002, 8.0000022E-003, 7.3621838E+002, 3.9705896E+002
 1.7800000E+002, 8.0000022E-003, 7.3675128E+002, 3.9812994E+002
 1.7900000E+002, 8.0000022E-003, 7.3728821E+002, 3.9920261E+002
 1.8000000E+002, 8.0000022E-003, 7.3781830E+002, 4.0027991E+002
 1.8100000E+002, 8.0000022E-003, 7.3833917E+002, 4.0136469E+002
 1.8200000E+002, 8.0000022E-003, 7.3886420E+002, 4.0245956E+002
 1.8300000E+002, 8.0000022E-003, 7.3937610E+002, 4.0356735E+002
 1.8400000E+002, 8.0000022E-003, 7.3988672E+002, 4.0469113E+002
 1.8500000E+002, 8.0000022E-003, 7.4039410E+002, 4.0583347E+002
 1.8600000E+002, 8.0000022E-003, 7.4089734E+002, 4.0699698E+002
 1.8700000E+002, 8.0000022E-003, 7.4139612E+002, 4.0818454E+002
 1.8800000E+002, 8.0000022E-003, 7.4189044E+002, 4.0939917E+002
 1.8900000E+002, 8.0000022E-003, 7.4238074E+002, 4.1064386E+002
 1.9000000E+002, 8.0000022E-003, 7.4286877E+002, 4.1192139E+002
 1.9100000E+002, 8.0000022E-003, 7.4335297E+002, 4.1323495E+002
 1.9200000E+002, 8.0000022E-003, 7.4383069E+002, 4.1458783E+002
 1.9300000E+002, 8.0000022E-003, 7.4430579E+002, 4.1598300E+002
 1.9400000E+002, 8.0000022E-003, 7.4478027E+002, 4.1742505E+002
 1.9500000E+002, 8.0000022E-003, 7.4524792E+002, 4.1891772E+002
 1.9600000E+002, 8.0000022E-003, 7.4571167E+002, 4.2046475E+002
 1.9700000E+002, 8.0000022E-003, 7.4617535E+002, 4.2207071E+002
 1.9800000E+002, 8.0000022E-003, 7.4663239E+002, 4.2374072E+002
 1.9900000E+002, 8.0000022E-003, 7.4708606E+002, 4.2548019E+002
 2.0000000E+002, 8.0000022E-003, 7.4754340E+002, 4.2729529E+002
 2.0100000E+002, 8.0000022E-003, 7.4798938E+002, 4.2919131E+002
 2.0200000E+002, 8.0000022E-003, 7.4843707E+002, 4.3117548E+002
 2.0300000E+002, 8.0000022E-003, 7.4887964E+002, 4.3325488E+002
 2.0400000E+002, 8.0000022E-003, 7.4932263E+002, 4.3543753E+002
 2.0500000E+002, 8.0000022E-003, 7.4976031E+002, 4.3773257E+002
 2.0600000E+002, 8.0000022E-003, 7.5019659E+002, 4.4014789E+002
 2.0700000E+002, 8.0000022E-003, 7.5062970E+002, 4.4269305E+002
 2.0800000E+002, 8.0000022E-003, 7.5106537E+002, 4.4537683E+002
 2.0900000E+002, 8.0000022E-003, 7.5149426E+002, 4.4820789E+002
 2.1000000E+002, 8.0000022E-003, 7.5192346E+002, 4.5119354E+002
 2.1100000E+002, 8.0000022E-003, 7.5235077E+002, 4.5433777E+002
 2.1200000E+002, 8.0000022E-003, 7.5277557E+002, 4.5764133E+002
 2.1300000E+002, 8.0000032E-003, 7.5320044E+002, 4.6110007E+002
 2.1400000E+002, 8.0000032E-003, 7.5362445E+002, 4.6470175E+002
 2.1500000E+002, 8.0000032E-003, 7.5404633E+002, 4.6842206E+002
 2.1600000E+002, 8.0000032E-003, 7.5446973E+002, 4.7222614E+002
 2.1700000E+002, 8.0000032E-003, 7.5489032E+002, 4.7607077E+002
 2.1800000E+002, 8.0000032E-003, 7.5531439E+002, 4.7990335E+002
 2.1900000E+002, 8.0000032E-003, 7.5573401E+002, 4.8367609E+002
 2.2000000E+002, 8.0000032E-003, 7.5615790E+002, 4.8735358E+002
 2.2100000E+002, 8.0000032E-003, 7.5658069E+002, 4.9092010E+002
 2.2200000E+002, 8.0000032E-003, 7.5700488E+002, 4.9437796E+002
 2.2300000E+002, 8.0000032E-003, 7.5743030E+002, 4.9774164E+002
 2.2400000E+002, 8.0000032E-003, 7.5785767E+002, 5.0102454E+002
 2.2500000E+002, 8.0000032E-003, 7.5828436E+002, 5.0423755E+002
 2.2600000E+002, 8.0000032E-003, 7.5871619E+002, 5.0738779E+002
 2.2700000E+002, 8.0000032E-003, 7.5915033E+002, 5.1048080E+002
 2.2800000E+002, 8.0000032E-003, 7.5958417E+002, 5.1352094E+002
 2.2900000E+002, 8.0000032E-003, 7.6002142E+002, 5.1651227E+002
 2.3000000E+002, 8.0000032E-003, 7.6046350E+002, 5.1945709E+002
 2.3100000E+002, 8.0000032E-003, 7.6090430E+002, 5.2235901E+002
 2.3200000E+002, 8.0000032E-003, 7.6135065E+002, 5.2521948E+002
 2.3300000E+002, 8.0000032E-003, 7.6179816E+002, 5.2804108E+002
 2.3400000E+002, 8.0000032E-003, 7.6224792E+002, 5.3082532E+002
 2.3500000E+002, 8.0000032E-003, 7.6270074E+002, 5.3357404E+002
 2.3600000E+002, 8.0000032E-003, 7.6315509E+002, 5.3628815E+002
 2.3700000E+002, 8.0000032E-003, 7.6361121E+002, 5.3896954E+002
 2.3800000E+002, 8.0000032E-003, 7.6406946E+002, 5.4161945E+002
 2.3900000E+002, 8.0000032E-003, 7.6452850E+002, 5.4423840E+002
 2.4000000E+002, 8.0000032E-003, 7.6498938E+002, 5.4682776E+002
 2.4100000E+002, 8.0000032E-003, 7.6545105E+002, 5.4938812E+002
 2.4200000E+002, 8.0000032E-003, 7.6591595E+002, 5.5192084E+002
 2.4300000E+002, 8.0000032E-003, 7.6637860E+002, 5.5442615E+002
 2.4400000E+002, 8.0000032E-003, 7.6684332E+002, 5.5690497E+002
 2.4500000E+002, 8.0000032E-003, 7.6731042E+002, 5.5935822E+002
 2.4600000E+002, 8.0000032E-003, 7.6777277E+002, 5.6178638E+002
 2.4700000E+002, 8.0000032E-003, 7.6824091E+002, 5.6419006E+002
 2.4800000E+002, 8.0000032E-003, 7.6870453E+002, 5.6656982E+002
 2.4900000E+002, 8.0000032E-003, 7.6917175E+002, 5.6892615E+002
 2.5000000E+002, 8.0000032E-003, 7.6963452E+002, 5.7125952E+002
 2.5100000E+002, 8.0000032E-003, 7.7010059E+002, 5.7357037E+002
 2.5200000E+002, 8.0000032E-003, 7.7056299E+002, 5.7585913E+002
 2.5300000E+002, 8.0000032E-003, 7.7102710E+002, 5.7812604E+002
 2.5400000E+002, 8.0000032E-003, 7.7148914E+002, 5.8037195E+002
 2.5500000E+002, 8.0000032E-003, 7.7194873E+002, 5.8259717E+002
 2.5600000E+002, 8.0000032E-003, 7.7240900E+002, 5.8480188E+002
 2.5700000E+002, 8.0000032E-003, 7.7286713E+002, 5.8698627E+002
 2.5800000E+002, 8.0000032E-003, 7.7332397E+002, 5.8915106E+002
 2.5900000E+002, 8.0000032E-003, 7.7377905E+002, 5.9129633E+002
 2.6000000E+002, 8.0000032E-003, 7.7423529E+002, 5.9342230E+002
 2.6100000E+002, 8.0000032E-003, 7.7468719E+002, 5.9552930E+002
 2.6200000E+002, 8.0000032E-003, 7.7513782E+002, 5.9761774E+002
 2.6300000E+002, 8.0000032E-003, 7.7558923E+002, 5.9968805E+002
 2.6400000E+002, 8.0000032E-003, 7.7603638E+002, 6.0174011E+002
 2.6500000E+002, 8.0000032E-003, 7.7648096E+002, 6.0377466E+002
 2.6600000E+002, 8.0000032E-003, 7.7692511E+002, 6.0579138E+002
 2.6700000E+002, 8.0000032E-003, 7.7736652E+002, 6.0779077E+002
 2.6800000E+002, 8.0000032E-003, 7.7780664E+002, 6.0977301E+002
 2.6900000E+002, 8.0000032E-003, 7.7824615E+002, 6.1173816E+002
 2.7000000E+002, 8.0000032E-003, 7.7867987E+002, 6.1368658E+002
 2.7100000E+002, 8.0000032E-003, 7.7911481E+002, 6.1561841E+002
 2.7200000E+002, 8.0000032E-003, 7.7954645E+002, 6.1753418E+002
 2.7300000E+002, 8.0000032E-003, 7.7997473E+002, 6.1943372E+002
 2.7400000E+002, 8.0000032E-003, 7.8040167E+002, 6.2131702E+002
 2.7500000E+002, 8.0000032E-003, 7.8082751E+002, 6.2318457E+002
 2.7600000E+002, 8.0000032E-003, 7.8124829E+002, 6.2503662E+002
 2.7700000E+002, 8.0000032E-003, 7.8166901E+002, 6.2687286E+002
 2.7800000E+002, 8.0000032E-003, 7.8208716E+002, 6.2869409E+002
 2.7900000E+002, 8.0000032E-003, 7.8250421E+002, 6.3049994E+002
 2.8000000E+002, 8.0000032E-003, 7.8291516E+002, 6.3229095E+002
 2.8100000E+002, 8.0000032E-003, 7.8332831E+002, 6.3406696E+002
 2.8200000E+002, 8.0000032E-003, 7.8373615E+002, 6.3582843E+002
 2.8300000E+002, 8.0000032E-003, 7.8414148E+002, 6.3757507E+002
 2.8400000E+002, 8.0000032E-003, 7.8454590E+002, 6.3930743E+002
 2.8500000E+002, 8.0000032E-003, 7.8494739E+002, 6.4102557E+002
 2.8600000E+002, 8.0000032E-003, 7.8534583E+002, 6.4272949E+002
 2.8700000E+002, 8.0000032E-003, 7.8574396E+002, 6.4441937E+002
 2.8800000E+002, 8.0000032E-003, 7.8613568E+002, 6.4609546E+002
 2.8900000E+002, 8.0000032E-003, 7.8652814E+002, 6.4775775E+002
 2.9000000E+002, 8.0000032E-003, 7.8691815E+002, 6.4940625E+002
 2.9100000E+002, 8.0000032E-003, 7.8730475E+002, 6.5104126E+002
 2.9200000E+002, 8.0000032E-003, 7.8768762E+002, 6.5266266E+002
 2.9300000E+002, 8.0000032E-003, 7.8807050E+002, 6.5427081E+002
 2.9400000E+002, 8.0000032E-003, 7.8844995E+002, 6.5586584E+002
 2.9500000E+002, 8.0000032E-003, 7.8882678E+002, 6.5744788E+002
 2.9600000E+002, 8.0000032E-003, 7.8920312E+002, 6.5901685E+002
 2.9700000E+002, 8.0000032E-003, 7.8957281E+002, 6.6057281E+002
 2.9800000E+002, 8.0000032E-003, 7.8994183E+002, 6.6211609E+002
 2.9900000E+002, 8.0000032E-003, 7.9031006E+002, 6.6364691E+002
 3.0000000E+002, 8.0000032E-003, 7.9067450E+002, 6.6516492E+002
 3.0100000E+002, 8.0000032E-003, 7.9103650E+002, 6.6667059E+002
 3.0200000E+002, 8.0000032E-003, 7.9139777E+002, 6.6816394E+002
 3.0300000E+002, 8.0000032E-003, 7.9175470E+002, 6.6964514E+002
 3.0400000E+002, 8.0000032E-003, 7.9210968E+002, 6.7111407E+002
 3.0500000E+002, 8.0000032E-003, 7.9246387E+002, 6.7257104E+002
 3.0600000E+002, 8.0000032E-003, 7.9281409E+002, 6.7401605E+002
 3.0700000E+002, 8.0000032E-003, 7.9316278E+002, 6.7544922E+002
 3.0800000E+002, 8.0000032E-003, 7.9350574E+002, 6.7687061E+002
 3.0900000E+002, 8.0000032E-003, 7.9385040E+002, 6.7828027E+002
 3.1000000E+002, 8.0000032E-003, 7.9418976E+002, 6.7967853E+002
 3.1100000E+002, 8.0000032E-003, 7.9452960E+002, 6.8106519E+002
 3.1200000E+002, 8.0000032E-003, 7.9486517E+002, 6.8244061E+002
 3.1300000E+002, 8.0000032E-003, 7.9519946E+002, 6.8380457E+002
 3.1400000E+002, 8.0000032E-003, 7.9553278E+002, 6.8515729E+002
 3.1500000E+002, 8.0000032E-003, 7.9585986E+002, 6.8649908E+002
 3.1600000E+002, 8.0000032E-003, 7.9618671E+002, 6.8782977E+002
 3.1700000E+002, 8.0000032E-003, 7.9651172E+002, 6.8914948E+002
 3.1800000E+002, 8.0000032E-003, 7.9683380E+002, 6.9045837E+002
 3.1900000E+002, 8.0000032E-003, 7.9715375E+002, 6.9175647E+002
 3.2000000E+002, 8.0000032E-003, 7.9747327E+002, 6.9304388E+002
 3.2100000E+002, 8.0000032E-003, 7.9778589E+002, 6.9432068E+002
 3.2200000E+002, 8.0000032E-003, 7.9810034E+002, 6.9558710E+002
 3.2300000E+002, 8.0000032E-003, 7.9841150E+002, 6.9684302E+002
 3.2400000E+002, 8.0000032E-003, 7.9872058E+002, 6.9808862E+002
 3.2500000E+002, 8.0000032E-003, 7.9902759E+002, 6.9932385E+002
 3.2600000E+002, 8.0000032E-003, 7.9933124E+002, 7.0054889E+002
 3.2700000E+002, 8.0000032E-003, 7.9963318E+002, 7.0176385E+002
 3.2800000E+002, 8.0000032E-003, 7.9993347E+002, 7.0296881E+002
 3.2900000E+002, 8.0000032E-003, 8.0023309E+002, 7.0416370E+002
 3.3000000E+002, 8.0000032E-003, 8.0052625E+002, 7.0534875E+002
 3.3100000E+002, 8.0000032E-003, 8.0082050E+002, 7.0652399E+002
 3.3200000E+002, 8.0000032E-003, 8.0111163E+002, 7.0768964E+002
 3.3300000E+002, 8.0000032E-003, 8.0140210E+002, 7.0884558E+002
 3.3400000E+002, 8.0000032E-003, 8.0168646E+002, 7.0999194E+002
 3.3500000E+002, 8.0000032E-003, 8.0197339E+002, 7.1112885E+002
 3.3600000E+002, 8.0000032E-003, 8.0225574E+002, 7.1225623E+002
 3.3700000E+002, 8.0000032E-003, 8.0253540E+002, 7.1337427E+002
 3.3800000E+002, 8.0000032E-003, 8.0281604E+002, 7.1448303E+002
 3.3900000E+002, 8.0000032E-003, 8.0309204E+002, 7.1558276E+002
 3.4000000E+002, 8.0000032E-003, 8.0336737E+002, 7.1667310E+002
 3.4100000E+002, 8.0000032E-003, 8.0363855E+002, 7.1775452E+002
 3.4200000E+002, 8.0000032E-003, 8.0390967E+002, 7.1882697E+002
 3.4300000E+002, 8.0000032E-003, 8.0417828E+002, 7.1989044E+002
 3.4400000E+002, 8.0000032E-003, 8.0444489E+002, 7.2094501E+002
 3.4500000E+002, 8.0000032E-003, 8.0470935E+002, 7.2199097E+002
 3.4600000E+002, 8.0000032E-003, 8.0497229E+002, 7.2302808E+002
 3.4700000E+002, 8.0000032E-003, 8.0523132E+002, 7.2405664E+002
 3.4800000E+002, 8.0000032E-003, 8.0549023E+002, 7.2507660E+002
 3.4900000E+002, 8.0000032E-003, 8.0574689E+002, 7.2608801E+002
 3.5000000E+002, 8.0000032E-003, 8.0600165E+002, 7.2709094E+002
 3.5100000E+002, 8.0000032E-003, 8.0625452E+002, 7.2808551E+002
 3.5200000E+002, 8.0000032E-003, 8.0650568E+002, 7.2907190E+002
 3.5300000E+002, 8.0000032E-003, 8.0675354E+002, 7.3004993E+002
 3.5400000E+002, 8.0000032E-003, 8.0700256E+002, 7.3101978E+002
 3.5500000E+002, 8.0000032E-003, 8.0724512E+002, 7.3198151E+002
 3.5600000E+002, 8.0000032E-003, 8.0749054E+002, 7.3293518E+002
 3.5700000E+002, 8.0000032E-003, 8.0773187E+002, 7.3388104E+002
 3.5800000E+002, 8.0000032E-003, 8.0797083E+002, 7.3481879E+002
 3.5900000E+002, 8.0000032E-003, 8.0820941E+002, 7.3574872E+002
 3.6000000E+002, 8.0000032E-003, 8.0844556E+002, 7.3667096E+002
 3.6100000E+002, 8.0000032E-003, 8.0867786E+002, 7.3758539E+002
 3.6200000E+002, 8.0000032E-003, 8.0891278E+002, 7.3849207E+002
 3.6300000E+002, 8.0000032E-003, 8.0914044E+002, 7.3939124E+002
 3.6400000E+002, 8.0000032E-003, 8.0937122E+002, 7.4028284E+002
 3.6500000E+002, 8.0000032E-003, 8.0959698E+002, 7.4116693E+002
 3.6600000E+002, 8.0000032E-003, 8.0982306E+002, 7.4204352E+002
 3.6700000E+002, 8.0000032E-003, 8.1004620E+002, 7.4291284E+002
 3.6800000E+002, 8.0000032E-003, 8.1026740E+002, 7.4377478E+002
 3.6900000E+002, 8.0000032E-003, 8.1048907E+002, 7.4462958E+002
 3.7000000E+002, 8.0000032E-003, 8.1070532E+002, 7.4547711E+002
 3.7100000E+002, 8.0000032E-003, 8.1092401E+002, 7.4631744E+002
 3.7200000E+002, 8.0000032E-003, 8.1113696E+002, 7.4715076E+002
 3.7300000E+002, 8.0000032E-003, 8.1135162E+002, 7.4797705E+002
 3.7400000E+002, 8.0000032E-003, 8.1156134E+002, 7.4879639E+002
 3.7500000E+002, 8.0000032E-003, 8.1177344E+002, 7.4960883E+002
 3.7600000E+002, 8.0000032E-003, 8.1198108E+002, 7.5041437E+002
 3.7700000E+002, 8.0000032E-003, 8.1218738E+002, 7.5121307E+002
 3.7800000E+002, 8.0000032E-003, 8.1239374E+002, 7.5200507E+002
 3.7900000E+002, 8.0000032E-003, 8.1259528E+002, 7.5279034E+002
 3.8000000E+002, 8.0000032E-003, 8.1279974E+002, 7.5356903E+002
 3.8100000E+002, 8.0000032E-003, 8.1299719E+002, 7.5434106E+002
 3.8200000E+002, 8.0000032E-003, 8.1319781E+002, 7.5510663E+002
 3.8300000E+002, 8.0000032E-003, 8.1339374E+002, 7.5586566E+002
 3.8400000E+002, 8.0000032E-003, 8.1359076E+002, 7.5661835E+002
 3.8500000E+002, 8.0000032E-003, 8.1378265E+002, 7.5736462E+002
 3.8600000E+002, 8.0000032E-003, 8.1397766E+002, 7.5810443E+002
 3.8700000E+002, 8.0000032E-003, 8.1416571E+002, 7.5883801E+002
 3.8800000E+002, 8.0000032E-003, 8.1435791E+002, 7.5956549E+002
 3.8900000E+002, 8.0000032E-003, 8.1454352E+002, 7.6028680E+002
 3.9000000E+002, 8.0000032E-003, 8.1473297E+002, 7.6100189E+002
 3.9100000E+002, 8.0000032E-003, 8.1491479E+002, 7.6171088E+002
 3.9200000E+002, 8.0000032E-003, 8.1509912E+002, 7.6241388E+002
 3.9300000E+002, 8.0000032E-003, 8.1528149E+002, 7.6311102E+002
 3.9400000E+002, 8.0000032E-003, 8.1546051E+002, 7.6380219E+002
 3.9500000E+002, 8.0000032E-003, 8.1564178E+002, 7.6448737E+002
 3.9600000E+002, 8.0000032E-003, 8.1581732E+002, 7.6516681E+002
 3.9700000E+002, 8.0000032E-003, 8.1599554E+002, 7.6584052E+002
 3.9800000E+002, 8.0000032E-003, 8.1616882E+002, 7.6650830E+002
 3.9900000E+002, 8.0000032E-003, 8.1634460E+002, 7.6717053E+002
 4.0000000E+002, 8.0000032E-003, 8.1651379E+002, 7.6782715E+002
 4.0100000E+002, 8.0000032E-003, 8.1668787E+002, 7.6847809E+002
 4.0200000E+002, 8.0000032E-003, 8.1685455E+002, 7.6912354E+002
 4.0300000E+002, 8.0000032E-003, 8.1702252E+002, 7.6976343E+002
 4.0400000E+002, 8.0000032E-003, 8.1719037E+002, 7.7039783E+002
 4.0500000E+002, 8.0000032E-003, 8.1735382E+002, 7.7102686E+002
 4.0600000E+002, 8.0000032E-003, 8.1751953E+002, 7.7165045E+002
 4.0700000E+002, 8.0000032E-003, 8.1768079E+002, 7.7226886E+002
 4.0800000E+002, 8.0000032E-003, 8.1784204E+002, 7.7288190E+002
 4.0900000E+002, 8.0000032E-003, 8.1800244E+002, 7.7348969E+002
 4.1000000E+002, 8.0000032E-003, 8.1816040E+002, 7.7409235E+002
 4.1100000E+002, 8.0000032E-003, 8.1831897E+002, 7.7468976E+002
 4.1200000E+002, 8.0000032E-003, 8.1847394E+002, 7.7528217E+002
 4.1300000E+002, 8.0000032E-003, 8.1862860E+002, 7.7586938E+002
 4.1400000E+002, 8.0000032E-003, 8.1878333E+002, 7.7645160E+002
 4.1500000E+002, 8.0000032E-003, 8.1893433E+002, 7.7702887E+002
 4.1600000E+002, 8.0000032E-003, 8.1908734E+002, 7.7760120E+002
 4.1700000E+002, 8.0000032E-003, 8.1923578E+002, 7.7816858E+002
 4.1800000E+002, 8.0000032E-003, 8.1938379E+002, 7.7873114E+002
 4.1900000E+002, 8.0000032E-003, 8.1953278E+002, 7.7928888E+002
 4.2000000E+002, 8.0000032E-003, 8.1967725E+002, 7.7984180E+002
 4.2100000E+002, 8.0000032E-003, 8.1982428E+002, 7.8039001E+002
 4.2200000E+002, 8.0000032E-003, 8.1996655E+002, 7.8093353E+002
 4.2300000E+002, 8.0000032E-003, 8.2010938E+002, 7.8147229E+002
 4.2400000E+002, 8.0000032E-003, 8.2025098E+002, 7.8200647E+002
 4.2500000E+002, 8.0000032E-003, 8.2039160E+002, 7.8253613E+002
 4.2600000E+002, 8.0000032E-003, 8.2052985E+002, 7.8306116E+002
 4.2700000E+002, 8.0000032E-003, 8.2066901E+002, 7.8358167E+002
 4.2800000E+002, 8.0000032E-003, 8.2080524E+002, 7.8409778E+002
 4.2900000E+002, 8.0000032E-003, 8.2094031E+002, 7.8460938E+002
 4.3000000E+002, 8.0000032E-003, 8.2107611E+002, 7.8511658E+002
 4.3100000E+002, 8.0000032E-003, 8.2120886E+002, 7.8561945E+002
 4.3200000E+002, 8.0000032E-003, 8.2134094E+002, 7.8611798E+002
 4.3300000E+002, 8.0000032E-003, 8.2147351E+002, 7.8661218E+002
 4.3400000E+002, 8.0000032E-003, 8.2160278E+002, 7.8710217E+002
 4.3500000E+002, 8.0000032E-003, 8.2173181E+002, 7.8758795E+002
 4.3600000E+002, 8.0000032E-003, 8.2186029E+002, 7.8806958E+002
 4.3700000E+002, 8.0000032E-003, 8.2198724E+002, 7.8854700E+002
 4.3800000E+002, 8.0000032E-003, 8.2211249E+002, 7.8902026E+002
 4.3900000E+002, 8.0000032E-003, 8.2223853E+002, 7.8948950E+002
 4.4000000E+002, 8.0000032E-003, 8.2236188E+002, 7.8995465E+002
 4.4100000E+002, 8.0000032E-003, 8.2248450E+002, 7.9041583E+002
 4.4200000E+002, 8.0000032E-003, 8.2260699E+002, 7.9087305E+002
 4.4300000E+002, 8.0000032E-003, 8.2272791E+002, 7.9132629E+002
 4.4400000E+002, 8.0000032E-003, 8.2284674E+002, 7.9177557E+002
 4.4500000E+002, 8.0000032E-003, 8.2296704E+002, 7.9222101E+002
 4.4600000E+002, 8.0000032E-003, 8.2308435E+002, 7.9266260E+002
 4.4700000E+002, 8.0000032E-003, 8.2320087E+002, 7.9310028E+002
 4.4800000E+002, 8.0000032E-003, 8.2331592E+002, 7.9353424E+002
 4.4900000E+002, 8.0000032E-003, 8.2343268E+002, 7.9396448E+002
 4.5000000E+002, 8.0000032E-003, 8.2354529E+002, 7.9439099E+002
 4.5100000E+002, 8.0000032E-003, 8.2365833E+002, 7.9481384E+002
 4.5200000E+002, 8.0000032E-003, 8.2377167E+002, 7.9523297E+002
 4.5300000E+002, 8.0000032E-003, 8.2388171E+002, 7.9564850E+002
 4.5400000E+002, 8.0000032E-003, 8.2399194E+002, 7.9606042E+002
 4.5500000E+002, 8.0000032E-003, 8.2410089E+002, 7.9646881E+002
 4.5600000E+002, 8.0000032E-003, 8.2421033E+002, 7.9687366E+002
 4.5700000E+002, 8.0000032E-003, 8.2431683E+002, 7.9727496E+002
 4.5800000E+002, 8.0000032E-003, 8.2442377E+002, 7.9767285E+002
 4.5900000E+002, 8.0000032E-003, 8.2452991E+002, 7.9806720E+002
 4.6000000E+002, 8.0000032E-003, 8.2463440E+002, 7.9845819E+002
 4.6100000E+002, 8.0000032E-003, 8.2473840E+002, 7.9884583E+002
 4.6200000E+002, 8.0000032E-003, 8.2484033E+002, 7.9923004E+002
 4.6300000E+002, 8.0000032E-003, 8.2494409E+002, 7.9961096E+002
 4.6400000E+002, 8.0000032E-003, 8.2504456E+002, 7.9998853E+002
 4.6500000E+002, 8.0000032E-003, 8.2514508E+002, 8.0036279E+002
 4.6600000E+002, 8.0000032E-003, 8.2524365E+002, 8.0073383E+002
 4.6700000E+002, 8.0000032E-003, 8.2534448E+002, 8.0110168E+002
 4.6800000E+002, 8.0000032E-003, 8.2544080E+002, 8.0146637E+002
 4.6900000E+002, 8.0000032E-003, 8.2553851E+002, 8.0182782E+002
 4.7000000E+002, 8.0000032E-003, 8.2563379E+002, 8.0218616E+002
 4.7100000E+002, 8.0000032E-003, 8.2573102E+002, 8.0254138E+002
 4.7200000E+002, 8.0000032E-003, 8.2582434E+002, 8.0289349E+002
 4.7300000E+002, 8.0000032E-003, 8.2591907E+002, 8.0324261E+002
 4.7400000E+002, 8.0000032E-003, 8.2601093E+002, 8.0358862E+002
 4.7500000E+002, 8.0000032E-003, 8.2610486E+002, 8.0393164E+002
 4.7600000E+002, 8.0000032E-003, 8.2619537E+002, 8.0427167E+002
 4.7700000E+002, 8.0000032E-003, 8.2628680E+002, 8.0460876E+002
 4.7800000E+002, 8.0000032E-003, 8.2637537E+002, 8.0494293E+002
 4.7900000E+002, 8.0000032E-003, 8.2646503E+002, 8.0527417E+002
 4.8000000E+002, 8.0000032E-003, 8.2655432E+002, 8.0560254E+002
 4.8100000E+002, 8.0000032E-003, 8.2664148E+002, 8.0592804E+002
 4.8200000E+002, 8.0000032E-003, 8.2672827E+002, 8.0625067E+002
 4.8300000E+002, 8.0000032E-003, 8.2681403E+002, 8.0657056E+002
 4.8400000E+002, 8.0000032E-003, 8.2690082E+002, 8.0688763E+002
 4.8500000E+002, 8.0000032E-003, 8.2698505E+002, 8.0720190E+002
 4.8600000E+002, 8.0000032E-003, 8.2706897E+002, 8.0751343E+002
 4.8700000E+002, 8.0000032E-003, 8.2715179E+002, 8.0782233E+002
 4.8800000E+002, 8.0000032E-003, 8.2723438E+002, 8.0812848E+002
 4.8900000E+002, 8.0000032E-003, 8.2731757E+002, 8.0843195E+002
 4.9000000E+002, 8.0000032E-003, 8.2739771E+002, 8.0873279E+002
 4.9100000E+002, 8.0000032E-003, 8.2747876E+002, 8.0903101E+002
 4.9200000E+002, 8.0000032E-003, 8.2755792E+002, 8.0932666E+002
 4.9300000E+002, 8.0000032E-003, 8.2763690E+002, 8.0961969E+002
 4.9400000E+002, 8.0000032E-003, 8.2771661E+002, 8.0991010E+002
 4.9500000E+002, 8.0000032E-003, 8.2779364E+002, 8.1019806E+002
 4.9600000E+002, 8.0000032E-003, 8.2787103E+002, 8.1048352E+002
 4.9700000E+002, 8.0000032E-003, 8.2794714E+002, 8.1076642E+002
 4.9800000E+002, 8.0000032E-003, 8.2802234E+002, 8.1104688E+002
 4.9900000E+002, 8.0000032E-003, 8.2809894E+002, 8.1132489E+002
 5.0000000E+002, 8.0000032E-003, 8.2817297E+002, 8.1160046E+002
 5.0100000E+002, 8.0000032E-003, 8.2824701E+002, 8.1187366E+002
 5.0200000E+002, 8.0000032E-003, 8.2831952E+002, 8.1214447E+002
 5.0300000E+002, 8.0000032E-003, 8.2839233E+002, 8.1241284E+002
 5.0400000E+002, 8.0000032E-003, 8.2846552E+002, 8.1267889E+002
 5.0500000E+002, 8.0000032E-003, 8.2853625E+002, 8.1294269E+002
 5.0600000E+002, 8.0000032E-003, 8.2860742E+002, 8.1320410E+002
 5.0700000E+002, 8.0000032E-003, 8.2867688E+002, 8.1346326E+002
 5.0800000E+002, 8.0000032E-003, 8.2874652E+002, 8.1372015E+002
 5.0900000E+002, 8.0000032E-003, 8.2881506E+002, 8.1397479E+002
 5.1000000E+002, 8.0000032E-003, 8.2888501E+002, 8.1422723E+002
 5.1100000E+002, 8.0000032E-003, 8.2895166E+002, 8.1447742E+002
 5.1200000E+002, 8.0000032E-003, 8.2901953E+002, 8.1472546E+002
 5.1300000E+002, 8.0000032E-003, 8.2908545E+002, 8.1497125E+002
 5.1400000E+002, 8.0000032E-003, 8.2915161E+002, 8.1521497E+002
 5.1500000E+002, 8.0000032E-003, 8.2921667E+002, 8.1545648E+002
 5.1600000E+002, 8.0000032E-003, 8.2928314E+002, 8.1569598E+002
 5.1700000E+002, 8.0000032E-003, 8.2934650E+002, 8.1593329E+002
 5.1800000E+002, 8.0000032E-003, 8.2941095E+002, 8.1616858E+002
 5.1900000E+002, 8.0000032E-003, 8.2947363E+002, 8.1640173E+002
 5.2000000E+002, 8.0000032E-003, 8.2953656E+002, 8.1663287E+002
 5.2100000E+002, 8.0000032E-003, 8.2959796E+002, 8.1686206E+002
 5.2200000E+002, 8.0000032E-003, 8.2966138E+002, 8.1708911E+002
 5.2300000E+002, 8.0000032E-003, 8.2972150E+002, 8.1731427E+002
 5.2400000E+002, 8.0000032E-003, 8.2978290E+002, 8.1753748E+002
 5.2500000E+002, 8.0000032E-003, 8.2984216E+002, 8.1775867E+002
 5.2600000E+002, 8.0000032E-003, 8.2990179E+002, 8.1797791E+002
 5.2700000E+002, 8.0000032E-003, 8.2996027E+002, 8.1819525E+002
 5.2800000E+002, 8.0000032E-003, 8.3002057E+002, 8.1841071E+002
 5.2900000E+002, 8.0000032E-003, 8.3007751E+002, 8.1862421E+002
 5.3000000E+002, 8.0000032E-003, 8.3013586E+002, 8.1883588E+002
 5.3100000E+002, 8.0000032E-003, 8.3019202E+002, 8.1904572E+002
 5.3200000E+002, 8.0000032E-003, 8.3024878E+002, 8.1925366E+002
 5.3300000E+002, 8.0000032E-003, 8.3030450E+002, 8.1945978E+002
 5.3400000E+002, 8.0000032E-003, 8.3035999E+002, 8.1966412E+002
 5.3500000E+002, 8.0000032E-003, 8.3041626E+002, 8.1986664E+002
 5.3600000E+002, 8.0000032E-003, 8.3047052E+002, 8.2006744E+002
 5.3700000E+002, 8.0000032E-003, 8.3052478E+002, 8.2026642E+002
 5.3800000E+002, 8.0000032E-003, 8.3057794E+002, 8.2046368E+002
 5.3900000E+002, 8.0000032E-003, 8.3063135E+002, 8.2065918E+002
 5.4000000E+002, 8.0000032E-003, 8.3068372E+002, 8.2085303E+002
 5.4100000E+002, 8.0000032E-003, 8.3073590E+002, 8.2104510E+002
 5.4200000E+002, 8.0000032E-003, 8.3078748E+002, 8.2123553E+002
 5.4300000E+002, 8.0000032E-003, 8.3084033E+002, 8.2142426E+002
 5.4400000E+002, 8.0000032E-003, 8.3089038E+002, 8.2161133E+002
 5.4500000E+002, 8.0000032E-003, 8.3094147E+002, 8.2179675E+002
 5.4600000E+002, 8.0000032E-003, 8.3099097E+002, 8.2198053E+002
 5.4700000E+002, 8.0000032E-003, 8.3104071E+002, 8.2216272E+002
 5.4800000E+002, 8.0000032E-003, 8.3108966E+002, 8.2234332E+002
 5.4900000E+002, 8.0000032E-003, 8.3113831E+002, 8.2252234E+002
 5.5000000E+002, 8.0000032E-003, 8.3118805E+002, 8.2269977E+002
 5.5100000E+002, 8.0000032E-003, 8.3123529E+002, 8.2287561E+002
 5.5200000E+002, 8.0000032E-003, 8.3128308E+002, 8.2304993E+002
 5.5300000E+002, 8.0000032E-003, 8.3132977E+002, 8.2322266E+002
 5.5400000E+002, 8.0000032E-003, 8.3137671E+002, 8.2339392E+002
 5.5500000E+002, 8.0000032E-003, 8.3142267E+002, 8.2356372E+002
 5.5600000E+002, 8.0000032E-003, 8.3146857E+002, 8.2373193E+002
 5.5700000E+002, 8.0000032E-003, 8.3151367E+002, 8.2389874E+002
 5.5800000E+002, 8.0000032E-003, 8.3155853E+002, 8.2406403E+002
 5.5900000E+002, 8.0000032E-003, 8.3160468E+002, 8.2422791E+002
 5.6000000E+002, 8.0000032E-003, 8.3164844E+002, 8.2439032E+002
 5.6100000E+002, 8.0000032E-003, 8.3169269E+002, 8.2455127E+002
 5.6200000E+002, 8.0000032E-003, 8.3173584E+002, 8.2471088E+002
 5.6300000E+002, 8.0000032E-003, 8.3177924E+002, 8.2486902E+002
 5.6400000E+002, 8.0000032E-003, 8.3182159E+002, 8.2502576E+002
 5.6500000E+002, 8.0000032E-003, 8.3186395E+002, 8.2518115E+002
 5.6600000E+002, 8.0000032E-003, 8.3190588E+002, 8.2533514E+002
 5.6700000E+002, 8.0000032E-003, 8.3194733E+002, 8.2548785E+002
 5.6800000E+002, 8.0000032E-003, 8.3199011E+002, 8.2563916E+002
 5.6900000E+002, 8.0000032E-003, 8.3203052E+002, 8.2578912E+002
 5.7000000E+002, 8.0000032E-003, 8.3207141E+002, 8.2593781E+002
 5.7100000E+002, 8.0000032E-003, 8.3211127E+002, 8.2608514E+002
 5.7200000E+002, 8.0000032E-003, 8.3215137E+002, 8.2623120E+002
 5.7300000E+002, 8.0000032E-003, 8.3219043E+002, 8.2637598E+002
 5.7400000E+002, 8.0000032E-003, 8.3222968E+002, 8.2651947E+002
 5.7500000E+002, 8.0000032E-003, 8.3226843E+002, 8.2666168E+002
 5.7600000E+002, 8.0000032E-003, 8.3230688E+002, 8.2680261E+002
 5.7700000E+002, 8.0000032E-003, 8.3234467E+002, 8.2694238E+002
 5.7800000E+002, 8.0000032E-003, 8.3238434E+002, 8.2708087E+002
 5.7900000E+002, 8.0000032E-003, 8.3242102E+002, 8.2721814E+002
 5.8000000E+002, 8.0000032E-003, 8.3245868E+002, 8.2735419E+002
 5.8100000E+002, 8.0000032E-003, 8.3249506E+002, 8.2748907E+002
 5.8200000E+002, 8.0000032E-003, 8.3253186E+002, 8.2762274E+002
 5.8300000E+002, 8.0000032E-003, 8.3256769E+002, 8.2775519E+002
 5.8400000E+002, 8.0000032E-003, 8.3260382E+002, 8.2788654E+002
 5.8500000E+002, 8.0000032E-003, 8.3263904E+002, 8.2801672E+002
 5.8600000E+002, 8.0000032E-003, 8.3267438E+002, 8.2814569E+002
 5.8700000E+002, 8.0000032E-003, 8.3270911E+002, 8.2827362E+002
 5.8800000E+002, 8.0000032E-003, 8.3274365E+002, 8.2840033E+002
 5.8900000E+002, 8.0000032E-003, 8.3277948E+002, 8.2852594E+002
 5.9000000E+002, 8.0000032E-003, 8.3281299E+002, 8.2865045E+002
 5.9100000E+002, 8.0000032E-003, 8.3284711E+002, 8.2877393E+002
 5.9200000E+002, 8.0000032E-003, 8.3288019E+002, 8.2889624E+002
 5.9300000E+002, 8.0000032E-003, 8.3291357E+002, 8.2901746E+002
 5.9400000E+002, 8.0000032E-003, 8.3294617E+002, 8.2913770E+002
 5.9500000E+002, 8.0000032E-003, 8.3297882E+002, 8.2925677E+002
 5.9600000E+002, 8.0000032E-003, 8.3301105E+002, 8.2937488E+002
 5.9700000E+002, 8.0000032E-003, 8.3304303E+002, 8.2949188E+002
 5.9800000E+002, 8.0000032E-003, 8.3307458E+002, 8.2960785E+002
 5.9900000E+002, 8.0000032E-003, 8.3310614E+002, 8.2972284E+002
 6.0000000E+002, 8.0000032E-003, 8.3313684E+002, 8.2983679E+002
 6.0100000E+002, 8.0000032E-003, 8.3316943E+002, 8.2994971E+002
 6.0200000E+002, 8.0000032E-003, 8.3319940E+002, 8.3006165E+002
 6.0300000E+002, 8.0000032E-003, 8.3323029E+002, 8.3017261E+002
 6.0400000E+002, 8.0000032E-003, 8.3325995E+002, 8.3028259E+002
 6.0500000E+002, 8.0000032E-003, 8.3329016E+002, 8.3039160E+002
 6.0600000E+002, 8.0000032E-003, 8.3331940E+002, 8.3049963E+002
 6.0700000E+002, 8.0000032E-003, 8.3334882E+002, 8.3060675E+002
 6.0800000E+002, 8.0000032E-003, 8.3337775E+002, 8.3071289E+002
 6.0900000E+002, 8.0000032E-003, 8.3340656E+002, 8.3081812E+002
 6.1000000E+002, 8.0000032E-003, 8.3343488E+002, 8.3092236E+002
 6.1100000E+002, 8.0000032E-003, 8.3346326E+002, 8.3102570E+002
 6.1200000E+002, 8.0000032E-003, 8.3349109E+002, 8.3112817E+002
 6.1300000E+002, 8.0000032E-003, 8.3351880E+002, 8.3122968E+002
 6.1400000E+002, 8.0000032E-003, 8.3354797E+002, 8.3133032E+002
 6.1500000E+002, 8.0000032E-003, 8.3357465E+002, 8.3143005E+002
 6.1600000E+002, 8.0000032E-003, 8.3360217E+002, 8.3152893E+002
 6.1700000E+002, 8.0000032E-003, 8.3362872E+002, 8.3162689E+002
 6.1800000E+002, 8.0000032E-003, 8.3365552E+002, 8.3172406E+002
 6.1900000E+002, 8.0000032E-003, 8.3368164E+002, 8.3182031E+002
 6.2000000E+002, 8.0000032E-003, 8.3370795E+002, 8.3191571E+002
 6.2100000E+002, 8.0000032E-003, 8.3373364E+002, 8.3201025E+002
 6.2200000E+002, 8.0000032E-003, 8.3375934E+002, 8.3210400E+002
 6.2300000E+002, 8.0000032E-003, 8.3378467E+002, 8.3219690E+002
 6.2400000E+002, 8.0000032E-003, 8.3380994E+002, 8.3228900E+002
 6.2500000E+002, 8.0000032E-003, 8.3383478E+002, 8.3238025E+002
 6.2600000E+002, 8.0000032E-003, 8.3385962E+002, 8.3247070E+002
 6.2700000E+002, 8.0000032E-003, 8.3388409E+002, 8.3256036E+002
 6.2800000E+002, 8.0000032E-003, 8.3390833E+002, 8.3264923E+002
 6.2900000E+002, 8.0000032E-003, 8.3393408E+002, 8.3273730E+002
 6.3000000E+002, 8.0000032E-003, 8.3395740E+002, 8.3282458E+002
 6.3100000E+002, 8.0000032E-003, 8.3398151E+002, 8.3291113E+002
 6.3200000E+002, 8.0000032E-003, 8.3400476E+002, 8.3299689E+002
 6.3300000E+002, 8.0000032E-003, 8.3402826E+002, 8.3308191E+002
 6.3400000E+002, 8.0000032E-003, 8.3405109E+002, 8.3316614E+002
 6.3500000E+002, 8.0000032E-003, 8.3407422E+002, 8.3324963E+002
 6.3600000E+002, 8.0000032E-003, 8.3409662E+002, 8.3333240E+002
 6.3700000E+002, 8.0000032E-003, 8.3411920E+002, 8.3341443E+002
 6.3800000E+002, 8.0000032E-003, 8.3414142E+002, 8.3349579E+002
 6.3900000E+002, 8.0000032E-003, 8.3416351E+002, 8.3357635E+002
 6.4000000E+002, 8.0000032E-003, 8.3418530E+002, 8.3365619E+002
 6.4100000E+002, 8.0000032E-003, 8.3420709E+002, 8.3373535E+002
 6.4200000E+002, 8.0000032E-003, 8.3422845E+002, 8.3381384E+002
 6.4300000E+002, 8.0000032E-003, 8.3424976E+002, 8.3389160E+002
 6.4400000E+002, 8.0000032E-003, 8.3427087E+002, 8.3396869E+002
 6.4500000E+002, 8.0000032E-003, 8.3429181E+002, 8.3404510E+002
 6.4600000E+002, 8.0000032E-003, 8.3431238E+002, 8.3412079E+002
 6.4700000E+002, 8.0000032E-003, 8.3433466E+002, 8.3419586E+002
 6.4800000E+002, 8.0000032E-003, 8.3435437E+002, 8.3427026E+002
 6.4900000E+002, 8.0000032E-003, 8.3437512E+002, 8.3434399E+002
 6.5000000E+002, 8.0000032E-003, 8.3439484E+002, 8.3441705E+002
 6.5100000E+002, 8.0000032E-003, 8.3441492E+002, 8.3448944E+002
 6.5200000E+002, 8.0000032E-003, 8.3443439E+002, 8.3456128E+002
 6.5300000E+002, 8.0000032E-003, 8.3445410E+002, 8.3463239E+002
 6.5400000E+002, 8.0000032E-003, 8.3447327E+002, 8.3470294E+002
 6.5500000E+002, 8.0000032E-003, 8.3449255E+002, 8.3477283E+002
 6.5600000E+002, 8.0000032E-003, 8.3451141E+002, 8.3484210E+002
 6.5700000E+002, 8.0000032E-003, 8.3453033E+002, 8.3491077E+002
 6.5800000E+002, 8.0000032E-003, 8.3454883E+002, 8.3497882E+002
 6.5900000E+002, 8.0000032E-003, 8.3456744E+002, 8.3504626E+002
 6.6000000E+002, 8.0000032E-003, 8.3458563E+002, 8.3511310E+002
 6.6100000E+002, 8.0000032E-003, 8.3460388E+002, 8.3517938E+002
 6.6200000E+002, 8.0000032E-003, 8.3462183E+002, 8.3524500E+002
 6.6300000E+002, 8.0000032E-003, 8.3463971E+002, 8.3531012E+002
 6.6400000E+002, 8.0000032E-003, 8.3465729E+002, 8.3537463E+002
 6.6500000E+002, 8.0000032E-003, 8.3467493E+002, 8.3543860E+002
 6.6600000E+002, 8.0000032E-003, 8.3469220E+002, 8.3550195E+002
 6.6700000E+002, 8.0000032E-003, 8.3470941E+002, 8.3556476E+002
 6.6800000E+002, 8.0000032E-003, 8.3472809E+002, 8.3562701E+002
 6.6900000E+002, 8.0000032E-003, 8.3474445E+002, 8.3568872E+002
 6.7000000E+002, 8.0000032E-003, 8.3476166E+002, 8.3574988E+002
 6.7100000E+002, 8.0000032E-003, 8.3477802E+002, 8.3581049E+002
 6.7200000E+002, 8.0000032E-003, 8.3479474E+002, 8.3587054E+002
 6.7300000E+002, 8.0000032E-003, 8.3481085E+002, 8.3593011E+002
 6.7400000E+002, 8.0000032E-003, 8.3482727E+002, 8.3598914E+002
 6.7500000E+002, 8.0000032E-003, 8.3484314E+002, 8.3604761E+002
 6.7600000E+002, 8.0000032E-003, 8.3485913E+002, 8.3610559E+002
 6.7700000E+002, 8.0000032E-003, 8.3487482E+002, 8.3616302E+002
 6.7800000E+002, 8.0000032E-003, 8.3489050E+002, 8.3621997E+002
 6.7900000E+002, 8.0000032E-003, 8.3490588E+002, 8.3627643E+002
 6.8000000E+002, 8.0000032E-003, 8.3492139E+002, 8.3633240E+002
 6.8100000E+002, 8.0000032E-003, 8.3493652E+002, 8.3638782E+002
 6.8200000E+002, 8.0000032E-003, 8.3495160E+002, 8.3644281E+002
 6.8300000E+002, 8.0000032E-003, 8.3496655E+002, 8.3649725E+002
 6.8400000E+002, 8.0000032E-003, 8.3498138E+002, 8.3655127E+002
 6.8500000E+002, 8.0000032E-003, 8.3499597E+002, 8.3660474E+002
 6.8600000E+002, 8.0000032E-003, 8.3501062E+002, 8.3665778E+002
 6.8700000E+002, 8.0000032E-003, 8.3502496E+002, 8.3671033E+002
 6.8800000E+002, 8.0000032E-003, 8.3503925E+002, 8.3676245E+002
 6.8900000E+002, 8.0000032E-003, 8.3505341E+002, 8.3681409E+002
 6.9000000E+002, 8.0000032E-003, 8.3506738E+002, 8.3686523E+002
 6.9100000E+002, 8.0000032E-003, 8.3508130E+002, 8.3691595E+002
 6.9200000E+002, 8.0000032E-003, 8.3509503E+002, 8.3696625E+002
 6.9300000E+002, 8.0000032E-003, 8.3511035E+002, 8.3701605E+002
 6.9400000E+002, 8.0000032E-003, 8.3512329E+002, 8.3706549E+002
 6.9500000E+002, 8.0000032E-003, 8.3513733E+002, 8.3711438E+002
 6.9600000E+002, 8.0000032E-003, 8.3515027E+002, 8.3716290E+002
 6.9700000E+002, 8.0000032E-003, 8.3516376E+002, 8.3721100E+002
 6.9800000E+002, 8.0000032E-003, 8.3517670E+002, 8.3725867E+002
 6.9900000E+002, 8.0000032E-003, 8.3518982E+002, 8.3730591E+002
 7.0000000E+002, 8.0000032E-003, 8.3520251E+002, 8.3735266E+002
 7.0100000E+002, 8.0000032E-003, 8.3521539E+002, 8.3739911E+002
 7.0200000E+002, 8.0000032E-003, 8.3522791E+002, 8.3744507E+002
 7.0300000E+002, 8.0000032E-003, 8.3524048E+002, 8.3749066E+002
 7.0400000E+002, 8.0000032E-003, 8.3525281E+002, 8.3753583E+002
 7.0500000E+002, 8.0000032E-003, 8.3526520E+002, 8.3758057E+002
 7.0600000E+002, 8.0000032E-003, 8.3527728E+002, 8.3762494E+002
 7.0700000E+002, 8.0000032E-003, 8.3528943E+002, 8.3766895E+002
 7.0800000E+002, 8.0000032E-003, 8.3530133E+002, 8.3771252E+002
 7.0900000E+002, 8.0000032E-003, 8.3531317E+002, 8.3775574E+002
 7.1000000E+002, 8.0000032E-003, 8.3532495E+002, 8.3779858E+002
 7.1100000E+002, 8.0000032E-003, 8.3533661E+002, 8.3784100E+002
 7.1200000E+002, 8.0000032E-003, 8.3534808E+002, 8.3788306E+002
 7.1300000E+002, 8.0000032E-003, 8.3535962E+002, 8.3792474E+002
 7.1400000E+002, 8.0000032E-003, 8.3537091E+002, 8.3796606E+002
 7.1500000E+002, 8.0000032E-003, 8.3538214E+002, 8.3800702E+002
 7.1600000E+002, 8.0000032E-003, 8.3539331E+002, 8.3804761E+002
 7.1700000E+002, 8.0000032E-003, 8.3540436E+002, 8.3808783E+002
 7.1800000E+002, 8.0000032E-003, 8.3541528E+002, 8.3812769E+002
 7.1900000E+002, 8.0000032E-003, 8.3542615E+002, 8.3816724E+002
 7.2000000E+002, 8.0000032E-003, 8.3543689E+002, 8.3820636E+002
 7.2100000E+002, 8.0000032E-003, 8.3544751E+002, 8.3824524E+002
 7.2200000E+002, 8.0000032E-003, 8.3545807E+002, 8.3828369E+002
 7.2300000E+002, 8.0000032E-003, 8.3546857E+002, 8.3832184E+002
 7.2400000E+002, 8.0000032E-003, 8.3547888E+002, 8.3835962E+002
 7.2500000E+002, 8.0000032E-003, 8.3548914E+002, 8.3839709E+002
 7.2600000E+002, 8.0000032E-003, 8.3550098E+002, 8.3843420E+002
 7.2700000E+002, 8.0000032E-003, 8.3551050E+002, 8.3847101E+002
 7.2800000E+002, 8.0000032E-003, 8.3552112E+002, 8.3850745E+002
 7.2900000E+002, 8.0000032E-003, 8.3553070E+002, 8.3854358E+002
 7.3000000E+002, 8.0000032E-003, 8.3554083E+002, 8.3857941E+002
 7.3100000E+002, 8.0000032E-003, 8.3555042E+002, 8.3861493E+002
 7.3200000E+002, 8.0000032E-003, 8.3556024E+002, 8.3865015E+002
 7.3300000E+002, 8.0000032E-003, 8.3556970E+002, 8.3868500E+002
 7.3400000E+002, 8.0000032E-003, 8.3557935E+002, 8.3871960E+002
 7.3500000E+002, 8.0000032E-003, 8.3558862E+002, 8.3875385E+002
 7.3600000E+002, 8.0000032E-003, 8.3559802E+002, 8.3878778E+002
 7.3700000E+002, 8.0000032E-003, 8.3560718E+002, 8.3882147E+002
 7.3800000E+002, 8.0000032E-003, 8.3561646E+002, 8.3885480E+002
 7.3900000E+002, 8.0000032E-003, 8.3562543E+002, 8.3888788E+002
 7.4000000E+002, 8.0000032E-003, 8.3563452E+002, 8.3892059E+002
 7.4100000E+002, 8.0000032E-003, 8.3564337E+002, 8.3895312E+002
 7.4200000E+002, 8.0000032E-003, 8.3565222E+002, 8.3898529E+002
 7.4300000E+002, 8.0000032E-003, 8.3566101E+002, 8.3901721E+002
 7.4400000E+002, 8.0000032E-003, 8.3566974E+002, 8.3904883E+002
 7.4500000E+002, 8.0000032E-003, 8.3567828E+002, 8.3908014E+002
 7.4600000E+002, 8.0000032E-003, 8.3568689E+002, 8.3911121E+002
 7.4700000E+002, 8.0000032E-003, 8.3569525E+002, 8.3914197E+002
 7.4800000E+002, 8.0000032E-003, 8.3570367E+002, 8.3917249E+002
 7.4900000E+002, 8.0000032E-003, 8.3571198E+002, 8.3920270E+002
 7.5000000E+002, 8.0000032E-003, 8.3572021E+002, 8.3923267E+002
 7.5100000E+002, 8.0000032E-003, 8.3572833E+002, 8.3926239E+002
 7.5200000E+002, 8.0000032E-003, 8.3573645E+002, 8.3929181E+002
 7.5300000E+002, 8.0000032E-003, 8.3574445E+002, 8.3932098E+002
 7.5400000E+002, 8.0000032E-003, 8.3575238E+002, 8.3934991E+002
 7.5500000E+002, 8.0000032E-003, 8.3576025E+002, 8.3937860E+002
 7.5600000E+002, 8.0000032E-003, 8.3576807E+002, 8.3940698E+002
 7.5700000E+002, 8.0000032E-003, 8.3577576E+002, 8.3943518E+002
 7.5800000E+002, 8.0000032E-003, 8.3578351E+002, 8.3946307E+002
 7.5900000E+002, 8.0000032E-003, 8.3579108E+002, 8.3949072E+002
 7.6000000E+002, 8.0000032E-003, 8.3579858E+002, 8.3951813E+002
 7.6100000E+002, 8.0000032E-003, 8.3580609E+002, 8.3954529E+002
 7.6200000E+002, 8.0000032E-003, 8.3581348E+002, 8.3957220E+002
 7.6300000E+002, 8.0000032E-003, 8.3582080E+002, 8.3959888E+002
 7.6400000E+002, 8.0000032E-003, 8.3582806E+002, 8.3962537E+002
 7.6500000E+002, 8.0000032E-003, 8.3583527E+002, 8.3965155E+002
 7.6600000E+002, 8.0000032E-003, 8.3584241E+002, 8.3967755E+002
 7.6700000E+002, 8.0000032E-003, 8.3584949E+002, 8.3970331E+002
 7.6800000E+002, 8.0000032E-003, 8.3585645E+002, 8.3972882E+002
 7.6900000E+002, 8.0000032E-003, 8.3586340E+002, 8.3975409E+002
 7.7000000E+002, 8.0000032E-003, 8.3587030E+002, 8.3977917E+002
 7.7100000E+002, 8.0000032E-003, 8.3587714E+002, 8.3980402E+002
 7.7200000E+002, 8.0000032E-003, 8.3588385E+002, 8.3982867E+002
 7.7300000E+002, 8.0000032E-003, 8.3589221E+002, 8.3985309E+002
 7.7400000E+002, 8.0000032E-003, 8.3589825E+002, 8.3987726E+002
 7.7500000E+002, 8.0000032E-003, 8.3590540E+002, 8.3990125E+002
 7.7600000E+002, 8.0000032E-003, 8.3591162E+002, 8.3992499E+002
 7.7700000E+002, 8.0000032E-003, 8.3591840E+002, 8.3994855E+002
 7.7800000E+002, 8.0000032E-003, 8.3592462E+002, 8.3997186E+002
 7.7900000E+002, 8.0000032E-003, 8.3593121E+002, 8.3999500E+002
 7.8000000E+002, 8.0000032E-003, 8.3593732E+002, 8.4001794E+002
 7.8100000E+002, 8.0000032E-003, 8.3594373E+002, 8.4004065E+002
 7.8200000E+002, 8.0000032E-003, 8.3594983E+002, 8.4006317E+002
 7.8300000E+002, 8.0000032E-003, 8.3595605E+002, 8.4008551E+002
 7.8400000E+002, 8.0000032E-003, 8.3596204E+002, 8.4010767E+002
 7.8500000E+002, 8.0000032E-003, 8.3596814E+002, 8.4012958E+002
 7.8600000E+002, 8.0000032E-003, 8.3597406E+002, 8.4015131E+002
 7.8700000E+002, 8.0000032E-003, 8.3598004E+002, 8.4017285E+002
 7.8800000E+002, 8.0000032E-003, 8.3598584E+002, 8.4019421E+002
 7.8900000E+002, 8.0000032E-003, 8.3599170E+002, 8.4021533E+002
 7.9000000E+002, 8.0000032E-003, 8.3599744E+002, 8.4023633E+002
 7.9100000E+002, 8.0000032E-003, 8.3600323E+002, 8.4025708E+002
 7.9200000E+002, 8.0000032E-003, 8.3600885E+002, 8.4027771E+002
 7.9300000E+002, 8.0000032E-003, 8.3601447E+002, 8.4029810E+002
 7.9400000E+002, 8.0000032E-003, 8.3602002E+002, 8.4031836E+002
 7.9500000E+002, 8.0000032E-003, 8.3602551E+002, 8.4033838E+002
 7.9600000E+002, 8.0000032E-003, 8.3603094E+002, 8.4035828E+002
 7.9700000E+002, 8.0000032E-003, 8.3603644E+002, 8.4037793E+002
 7.9800000E+002, 8.0000032E-003, 8.3604175E+002, 8.4039746E+002
 7.9900000E+002, 8.0000032E-003, 8.3604706E+002, 8.4041681E+002
 8.0000000E+002, 8.0000032E-003, 8.3605237E+002, 8.4043604E+002
 8.0100000E+002, 8.0000032E-003, 8.3605762E+002, 8.4045502E+002
 8.0200000E+002, 8.0000032E-003, 8.3606274E+002, 8.4047388E+002
 8.0300000E+002, 8.0000032E-003, 8.3606793E+002, 8.4049255E+002
 8.0400000E+002, 8.0000032E-003, 8.3607300E+002, 8.4051105E+002
 8.0500000E+002, 8.0000032E-003, 8.3607800E+002, 8.4052936E+002
 8.0600000E+002, 8.0000032E-003, 8.3608301E+002, 8.4054755E+002
 8.0700000E+002, 8.0000032E-003, 8.3608801E+002, 8.4056555E+002
 8.0800000E+002, 8.0000032E-003, 8.3609290E+002, 8.4058344E+002
 8.0900000E+002, 8.0000032E-003, 8.3609778E+002, 8.4060114E+002
 8.1000000E+002, 8.0000032E-003, 8.3610254E+002, 8.4061865E+002
 8.1100000E+002, 8.0000032E-003, 8.3610736E+002, 8.4063605E+002
 8.1200000E+002, 8.0000032E-003, 8.3611206E+002, 8.4065326E+002
 8.1300000E+002, 8.0000032E-003, 8.3611676E+002, 8.4067035E+002
 8.1400000E+002, 8.0000032E-003, 8.3612140E+002, 8.4068726E+002
 8.1500000E+002, 8.0000032E-003, 8.3612604E+002, 8.4070404E+002
 8.1600000E+002, 8.0000032E-003, 8.3613062E+002, 8.4072070E+002
 8.1700000E+002, 8.0000032E-003, 8.3613513E+002, 8.4073712E+002
 8.1800000E+002, 8.0000032E-003, 8.3613965E+002, 8.4075348E+002
 8.1900000E+002, 8.0000032E-003, 8.3614410E+002, 8.4076965E+002
 8.2000000E+002, 8.0000032E-003, 8.3614850E+002, 8.4078571E+002
 8.2100000E+002, 8.0000032E-003, 8.3615289E+002, 8.4080157E+002
 8.2200000E+002, 8.0000032E-003, 8.3615717E+002, 8.4081738E+002
 8.2300000E+002, 8.0000032E-003, 8.3616150E+002, 8.4083301E+002
 8.2400000E+002, 8.0000032E-003, 8.3616577E+002, 8.4084845E+002
 8.2500000E+002, 8.0000032E-003, 8.3616998E+002, 8.4086377E+002
 8.2600000E+002, 8.0000032E-003, 8.3617413E+002, 8.4087903E+002
 8.2700000E+002, 8.0000032E-003, 8.3617828E+002, 8.4089404E+002
 8.2800000E+002, 8.0000032E-003, 8.3618237E+002, 8.4090900E+002
 8.2900000E+002, 8.0000032E-003, 8.3618646E+002, 8.4092383E+002
 8.3000000E+002, 8.0000032E-003, 8.3619049E+002, 8.4093848E+002
 8.3100000E+002, 8.0000032E-003, 8.3619452E+002, 8.4095300E+002
 8.3200000E+002, 8.0000032E-003, 8.3619843E+002, 8.4096741E+002
 8.3300000E+002, 8.0000032E-003, 8.3620239E+002, 8.4098169E+002
 8.3400000E+002, 8.0000032E-003, 8.3620630E+002, 8.4099585E+002
 8.3500000E+002, 8.0000032E-003, 8.3621014E+002, 8.4100989E+002
 8.3600000E+002, 8.0000032E-003, 8.3621399E+002, 8.4102380E+002
 8.3700000E+002, 8.0000032E-003, 8.3621777E+002, 8.4103760E+002
 8.3800000E+002, 8.0000032E-003, 8.3622150E+002, 8.4105127E+002
 8.3900000E+002, 8.0000032E-003, 8.3622522E+002, 8.4106476E+002
 8.4000000E+002, 8.0000032E-003, 8.3622894E+002, 8.4107819E+002
 8.4100000E+002, 8.0000032E-003, 8.3623254E+002, 8.4109149E+002
 8.4200000E+002, 8.0000032E-003, 8.3623621E+002, 8.4110468E+002
 8.4300000E+002, 8.0000032E-003, 8.3623981E+002, 8.4111774E+002
 8.4400000E+002, 8.0000032E-003, 8.3624335E+002, 8.4113068E+002
 8.4500000E+002, 8.0000032E-003, 8.3624689E+002, 8.4114349E+002
 8.4600000E+002, 8.0000032E-003, 8.3625037E+002, 8.4115625E+002
 8.4700000E+002, 8.0000032E-003, 8.3625385E+002, 8.4116882E+002
 8.4800000E+002, 8.0000032E-003, 8.3625726E+002, 8.4118134E+002
 8.4900000E+002, 8.0000032E-003, 8.3626068E+002, 8.4119373E+002
 8.5000000E+002, 8.0000032E-003, 8.3626404E+002, 8.4120599E+002
 8.5100000E+002, 8.0000032E-003, 8.3626740E+002, 8.4121814E+002
 8.5200000E+002, 8.0000032E-003, 8.3627069E+002, 8.4123016E+002
 8.5300000E+002, 8.0000032E-003, 8.3627393E+002, 8.4124213E+002
 8.5400000E+002, 8.0000032E-003, 8.3627887E+002, 8.4125397E+002
 8.5500000E+002, 8.0000032E-003, 8.3628149E+002, 8.4126569E+002
 8.5600000E+002, 8.0000032E-003, 8.3628522E+002, 8.4127734E+002
 8.5700000E+002, 8.0000032E-003, 8.3628809E+002, 8.4128888E+002
 8.5800000E+002, 8.0000032E-003, 8.3629156E+002, 8.4130029E+002
 8.5900000E+002, 8.0000032E-003, 8.3629443E+002, 8.4131158E+002
 8.6000000E+002, 8.0000032E-003, 8.3629773E+002, 8.4132281E+002
 8.6100000E+002, 8.0000032E-003, 8.3630066E+002, 8.4133392E+002
 8.6200000E+002, 8.0000032E-003, 8.3630383E+002, 8.4134497E+002
 8.6300000E+002, 8.0000032E-003, 8.3630676E+002, 8.4135590E+002
 8.6400000E+002, 8.0000032E-003, 8.3630981E+002, 8.4136670E+002
 8.6500000E+002, 8.0000032E-003, 8.3631268E+002, 8.4137744E+002
 8.6600000E+002, 8.0000032E-003, 8.3631567E+002, 8.4138806E+002
 8.6700000E+002, 8.0000032E-003, 8.3631854E+002, 8.4139862E+002
 8.6800000E+002, 8.0000032E-003, 8.3632147E+002, 8.4140906E+002
 8.6900000E+002, 8.0000032E-003, 8.3632428E+002, 8.4141943E+002
 8.7000000E+002, 8.0000032E-003, 8.3632715E+002, 8.4142969E+002
 8.7100000E+002, 8.0000032E-003, 8.3632990E+002, 8.4143982E+002
 8.7200000E+002, 8.0000032E-003, 8.3633270E+002, 8.4144995E+002
 8.7300000E+002, 8.0000032E-003, 8.3633539E+002, 8.4145990E+002
 8.7400000E+002, 8.0000032E-003, 8.3633820E+002, 8.4146979E+002
 8.7500000E+002, 8.0000032E-003, 8.3634082E+002, 8.4147961E+002
 8.7600000E+002, 8.0000032E-003, 8.3634357E+002, 8.4148932E+002
 8.7700000E+002, 8.0000032E-003, 8.3634619E+002, 8.4149896E+002
 8.7800000E+002, 8.0000032E-003, 8.3634882E+002, 8.4150854E+002
 8.7900000E+002, 8.0000032E-003, 8.3635138E+002, 8.4151801E+002
 8.8000000E+002, 8.0000032E-003, 8.3635400E+002, 8.4152740E+002
 8.8100000E+002, 8.0000032E-003, 8.3635657E+002, 8.4153668E+002
 8.8200000E+002, 8.0000032E-003, 8.3635913E+002, 8.4154590E+002
 8.8300000E+002, 8.0000032E-003, 8.3636157E+002, 8.4155505E+002
 8.8400000E+002, 8.0000032E-003, 8.3636414E+002, 8.4156409E+002
 8.8500000E+002, 8.0000032E-003, 8.3636658E+002, 8.4157306E+002
 8.8600000E+002, 8.0000032E-003, 8.3636902E+002, 8.4158197E+002
 8.8700000E+002, 8.0000032E-003, 8.3637146E+002, 8.4159076E+002
 8.8800000E+002, 8.0000032E-003, 8.3637384E+002, 8.4159949E+002
 8.8900000E+002, 8.0000032E-003, 8.3637622E+002, 8.4160815E+002
 8.9000000E+002, 8.0000032E-003, 8.3637860E+002, 8.4161676E+002
 8.9100000E+002, 8.0000032E-003, 8.3638092E+002, 8.4162524E+002
 8.9200000E+002, 8.0000032E-003, 8.3638324E+002, 8.4163367E+002
 8.9300000E+002, 8.0000032E-003, 8.3638556E+002, 8.4164203E+002
 8.9400000E+002, 8.0000032E-003, 8.3638782E+002, 8.4165033E+002
 8.9500000E+002, 8.0000032E-003, 8.3639008E+002, 8.4165851E+002
 8.9600000E+002, 8.0000032E-003, 8.3639233E+002, 8.4166669E+002
 8.9700000E+002, 8.0000032E-003, 8.3639453E+002, 8.4167474E+002
 8.9800000E+002, 8.0000032E-003, 8.3639673E+002, 8.4168274E+002
 8.9900000E+002, 8.0000032E-003, 8.3639893E+002, 8.4169061E+002
 9.0000000E+002, 8.0000032E-003, 8.3640106E+002, 8.4169849E+002
 9.0100000E+002, 8.0000032E-003, 8.3640320E+002, 8.4170624E+002
 9.0200000E+002, 8.0000032E-003, 8.3640533E+002, 8.4171399E+002
 9.0300000E+002, 8.0000032E-003, 8.3640741E+002, 8.4172162E+002
 9.0400000E+002, 8.0000032E-003, 8.3640955E+002, 8.4172919E+002
 9.0500000E+002, 8.0000032E-003, 8.3641156E+002, 8.4173669E+002
 9.0600000E+002, 8.0000032E-003, 8.3641364E+002, 8.4174414E+002
 9.0700000E+002, 8.0000032E-003, 8.3641565E+002, 8.4175153E+002
 9.0800000E+002, 8.0000032E-003, 8.3641766E+002, 8.4175879E+002
 9.0900000E+002, 8.0000032E-003, 8.3641968E+002, 8.4176605E+002
 9.1000000E+002, 8.0000032E-003, 8.3642163E+002, 8.4177325E+002
 9.1100000E+002, 8.0000032E-003, 8.3642358E+002, 8.4178033E+002
 9.1200000E+002, 8.0000032E-003, 8.3642554E+002, 8.4178741E+002
 9.1300000E+002, 8.0000032E-003, 8.3642743E+002, 8.4179437E+002
 9.1400000E+002, 8.0000032E-003, 8.3642938E+002, 8.4180133E+002
 9.1500000E+002, 8.0000032E-003, 8.3643127E+002, 8.4180817E+002
 9.1600000E+002, 8.0000032E-003, 8.3643311E+002, 8.4181494E+002
 9.1700000E+002, 8.0000032E-003, 8.3643500E+002, 8.4182172E+002
 9.1800000E+002, 8.0000032E-003, 8.3643683E+002, 8.4182837E+002
 9.1900000E+002, 8.0000032E-003, 8.3643866E+002, 8.4183502E+002
 9.2000000E+002, 8.0000032E-003, 8.3644043E+002, 8.4184155E+002
 9.2100000E+002, 8.0000032E-003, 8.3644220E+002, 8.4184808E+002
 9.2200000E+002, 8.0000032E-003, 8.3644403E+002, 8.4185455E+002
 9.2300000E+002, 8.0000032E-003, 8.3644574E+002, 8.4186090E+002
 9.2400000E+002, 8.0000032E-003, 8.3644751E+002, 8.4186725E+002
 9.2500000E+002, 8.0000032E-003, 8.3644922E+002, 8.4187354E+002
 9.2600000E+002, 8.0000032E-003, 8.3645093E+002, 8.4187976E+002
 9.2700000E+002, 8.0000032E-003, 8.3645264E+002, 8.4188593E+002
 9.2800000E+002, 8.0000032E-003, 8.3645435E+002, 8.4189203E+002
 9.2900000E+002, 8.0000032E-003, 8.3645599E+002, 8.4189807E+002
 9.3000000E+002, 8.0000032E-003, 8.3645764E+002, 8.4190411E+002
 9.3100000E+002, 8.0000032E-003, 8.3645929E+002, 8.4191003E+002
 9.3200000E+002, 8.0000032E-003, 8.3646088E+002, 8.4191595E+002
 9.3300000E+002, 8.0000032E-003, 8.3646252E+002, 8.4192175E+002
 9.3400000E+002, 8.0000032E-003, 8.3646411E+002, 8.4192755E+002
 9.3500000E+002, 8.0000032E-003, 8.3646570E+002, 8.4193329E+002
 9.3600000E+002, 8.0000032E-003, 8.3646722E+002, 8.4193896E+002
 9.3700000E+002, 8.0000032E-003, 8.3646881E+002, 8.4194464E+002
 9.3800000E+002, 8.0000032E-003, 8.3647034E+002, 8.4195020E+002
 9.3900000E+002, 8.0000032E-003, 8.3647186E+002, 8.4195575E+002
 9.4000000E+002, 8.0000032E-003, 8.3647339E+002, 8.4196124E+002
 9.4100000E+002, 8.0000032E-003, 8.3647485E+002, 8.4196667E+002
 9.4200000E+002, 8.0000032E-003, 8.3647632E+002, 8.4197211E+002
 9.4300000E+002, 8.0000032E-003, 8.3647784E+002, 8.4197742E+002
 9.4400000E+002, 8.0000032E-003, 8.3647925E+002, 8.4198273E+002
 9.4500000E+002, 8.0000032E-003, 8.3648071E+002, 8.4198798E+002
 9.4600000E+002, 8.0000032E-003, 8.3648218E+002, 8.4199316E+002
 9.4700000E+002, 8.0000032E-003, 8.3648358E+002, 8.4199835E+002
 9.4800000E+002, 8.0000032E-003, 8.3648499E+002, 8.4200342E+002
 9.4900000E+002, 8.0000032E-003, 8.3648639E+002, 8.4200848E+002
 9.5000000E+002, 8.0000032E-003, 8.3648773E+002, 8.4201355E+002
 9.5100000E+002, 8.0000032E-003, 8.3648914E+002, 8.4201849E+002
 9.5200000E+002, 8.0000032E-003, 8.3649048E+002, 8.4202344E+002
 9.5300000E+002, 8.0000032E-003, 8.3649182E+002, 8.4202832E+002
 9.5400000E+002, 8.0000032E-003, 8.3649316E+002, 8.4203314E+002
 9.5500000E+002, 8.0000032E-003, 8.3649445E+002, 8.4203796E+002
 9.5600000E+002, 8.0000032E-003, 8.3649579E+002, 8.4204272E+002
 9.5700000E+002, 8.0000032E-003, 8.3649707E+002, 8.4204742E+002
 9.5800000E+002, 8.0000032E-003, 8.3649835E+002, 8.4205212E+002
 9.5900000E+002, 8.0000032E-003, 8.3649963E+002, 8.4205676E+002
 9.6000000E+002, 8.0000032E-003, 8.3650092E+002, 8.4206134E+002
 9.6100000E+002, 8.0000032E-003, 8.3650214E+002, 8.4206586E+002
 9.6200000E+002, 8.0000032E-003, 8.3650342E+002, 8.4207037E+002
 9.6300000E+002, 8.0000032E-003, 8.3650464E+002, 8.4207483E+002
 9.6400000E+002, 8.0000032E-003, 8.3650586E+002, 8.4207928E+002
 9.6500000E+002, 8.0000032E-003, 8.3650708E+002, 8.4208368E+002
 9.6600000E+002, 8.0000032E-003, 8.3650824E+002, 8.4208801E+002
 9.6700000E+002, 8.0000032E-003, 8.3650946E+002, 8.4209235E+002
 9.6800000E+002, 8.0000032E-003, 8.3651062E+002, 8.4209662E+002
 9.6900000E+002, 8.0000032E-003, 8.3651178E+002, 8.4210083E+002
 9.7000000E+002, 8.0000032E-003, 8.3651294E+002, 8.4210504E+002
 9.7100000E+002, 8.0000032E-003, 8.3651410E+002, 8.4210919E+002
 9.7200000E+002, 8.0000032E-003, 8.3651520E+002, 8.4211334E+002
 9.7300000E+002, 8.0000032E-003, 8.3651636E+002, 8.4211743E+002
 9.7400000E+002, 8.0000032E-003, 8.3651746E+002, 8.4212146E+002
 9.7500000E+002, 8.0000032E-003, 8.3651855E+002, 8.4212549E+002
 9.7600000E+002, 8.0000032E-003, 8.3651965E+002, 8.4212946E+002
 9.7700000E+002, 8.0000032E-003, 8.3652075E+002, 8.4213342E+002
 9.7800000E+002, 8.0000032E-003, 8.3652179E+002, 8.4213733E+002
 9.7900000E+002, 8.0000032E-003, 8.3652289E+002, 8.4214117E+002
 9.8000000E+002, 8.0000032E-003, 8.3652393E+002, 8.4214502E+002
 9.8100000E+002, 8.0000032E-003, 8.3652496E+002, 8.4214880E+002
 9.8200000E+002, 8.0000032E-003, 8.3652600E+002, 8.4215259E+002
 9.8300000E+002, 8.0000032E-003, 8.3652704E+002, 8.4215631E+002
 9.8400000E+002, 8.0000032E-003, 8.3652808E+002, 8.4216003E+002
 9.8500000E+002, 8.0000032E-003, 8.3652905E+002, 8.4216370E+002
 9.8600000E+002, 8.0000032E-003, 8.3653009E+002, 8.4216736E+002
 9.8700000E+002, 8.0000032E-003, 8.3653107E+002, 8.4217096E+002
 9.8800000E+002, 8.0000032E-003, 8.3653204E+002, 8.4217456E+002
 9.8900000E+002, 8.0000032E-003, 8.3653302E+002, 8.4217810E+002
 9.9000000E+002, 8.0000032E-003, 8.3653400E+002, 8.4218158E+002
 9.9100000E+002, 8.0000032E-003, 8.3653497E+002, 8.4218506E+002
 9.9200000E+002, 8.0000032E-003, 8.3653589E+002, 8.4218854E+002
 9.9300000E+002, 8.0000032E-003, 8.3653687E+002, 8.4219196E+002
 9.9400000E+002, 8.0000032E-003, 8.3653778E+002, 8.4219531E+002
 9.9500000E+002, 8.0000032E-003, 8.3653870E+002, 8.4219867E+002
 9.9600000E+002, 8.0000032E-003, 8.3653961E+002, 8.4220203E+002
 9.9700000E+002, 8.0000032E-003, 8.3654053E+002, 8.4220532E+002
 9.9800000E+002, 8.0000032E-003, 8.3654144E+002, 8.4220856E+002
 9.9900000E+002, 8.0000032E-003, 8.3654230E+002, 8.4221179E+002
 1.0000000E+003, 8.0000032E-003, 8.3654321E+002, 8.4221503E+002
 1.0010000E+003, 8.0000032E-003, 8.3654407E+002, 8.4221820E+002
 1.0020000E+003, 8.0000032E-003, 8.3654492E+002, 8.4222137E+002
 1.0030000E+003, 8.0000032E-003, 8.3654578E+002, 8.4222449E+002
 1.0040000E+003, 8.0000032E-003, 8.3654663E+002, 8.4222760E+002
 1.0050000E+003, 8.0000032E-003, 8.3654749E+002, 8.4223065E+002
 1.0060000E+003, 8.0000032E-003, 8.3654834E+002, 8.4223370E+002
 1.0070000E+003, 8.0000032E-003, 8.3654913E+002, 8.4223669E+002
 1.0080000E+003, 8.0000032E-003, 8.3654999E+002, 8.4223969E+002
 1.0090000E+003, 8.0000032E-003, 8.3655078E+002, 8.4224268E+002
 1.0100000E+003, 8.0000032E-003, 8.3655164E+002, 8.4224561E+002
 1.0110000E+003, 8.0000032E-003, 8.3655243E+002, 8.4224847E+002
 1.0120000E+003, 8.0000032E-003, 8.3655322E+002, 8.4225140E+002
 1.0130000E+003, 8.0000032E-003, 8.3655402E+002, 8.4225427E+002
 1.0140000E+003, 8.0000032E-003, 8.3655475E+002, 8.4225708E+002
 1.0150000E+003, 8.0000032E-003, 8.3655554E+002, 8.4225989E+002
 1.0160000E+003, 8.0000032E-003, 8.3655634E+002, 8.4226270E+002
 1.0170000E+003, 8.0000032E-003, 8.3655707E+002, 8.4226544E+002
 1.0180000E+003, 8.0000032E-003, 8.3655780E+002, 8.4226813E+002
 1.0190000E+003, 8.0000032E-003, 8.3655859E+002, 8.4227087E+002
 1.0200000E+003, 8.0000032E-003, 8.3655933E+002, 8.4227356E+002
 1.0210000E+003, 8.0000032E-003, 8.3656006E+002, 8.4227618E+002
 1.0220000E+003, 8.0000032E-003, 8.3656073E+002, 8.4227887E+002
 1.0230000E+003, 8.0000032E-003, 8.3656146E+002, 8.4228143E+002
 1.0240000E+003, 8.0000032E-003, 8.3656219E+002, 8.4228406E+002
 1.0250000E+003, 8.0000032E-003, 8.3656293E+002, 8.4228662E+002
 1.0260000E+003, 8.0000032E-003, 8.3656360E+002, 8.4228918E+002
 1.0270000E+003, 8.0000032E-003, 8.3656427E+002, 8.4229169E+002
 1.0280000E+003, 8.0000032E-003, 8.3656500E+002, 8.4229419E+002
 1.0290000E+003, 8.0000032E-003, 8.3656567E+002, 8.4229663E+002
 1.0300000E+003, 8.0000032E-003, 8.3656635E+002, 8.4229913E+002
 1.0310000E+003, 8.0000032E-003, 8.3656702E+002, 8.4230157E+002
 1.0320000E+003, 8.0000032E-003, 8.3656769E+002, 8.4230396E+002
 1.0330000E+003, 8.0000032E-003, 8.3656830E+002, 8.4230634E+002
 1.0340000E+003, 8.0000032E-003, 8.3656897E+002, 8.4230872E+002
 1.0350000E+003, 8.0000032E-003, 8.3656964E+002, 8.4231110E+002
 1.0360000E+003, 8.0000032E-003, 8.3657025E+002, 8.4231342E+002
 1.0370000E+003, 8.0000032E-003, 8.3657092E+002, 8.4231567E+002
 1.0380000E+003, 8.0000032E-003, 8.3657153E+002, 8.4231799E+002
 1.0390000E+003, 8.0000032E-003, 8.3657214E+002, 8.4232025E+002
 1.0400000E+003, 8.0000032E-003, 8.3657275E+002, 8.4232251E+002
 1.0410000E+003, 8.0000032E-003, 8.3657336E+002, 8.4232471E+002
 1.0420000E+003, 8.0000032E-003, 8.3657397E+002, 8.4232690E+002
 1.0430000E+003, 8.0000032E-003, 8.3657458E+002, 8.4232910E+002
 1.0440000E+003, 8.0000032E-003, 8.3657520E+002, 8.4233130E+002
 1.0450000E+003, 8.0000032E-003, 8.3657581E+002, 8.4233344E+002
 1.0460000E+003, 8.0000032E-003, 8.3657635E+002, 8.4233557E+002
 1.0470000E+003, 8.0000032E-003, 8.3657697E+002, 8.4233765E+002
 1.0480000E+003, 8.0000032E-003, 8.3657751E+002, 8.4233972E+002
 1.0490000E+003, 8.0000032E-003, 8.3657806E+002, 8.4234180E+002
 1.0500000E+003, 8.0000032E-003, 8.3657867E+002, 8.4234387E+002
 1.0510000E+003, 8.0000032E-003, 8.3657922E+002, 8.4234589E+002
 1.0520000E+003, 8.0000032E-003, 8.3657977E+002, 8.4234790E+002
 1.0530000E+003, 8.0000032E-003, 8.3658032E+002, 8.4234991E+002
 1.0540000E+003, 8.0000032E-003, 8.3658087E+002, 8.4235193E+002
 1.0550000E+003, 8.0000032E-003, 8.3658142E+002, 8.4235388E+002
 1.0560000E+003, 8.0000032E-003, 8.3658197E+002, 8.4235583E+002
 1.0570000E+003, 8.0000032E-003, 8.3658246E+002, 8.4235773E+002
 1.0580000E+003, 8.0000032E-003, 8.3658301E+002, 8.4235968E+002
 1.0590000E+003, 8.0000032E-003, 8.3658350E+002, 8.4236157E+002
 1.0600000E+003, 8.0000032E-003, 8.3658405E+002, 8.4236340E+002
 1.0610000E+003, 8.0000032E-003, 8.3658453E+002, 8.4236530E+002
 1.0620000E+003, 8.0000032E-003, 8.3658508E+002, 8.4236713E+002
 1.0630000E+003, 8.0000032E-003, 8.3658557E+002, 8.4236896E+002
 1.0640000E+003, 8.0000032E-003, 8.3658606E+002, 8.4237079E+002
 1.0650000E+003, 8.0000032E-003, 8.3658655E+002, 8.4237256E+002
 1.0660000E+003, 8.0000032E-003, 8.3658704E+002, 8.4237433E+002
 1.0670000E+003, 8.0000032E-003, 8.3658752E+002, 8.4237610E+002
 1.0680000E+003, 8.0000032E-003, 8.3658801E+002, 8.4237787E+002
 1.0690000E+003, 8.0000032E-003, 8.3658850E+002, 8.4237958E+002
 1.0700000E+003, 8.0000032E-003, 8.3658893E+002, 8.4238129E+002
 1.0710000E+003, 8.0000032E-003, 8.3658942E+002, 8.4238300E+002
 1.0720000E+003, 8.0000032E-003, 8.3658990E+002, 8.4238470E+002
 1.0730000E+003, 8.0000032E-003, 8.3659033E+002, 8.4238635E+002
 1.0740000E+003, 8.0000032E-003, 8.3659082E+002, 8.4238800E+002
 1.0750000E+003, 8.0000032E-003, 8.3659125E+002, 8.4238965E+002
 1.0760000E+003, 8.0000032E-003, 8.3659174E+002, 8.4239130E+002
 1.0770000E+003, 8.0000032E-003, 8.3659216E+002, 8.4239288E+002
 1.0780000E+003, 8.0000032E-003, 8.3659259E+002, 8.4239447E+002
 1.0790000E+003, 8.0000032E-003, 8.3659302E+002, 8.4239606E+002
 1.0800000E+003, 8.0000032E-003, 8.3659344E+002, 8.4239764E+002
 1.0810000E+003, 8.0000032E-003, 8.3659387E+002, 8.4239923E+002
 1.0820000E+003, 8.0000032E-003, 8.3659430E+002, 8.4240076E+002
 1.0830000E+003, 8.0000032E-003, 8.3659473E+002, 8.4240228E+002
 1.0840000E+003, 8.0000032E-003, 8.3659515E+002, 8.4240381E+002
 1.0850000E+003, 8.0000032E-003, 8.3659558E+002, 8.4240527E+002
 1.0860000E+003, 8.0000032E-003, 8.3659595E+002, 8.4240680E+002
 1.0870000E+003, 8.0000032E-003, 8.3659637E+002, 8.4240826E+002
 1.0880000E+003, 8.0000032E-003, 8.3659680E+002, 8.4240973E+002
 1.0890000E+003, 8.0000032E-003, 8.3659717E+002, 8.4241119E+002
 1.0900000E+003, 8.0000032E-003, 8.3659760E+002, 8.4241260E+002
 1.0910000E+003, 8.0000032E-003, 8.3659796E+002, 8.4241400E+002
 1.0920000E+003, 8.0000032E-003, 8.3659833E+002, 8.4241547E+002
 1.0930000E+003, 8.0000032E-003, 8.3659875E+002, 8.4241681E+002
 1.0940000E+003, 8.0000032E-003, 8.3659912E+002, 8.4241821E+002
 1.0950000E+003, 8.0000032E-003, 8.3659949E+002, 8.4241962E+002
 1.0960000E+003, 8.0000032E-003, 8.3659985E+002, 8.4242096E+002
 1.0970000E+003, 8.0000032E-003, 8.3660022E+002, 8.4242230E+002
 1.0980000E+003, 8.0000032E-003, 8.3660059E+002, 8.4242365E+002
 1.0990000E+003, 8.0000032E-003, 8.3660095E+002, 8.4242499E+002
 1.1000000E+003, 8.0000032E-003, 8.3660132E+002, 8.4242627E+002
 1.1010000E+003, 8.0000032E-003, 8.3660168E+002, 8.4242755E+002
 1.1020000E+003, 8.0000032E-003, 8.3660205E+002, 8.4242889E+002
 1.1030000E+003, 8.0000032E-003, 8.3660242E+002, 8.4243018E+002
 1.1040000E+003, 8.0000032E-003, 8.3660272E+002, 8.4243140E+002
 1.1050000E+003, 8.0000032E-003, 8.3660309E+002, 8.4243268E+002
 1.1060000E+003, 8.0000032E-003, 8.3660345E+002, 8.4243390E+002
 1.1070000E+003, 8.0000032E-003, 8.3660376E+002, 8.4243512E+002
 1.1080000E+003, 8.0000032E-003, 8.3660413E+002, 8.4243634E+002
 1.1090000E+003, 8.0000032E-003, 8.3660443E+002, 8.4243756E+002
 1.1100000E+003, 8.0000032E-003, 8.3660480E+002, 8.4243878E+002
 1.1110000E+003, 8.0000032E-003, 8.3660510E+002, 8.4243994E+002
 1.1120000E+003, 8.0000032E-003, 8.3660541E+002, 8.4244116E+002
 1.1130000E+003, 8.0000032E-003, 8.3660577E+002, 8.4244232E+002
 1.1140000E+003, 8.0000032E-003, 8.3660608E+002, 8.4244348E+002
 1.1150000E+003, 8.0000032E-003, 8.3660638E+002, 8.4244464E+002
 1.1160000E+003, 8.0000032E-003, 8.3660669E+002, 8.4244574E+002
 1.1170000E+003, 8.0000032E-003, 8.3660699E+002, 8.4244690E+002
 1.1180000E+003, 8.0000032E-003, 8.3660730E+002, 8.4244800E+002
 1.1190000E+003, 8.0000032E-003, 8.3660760E+002, 8.4244910E+002
 1.1200000E+003, 8.0000032E-003, 8.3660791E+002, 8.4245020E+002
 1.1210000E+003, 8.0000032E-003, 8.3660822E+002, 8.4245129E+002
 1.1220000E+003, 8.0000032E-003, 8.3660852E+002, 8.4245239E+002
 1.1230000E+003, 8.0000032E-003, 8.3660883E+002, 8.4245343E+002
 1.1240000E+003, 8.0000032E-003, 8.3660913E+002, 8.4245453E+002
 1.1250000E+003, 8.0000032E-003, 8.3660938E+002, 8.4245557E+002
 1.1260000E+003, 8.0000032E-003, 8.3660968E+002, 8.4245660E+002
 1.1270000E+003, 8.0000032E-003, 8.3660999E+002, 8.4245764E+002
 1.1280000E+003, 8.0000032E-003, 8.3661023E+002, 8.4245868E+002
 1.1290000E+003, 8.0000032E-003, 8.3661053E+002, 8.4245966E+002
 1.1300000E+003, 8.0000032E-003, 8.3661078E+002, 8.4246069E+002
 1.1310000E+003, 8.0000032E-003, 8.3661108E+002, 8.4246167E+002
 1.1320000E+003, 8.0000032E-003, 8.3661133E+002, 8.4246265E+002
 1.1330000E+003, 8.0000032E-003, 8.3661163E+002, 8.4246362E+002
 1.1340000E+003, 8.0000032E-003, 8.3661188E+002, 8.4246460E+002
 1.1350000E+003, 8.0000032E-003, 8.3661212E+002, 8.4246558E+002
 1.1360000E+003, 8.0000032E-003, 8.3661243E+002, 8.4246649E+002
 1.1370000E+003, 8.0000032E-003, 8.3661267E+002, 8.4246747E+002
 1.1380000E+003, 8.0000032E-003, 8.3661292E+002, 8.4246838E+002
 1.1390000E+003, 8.0000032E-003, 8.3661316E+002, 8.4246930E+002
 1.1400000E+003, 8.0000032E-003, 8.3661340E+002, 8.4247021E+002
 1.1410000E+003, 8.0000032E-003, 8.3661371E+002, 8.4247113E+002
 1.1420000E+003, 8.0000032E-003, 8.3661395E+002, 8.4247205E+002
 1.1430000E+003, 8.0000032E-003, 8.3661420E+002, 8.4247296E+002
 1.1440000E+003, 8.0000032E-003, 8.3661444E+002, 8.4247382E+002
 1.1450000E+003, 8.0000032E-003, 8.3661469E+002, 8.4247473E+002
 1.1460000E+003, 8.0000032E-003, 8.3661493E+002, 8.4247559E+002
 1.1470000E+003, 8.0000032E-003, 8.3661511E+002, 8.4247644E+002
 1.1480000E+003, 8.0000032E-003, 8.3661536E+002, 8.4247729E+002
 1.1490000E+003, 8.0000032E-003, 8.3661560E+002, 8.4247815E+002
 1.1500000E+003, 8.0000032E-003, 8.3661584E+002, 8.4247900E+002
 1.1510000E+003, 8.0000032E-003, 8.3661609E+002, 8.4247980E+002
 1.1520000E+003, 8.0000032E-003, 8.3661627E+002, 8.4248065E+002
 1.1530000E+003, 8.0000032E-003, 8.3661652E+002, 8.4248145E+002
 1.1540000E+003, 8.0000032E-003, 8.3661676E+002, 8.4248224E+002
 1.1550000E+003, 8.0000032E-003, 8.3661694E+002, 8.4248303E+002
 1.1560000E+003, 8.0000032E-003, 8.3661719E+002, 8.4248389E+002
 1.1570000E+003, 8.0000032E-003, 8.3661737E+002, 8.4248462E+002
 1.1580000E+003, 8.0000032E-003, 8.3661761E+002, 8.4248541E+002
 1.1590000E+003, 8.0000032E-003, 8.3661780E+002, 8.4248621E+002
 1.1600000E+003, 8.0000032E-003, 8.3661804E+002, 8.4248700E+002
 1.1610000E+003, 8.0000032E-003, 8.3661823E+002, 8.4248773E+002
 1.1620000E+003, 8.0000032E-003, 8.3661847E+002, 8.4248846E+002
 1.1630000E+003, 8.0000032E-003, 8.3661865E+002, 8.4248926E+002
 1.1640000E+003, 8.0000032E-003, 8.3661890E+002, 8.4248999E+002
 1.1650000E+003, 8.0000032E-003, 8.3661908E+002, 8.4249072E+002
 1.1660000E+003, 8.0000032E-003, 8.3661926E+002, 8.4249146E+002
 1.1670000E+003, 8.0000032E-003, 8.3661945E+002, 8.4249219E+002
 1.1680000E+003, 8.0000032E-003, 8.3661969E+002, 8.4249286E+002
 1.1690000E+003, 8.0000032E-003, 8.3661987E+002, 8.4249359E+002
 1.1700000E+003, 8.0000032E-003, 8.3662006E+002, 8.4249426E+002
 1.1710000E+003, 8.0000032E-003, 8.3662024E+002, 8.4249500E+002
 1.1720000E+003, 8.0000032E-003, 8.3662042E+002, 8.4249567E+002
 1.1730000E+003, 8.0000032E-003, 8.3662061E+002, 8.4249634E+002
 1.1740000E+003, 8.0000032E-003, 8.3662079E+002, 8.4249701E+002
 1.1750000E+003, 8.0000032E-003, 8.3662097E+002, 8.4249768E+002
 1.1760000E+003, 8.0000032E-003, 8.3662115E+002, 8.4249835E+002
 1.1770000E+003, 8.0000032E-003, 8.3662134E+002, 8.4249902E+002
 1.1780000E+003, 8.0000032E-003, 8.3662152E+002, 8.4249969E+002
 1.1790000E+003, 8.0000032E-003, 8.3662170E+002, 8.4250031E+002
 1.1800000E+003, 8.0000032E-003, 8.3662189E+002, 8.4250098E+002
 1.1810000E+003, 8.0000032E-003, 8.3662207E+002, 8.4250159E+002
 1.1820000E+003, 8.0000032E-003, 8.3662225E+002, 8.4250226E+002
 1.1830000E+003, 8.0000032E-003, 8.3662244E+002, 8.4250287E+002
 1.1840000E+003, 8.0000032E-003, 8.3662256E+002, 8.4250348E+002
 1.1850000E+003, 8.0000032E-003, 8.3662274E+002, 8.4250409E+002
 1.1860000E+003, 8.0000032E-003, 8.3662292E+002, 8.4250470E+002
 1.1870000E+003, 8.0000032E-003, 8.3662311E+002, 8.4250531E+002
 1.1880000E+003, 8.0000032E-003, 8.3662323E+002, 8.4250592E+002
 1.1890000E+003, 8.0000032E-003, 8.3662341E+002, 8.4250647E+002
 1.1900000E+003, 8.0000032E-003, 8.3662360E+002, 8.4250708E+002
 1.1910000E+003, 8.0000032E-003, 8.3662372E+002, 8.4250769E+002
 1.1920000E+003, 8.0000032E-003, 8.3662390E+002, 8.4250824E+002
 1.1930000E+003, 8.0000032E-003, 8.3662402E+002, 8.4250879E+002
 1.1940000E+003, 8.0000032E-003, 8.3662421E+002, 8.4250940E+002
 1.1950000E+003, 8.0000032E-003, 8.3662439E+002, 8.4250995E+002
 1.1960000E+003, 8.0000032E-003, 8.3662451E+002, 8.4251050E+002
 1.1970000E+003, 8.0000032E-003, 8.3662469E+002, 8.4251105E+002
 1.1980000E+003, 8.0000032E-003, 8.3662482E+002, 8.4251160E+002
 1.1990000E+003, 8.0000032E-003, 8.3662494E+002, 8.4251215E+002
 1.2000000E+003, 8.0000032E-003, 8.3662512E+002, 8.4251270E+002
 1.2010000E+003, 8.0000032E-003, 8.3662524E+002, 8.4251318E+002
 1.2020000E+003, 8.0000032E-003, 8.3662543E+002, 8.4251373E+002
 1.2030000E+003, 8.0000032E-003, 8.3662555E+002, 8.4251428E+002
 1.2040000E+003, 8.0000032E-003, 8.3662567E+002, 8.4251477E+002
 1.2050000E+003, 8.0000032E-003, 8.3662585E+002, 8.4251526E+002
 1.2060000E+003, 8.0000032E-003, 8.3662598E+002, 8.4251581E+002
 1.2070000E+003, 8.0000032E-003, 8.3662610E+002, 8.4251630E+002
 1.2080000E+003, 8.0000032E-003, 8.3662622E+002, 8.4251678E+002
 1.2090000E+003, 8.0000032E-003, 8.3662640E+002, 8.4251727E+002
 1.2100000E+003, 8.0000032E-003, 8.3662653E+002, 8.4251776E+002
 1.2110000E+003, 8.0000032E-003, 8.3662665E+002, 8.4251825E+002
 1.2120000E+003, 8.0000032E-003, 8.3662677E+002, 8.4251874E+002
 1.2130000E+003, 8.0000032E-003, 8.3662689E+002, 8.4251923E+002
 1.2140000E+003, 8.0000032E-003, 8.3662708E+002, 8.4251971E+002
 1.2150000E+003, 8.0000032E-003, 8.3662720E+002, 8.4252020E+002
 1.2160000E+003, 8.0000032E-003, 8.3662732E+002, 8.4252063E+002
 1.2170000E+003, 8.0000032E-003, 8.3662744E+002, 8.4252112E+002
 1.2180000E+003, 8.0000032E-003, 8.3662756E+002, 8.4252155E+002
 1.2190000E+003, 8.0000032E-003, 8.3662769E+002, 8.4252203E+002
 1.2200000E+003, 8.0000032E-003, 8.3662781E+002, 8.4252246E+002
 1.2210000E+003, 8.0000032E-003, 8.3662793E+002, 8.4252289E+002
 1.2220000E+003, 8.0000032E-003, 8.3662805E+002, 8.4252338E+002
 1.2230000E+003, 8.0000032E-003, 8.3662817E+002, 8.4252380E+002
 1.2240000E+003, 8.0000032E-003, 8.3662830E+002, 8.4252423E+002
 1.2250000E+003, 8.0000032E-003, 8.3662842E+002, 8.4252466E+002
 1.2260000E+003, 8.0000032E-003, 8.3662854E+002, 8.4252509E+002
 1.2270000E+003, 8.0000032E-003, 8.3662866E+002, 8.4252551E+002
 1.2280000E+003, 8.0000032E-003, 8.3662878E+002, 8.4252594E+002
 1.2290000E+003, 8.0000032E-003, 8.3662885E+002, 8.4252631E+002
 1.2300000E+003, 8.0000032E-003, 8.3662897E+002, 8.4252673E+002
 1.2310000E+003, 8.0000032E-003, 8.3662909E+002, 8.4252716E+002
 1.2320000E+003, 8.0000032E-003, 8.3662921E+002, 8.4252753E+002
 1.2330000E+003, 8.0000032E-003, 8.3662933E+002, 8.4252795E+002
 1.2340000E+003, 8.0000032E-003, 8.3662946E+002, 8.4252832E+002
 1.2350000E+003, 8.0000032E-003, 8.3662952E+002, 8.4252875E+002
 1.2360000E+003, 8.0000032E-003, 8.3662964E+002, 8.4252911E+002
 1.2370000E+003, 8.0000032E-003, 8.3662976E+002, 8.4252954E+002
 1.2380000E+003, 8.0000032E-003, 8.3662988E+002, 8.4252991E+002
 1.2390000E+003, 8.0000032E-003, 8.3662994E+002, 8.4253027E+002
 1.2400000E+003, 8.0000032E-003, 8.3663007E+002, 8.4253064E+002
 1.2410000E+003, 8.0000032E-003, 8.3663019E+002, 8.4253101E+002
 1.2420000E+003, 8.0000032E-003, 8.3663025E+002, 8.4253137E+002
 1.2430000E+003, 8.0000032E-003, 8.3663037E+002, 8.4253174E+002
 1.2440000E+003, 8.0000032E-003, 8.3663049E+002, 8.4253210E+002
 1.2450000E+003, 8.0000032E-003, 8.3663055E+002, 8.4253247E+002
 1.2460000E+003, 8.0000032E-003, 8.3663068E+002, 8.4253284E+002
 1.2470000E+003, 8.0000032E-003, 8.3663074E+002, 8.4253320E+002
 1.2480000E+003, 8.0000032E-003, 8.3663086E+002, 8.4253351E+002
 1.2490000E+003, 8.0000032E-003, 8.3663092E+002, 8.4253387E+002
 1.2500000E+003, 8.0000032E-003, 8.3663104E+002, 8.4253424E+002
 1.2510000E+003, 8.0000032E-003, 8.3663116E+002, 8.4253455E+002
 1.2520000E+003, 8.0000032E-003, 8.3663123E+002, 8.4253491E+002
 1.2530000E+003, 8.0000032E-003, 8.3663135E+002, 8.4253522E+002
 1.2540000E+003, 8.0000032E-003, 8.3663141E+002, 8.4253558E+002
 1.2550000E+003, 8.0000032E-003, 8.3663153E+002, 8.4253589E+002
 1.2560000E+003, 8.0000032E-003, 8.3663159E+002, 8.4253619E+002
 1.2570000E+003, 8.0000032E-003, 8.3663171E+002, 8.4253656E+002
 1.2580000E+003, 8.0000032E-003, 8.3663177E+002, 8.4253687E+002
 1.2590000E+003, 8.0000032E-003, 8.3663184E+002, 8.4253717E+002
 1.2600000E+003, 8.0000032E-003, 8.3663196E+002, 8.4253748E+002
 1.2610000E+003, 8.0000032E-003, 8.3663202E+002, 8.4253778E+002
 1.2620000E+003, 8.0000032E-003, 8.3663214E+002, 8.4253809E+002
 1.2630000E+003, 8.0000032E-003, 8.3663220E+002, 8.4253839E+002
 1.2640000E+003, 8.0000032E-003, 8.3663226E+002, 8.4253870E+002
 1.2650000E+003, 8.0000032E-003, 8.3663239E+002, 8.4253900E+002
 1.2660000E+003, 8.0000032E-003, 8.3663245E+002, 8.4253931E+002
 1.2670000E+003, 8.0000032E-003, 8.3663251E+002, 8.4253961E+002
 1.2680000E+003, 8.0000032E-003, 8.3663263E+002, 8.4253992E+002
 1.2690000E+003, 8.0000032E-003, 8.3663269E+002, 8.4254022E+002
 1.2700000E+003, 8.0000032E-003, 8.3663275E+002, 8.4254047E+002
 1.2710000E+003, 8.0000032E-003, 8.3663287E+002, 8.4254077E+002
 1.2720000E+003, 8.0000032E-003, 8.3663293E+002, 8.4254108E+002
 1.2730000E+003, 8.0000032E-003, 8.3663300E+002, 8.4254132E+002
 1.2740000E+003, 8.0000032E-003, 8.3663306E+002, 8.4254163E+002
 1.2750000E+003, 8.0000032E-003, 8.3663318E+002, 8.4254187E+002
 1.2760000E+003, 8.0000032E-003, 8.3663324E+002, 8.4254218E+002
 1.2770000E+003, 8.0000032E-003, 8.3663330E+002, 8.4254242E+002
 1.2780000E+003, 8.0000032E-003, 8.3663336E+002, 8.4254266E+002
 1.2790000E+003, 8.0000032E-003, 8.3663342E+002, 8.4254297E+002
 1.2800000E+003, 8.0000032E-003, 8.3663354E+002, 8.4254321E+002
 1.2810000E+003, 8.0000032E-003, 8.3663361E+002, 8.4254346E+002
 1.2820000E+003, 8.0000032E-003, 8.3663367E+002, 8.4254376E+002
 1.2830000E+003, 8.0000032E-003, 8.3663373E+002, 8.4254401E+002
 1.2840000E+003, 8.0000032E-003, 8.3663379E+002, 8.4254425E+002
 1.2850000E+003, 8.0000032E-003, 8.3663385E+002, 8.4254449E+002
 1.2860000E+003, 8.0000032E-003, 8.3663391E+002, 8.4254474E+002
 1.2870000E+003, 8.0000032E-003, 8.3663403E+002, 8.4254498E+002
 1.2880000E+003, 8.0000032E-003, 8.3663409E+002, 8.4254523E+002
 1.2890000E+003, 8.0000032E-003, 8.3663416E+002, 8.4254547E+002
 1.2900000E+003, 8.0000032E-003, 8.3663422E+002, 8.4254572E+002
 1.2910000E+003, 8.0000032E-003, 8.3663428E+002, 8.4254596E+002
 1.2920000E+003, 8.0000032E-003, 8.3663434E+002, 8.4254620E+002
 1.2930000E+003, 8.0000032E-003, 8.3663440E+002, 8.4254645E+002
 1.2940000E+003, 8.0000032E-003, 8.3663446E+002, 8.4254663E+002
 1.2950000E+003, 8.0000032E-003, 8.3663452E+002, 8.4254688E+002
 1.2960000E+003, 8.0000032E-003, 8.3663458E+002, 8.4254712E+002
 1.2970000E+003, 8.0000032E-003, 8.3663464E+002, 8.4254736E+002
 1.2980000E+003, 8.0000032E-003, 8.3663470E+002, 8.4254755E+002
 1.2990000E+003, 8.0000032E-003, 8.3663477E+002, 8.4254779E+002
 1.3000000E+003, 8.0000032E-003, 8.3663483E+002, 8.4254803E+002
 1.3010000E+003, 8.0000032E-003, 8.3663489E+002, 8.4254822E+002
 1.3020000E+003, 8.0000032E-003, 8.3663495E+002, 8.4254846E+002
 1.3030000E+003, 8.0000032E-003, 8.3663501E+002, 8.4254865E+002
 1.3040000E+003, 8.0000032E-003, 8.3663507E+002, 8.4254889E+002
 1.3050000E+003, 8.0000032E-003, 8.3663513E+002, 8.4254907E+002
 1.3060000E+003, 8.0000032E-003, 8.3663519E+002, 8.4254926E+002
 1.3070000E+003, 8.0000032E-003, 8.3663525E+002, 8.4254950E+002
 1.3080000E+003, 8.0000032E-003, 8.3663531E+002, 8.4254968E+002
 1.3090000E+003, 8.0000032E-003, 8.3663538E+002, 8.4254987E+002
 1.3100000E+003, 8.0000032E-003, 8.3663544E+002, 8.4255011E+002
 1.3110000E+003, 8.0000032E-003, 8.3663550E+002, 8.4255029E+002
 1.3120000E+003, 8.0000032E-003, 8.3663550E+002, 8.4255048E+002
 1.3130000E+003, 8.0000032E-003, 8.3663556E+002, 8.4255066E+002
 1.3140000E+003, 8.0000032E-003, 8.3663562E+002, 8.4255090E+002
 1.3150000E+003, 8.0000032E-003, 8.3663568E+002, 8.4255109E+002
 1.3160000E+003, 8.0000032E-003, 8.3663574E+002, 8.4255127E+002
 1.3170000E+003, 8.0000032E-003, 8.3663580E+002, 8.4255145E+002
 1.3180000E+003, 8.0000032E-003, 8.3663586E+002, 8.4255164E+002
 1.3190000E+003, 8.0000032E-003, 8.3663586E+002, 8.4255182E+002
 1.3200000E+003, 8.0000032E-003, 8.3663593E+002, 8.4255200E+002
 1.3210000E+003, 8.0000032E-003, 8.3663599E+002, 8.4255219E+002
 1.3220000E+003, 8.0000032E-003, 8.3663605E+002, 8.4255237E+002
 1.3230000E+003, 8.0000032E-003, 8.3663611E+002, 8.4255255E+002
 1.3240000E+003, 8.0000032E-003, 8.3663611E+002, 8.4255273E+002
 1.3250000E+003, 8.0000032E-003, 8.3663617E+002, 8.4255292E+002
 1.3260000E+003, 8.0000032E-003, 8.3663623E+002, 8.4255310E+002
 1.3270000E+003, 8.0000032E-003, 8.3663629E+002, 8.4255322E+002
 1.3280000E+003, 8.0000032E-003, 8.3663635E+002, 8.4255341E+002
 1.3290000E+003, 8.0000032E-003, 8.3663635E+002, 8.4255359E+002
 1.3300000E+003, 8.0000032E-003, 8.3663641E+002, 8.4255377E+002
 1.3310000E+003, 8.0000032E-003, 8.3663647E+002, 8.4255389E+002
 1.3320000E+003, 8.0000032E-003, 8.3663654E+002, 8.4255408E+002
 1.3330000E+003, 8.0000032E-003, 8.3663654E+002, 8.4255426E+002
 1.3340000E+003, 8.0000032E-003, 8.3663660E+002, 8.4255444E+002
 1.3350000E+003, 8.0000032E-003, 8.3663666E+002, 8.4255457E+002
 1.3360000E+003, 8.0000032E-003, 8.3663672E+002, 8.4255475E+002
 1.3370000E+003, 8.0000032E-003, 8.3663672E+002, 8.4255487E+002
 1.3380000E+003, 8.0000032E-003, 8.3663678E+002, 8.4255505E+002
 1.3390000E+003, 8.0000032E-003, 8.3663684E+002, 8.4255518E+002
 1.3400000E+003, 8.0000032E-003, 8.3663684E+002, 8.4255536E+002
 1.3410000E+003, 8.0000032E-003, 8.3663690E+002, 8.4255548E+002
 1.3420000E+003, 8.0000032E-003, 8.3663696E+002, 8.4255566E+002
 1.3430000E+003, 8.0000032E-003, 8.3663696E+002, 8.4255579E+002
 1.3440000E+003, 8.0000032E-003, 8.3663702E+002, 8.4255597E+002
 1.3450000E+003, 8.0000032E-003, 8.3663708E+002, 8.4255609E+002
 1.3460000E+003, 8.0000032E-003, 8.3663708E+002, 8.4255627E+002
 1.3470000E+003, 8.0000032E-003, 8.3663715E+002, 8.4255640E+002
 1.3480000E+003, 8.0000032E-003, 8.3663721E+002, 8.4255652E+002
 1.3490000E+003, 8.0000032E-003, 8.3663721E+002, 8.4255670E+002
 1.3500000E+003, 8.0000032E-003, 8.3663727E+002, 8.4255682E+002
 1.3510000E+003, 8.0000032E-003, 8.3663733E+002, 8.4255695E+002
 1.3520000E+003, 8.0000032E-003, 8.3663733E+002, 8.4255707E+002
 1.3530000E+003, 8.0000032E-003, 8.3663739E+002, 8.4255725E+002
 1.3540000E+003, 8.0000032E-003, 8.3663739E+002, 8.4255737E+002
 1.3550000E+003, 8.0000032E-003, 8.3663745E+002, 8.4255750E+002
 1.3560000E+003, 8.0000032E-003, 8.3663751E+002, 8.4255762E+002
 1.3570000E+003, 8.0000032E-003, 8.3663751E+002, 8.4255774E+002
 1.3580000E+003, 8.0000032E-003, 8.3663757E+002, 8.4255792E+002
 1.3590000E+003, 8.0000032E-003, 8.3663757E+002, 8.4255804E+002
 1.3600000E+003, 8.0000032E-003, 8.3663763E+002, 8.4255817E+002
 1.3610000E+003, 8.0000032E-003, 8.3663770E+002, 8.4255829E+002
 1.3620000E+003, 8.0000032E-003, 8.3663770E+002, 8.4255841E+002
 1.3630000E+003, 8.0000032E-003, 8.3663776E+002, 8.4255853E+002
 1.3640000E+003, 8.0000032E-003, 8.3663776E+002, 8.4255865E+002
 1.3650000E+003, 8.0000032E-003, 8.3663782E+002, 8.4255878E+002
 1.3660000E+003, 8.0000032E-003, 8.3663782E+002, 8.4255890E+002
 1.3670000E+003, 8.0000032E-003, 8.3663788E+002, 8.4255902E+002
 1.3680000E+003, 8.0000032E-003, 8.3663788E+002, 8.4255914E+002
 1.3690000E+003, 8.0000032E-003, 8.3663794E+002, 8.4255927E+002
 1.3700000E+003, 8.0000032E-003, 8.3663794E+002, 8.4255939E+002
 1.3710000E+003, 8.0000032E-003, 8.3663800E+002, 8.4255951E+002
 1.3720000E+003, 8.0000032E-003, 8.3663806E+002, 8.4255963E+002
 1.3730000E+003, 8.0000032E-003, 8.3663806E+002, 8.4255969E+002
 1.3740000E+003, 8.0000032E-003, 8.3663812E+002, 8.4255981E+002
 1.3750000E+003, 8.0000032E-003, 8.3663812E+002, 8.4255994E+002
 1.3760000E+003, 8.0000032E-003, 8.3663818E+002, 8.4256006E+002
 1.3770000E+003, 8.0000032E-003, 8.3663818E+002, 8.4256018E+002
 1.3780000E+003, 8.0000032E-003, 8.3663824E+002, 8.4256030E+002
 1.3790000E+003, 8.0000032E-003, 8.3663824E+002, 8.4256036E+002
 1.3800000E+003, 8.0000032E-003, 8.3663831E+002, 8.4256049E+002
 1.3810000E+003, 8.0000032E-003, 8.3663831E+002, 8.4256061E+002
 1.3820000E+003, 8.0000032E-003, 8.3663831E+002, 8.4256073E+002
 1.3830000E+003, 8.0000032E-003, 8.3663837E+002, 8.4256079E+002
 1.3840000E+003, 8.0000032E-003, 8.3663837E+002, 8.4256091E+002
 1.3850000E+003, 8.0000032E-003, 8.3663843E+002, 8.4256104E+002
 1.3860000E+003, 8.0000032E-003, 8.3663843E+002, 8.4256110E+002
 1.3870000E+003, 8.0000032E-003, 8.3663849E+002, 8.4256122E+002
 1.3880000E+003, 8.0000032E-003, 8.3663849E+002, 8.4256134E+002
 1.3890000E+003, 8.0000032E-003, 8.3663855E+002, 8.4256140E+002
 1.3900000E+003, 8.0000032E-003, 8.3663855E+002, 8.4256152E+002
 1.3910000E+003, 8.0000032E-003, 8.3663861E+002, 8.4256158E+002
 1.3920000E+003, 8.0000032E-003, 8.3663861E+002, 8.4256171E+002
 1.3930000E+003, 8.0000032E-003, 8.3663861E+002, 8.4256183E+002
 1.3940000E+003, 8.0000032E-003, 8.3663867E+002, 8.4256189E+002
 1.3950000E+003, 8.0000032E-003, 8.3663867E+002, 8.4256201E+002
 1.3960000E+003, 8.0000032E-003, 8.3663873E+002, 8.4256207E+002
 1.3970000E+003, 8.0000032E-003, 8.3663873E+002, 8.4256219E+002
 1.3980000E+003, 8.0000032E-003, 8.3663879E+002, 8.4256226E+002
 1.3990000E+003, 8.0000032E-003, 8.3663879E+002, 8.4256238E+002
 1.4000000E+003, 8.0000032E-003, 8.3663879E+002, 8.4256244E+002
 1.4010000E+003, 8.0000032E-003, 8.3663885E+002, 8.4256256E+002
 1.4020000E+003, 8.0000032E-003, 8.3663885E+002, 8.4256262E+002
 1.4030000E+003, 8.0000032E-003, 8.3663892E+002, 8.4256274E+002
 1.4040000E+003, 8.0000032E-003, 8.3663892E+002, 8.4256281E+002
 1.4050000E+003, 8.0000032E-003, 8.3663892E+002, 8.4256287E+002
 1.4060000E+003, 8.0000032E-003, 8.3663898E+002, 8.4256299E+002
 1.4070000E+003, 8.0000032E-003, 8.3663898E+002, 8.4256305E+002
 1.4080000E+003, 8.0000032E-003, 8.3663898E+002, 8.4256317E+002
 1.4090000E+003, 8.0000032E-003, 8.3663904E+002, 8.4256323E+002
 1.4100000E+003, 8.0000032E-003, 8.3663904E+002, 8.4256329E+002
 1.4110000E+003, 8.0000032E-003, 8.3663910E+002, 8.4256342E+002
 1.4120000E+003, 8.0000032E-003, 8.3663910E+002, 8.4256348E+002
 1.4130000E+003, 8.0000032E-003, 8.3663910E+002, 8.4256354E+002
 1.4140000E+003, 8.0000032E-003, 8.3663916E+002, 8.4256360E+002
 1.4150000E+003, 8.0000032E-003, 8.3663916E+002, 8.4256372E+002
 1.4160000E+003, 8.0000032E-003, 8.3663916E+002, 8.4256378E+002
 1.4170000E+003, 8.0000032E-003, 8.3663922E+002, 8.4256384E+002
 1.4180000E+003, 8.0000032E-003, 8.3663922E+002, 8.4256396E+002
 1.4190000E+003, 8.0000032E-003, 8.3663922E+002, 8.4256403E+002
 1.4200000E+003, 8.0000032E-003, 8.3663928E+002, 8.4256409E+002
 1.4210000E+003, 8.0000032E-003, 8.3663928E+002, 8.4256415E+002
 1.4220000E+003, 8.0000032E-003, 8.3663928E+002, 8.4256421E+002
 1.4230000E+003, 8.0000032E-003, 8.3663934E+002, 8.4256433E+002
 1.4240000E+003, 8.0000032E-003, 8.3663934E+002, 8.4256439E+002
 1.4250000E+003, 8.0000032E-003, 8.3663934E+002, 8.4256445E+002
 1.4260000E+003, 8.0000032E-003, 8.3663940E+002, 8.4256451E+002
 1.4270000E+003, 8.0000032E-003, 8.3663940E+002, 8.4256458E+002
 1.4280000E+003, 8.0000032E-003, 8.3663940E+002, 8.4256464E+002
 1.4290000E+003, 8.0000032E-003, 8.3663947E+002, 8.4256476E+002
 1.4300000E+003, 8.0000032E-003, 8.3663947E+002, 8.4256482E+002
 1.4310000E+003, 8.0000032E-003, 8.3663947E+002, 8.4256488E+002
 1.4320000E+003, 8.0000032E-003, 8.3663953E+002, 8.4256494E+002
 1.4330000E+003, 8.0000032E-003, 8.3663953E+002, 8.4256500E+002
 1.4340000E+003, 8.0000032E-003, 8.3663953E+002, 8.4256506E+002
 1.4350000E+003, 8.0000032E-003, 8.3663953E+002, 8.4256512E+002
 1.4360000E+003, 8.0000032E-003, 8.3663959E+002, 8.4256519E+002
 1.4370000E+003, 8.0000032E-003, 8.3663959E+002, 8.4256525E+002
 1.4380000E+003, 8.0000032E-003, 8.3663959E+002, 8.4256531E+002
 1.4390000E+003, 8.0000032E-003, 8.3663965E+002, 8.4256537E+002
 1.4400000E+003, 8.0000032E-003, 8.3663965E+002, 8.4256543E+002
 1.4410000E+003, 8.0000032E-003, 8.3663965E+002, 8.4256549E+002
 1.4420000E+003, 8.0000032E-003, 8.3663965E+002, 8.4256555E+002
 1.4430000E+003, 8.0000032E-003, 8.3663971E+002, 8.4256561E+002
 1.4440000E+003, 8.0000032E-003, 8.3663971E+002, 8.4256567E+002
 1.4450000E+003, 8.0000032E-003, 8.3663971E+002, 8.4256573E+002
 1.4460000E+003, 8.0000032E-003, 8.3663977E+002, 8.4256580E+002
 1.4470000E+003, 8.0000032E-003, 8.3663977E+002, 8.4256586E+002
 1.4480000E+003, 8.0000032E-003, 8.3663977E+002, 8.4256592E+002
 1.4490000E+003, 8.0000032E-003, 8.3663977E+002, 8.4256598E+002
 1.4500000E+003, 8.0000032E-003, 8.3663983E+002, 8.4256604E+002
 1.4510000E+003, 8.0000032E-003, 8.3663983E+002, 8.4256610E+002
 1.4520000E+003, 8.0000032E-003, 8.3663983E+002, 8.4256616E+002
 1.4530000E+003, 8.0000032E-003, 8.3663983E+002, 8.4256622E+002
 1.4540000E+003, 8.0000032E-003, 8.3663989E+002, 8.4256628E+002
 1.4550000E+003, 8.0000032E-003, 8.3663989E+002, 8.4256635E+002
 1.4560000E+003, 8.0000032E-003, 8.3663989E+002, 8.4256641E+002
 1.4570000E+003, 8.0000032E-003, 8.3663989E+002, 8.4256647E+002
 1.4580000E+003, 8.0000032E-003, 8.3663995E+002, 8.4256647E+002
 1.4590000E+003, 8.0000032E-003, 8.3663995E+002, 8.4256653E+002
 1.4600000E+003, 8.0000032E-003, 8.3663995E+002, 8.4256659E+002
 1.4610000E+003, 8.0000032E-003, 8.3663995E+002, 8.4256665E+002
 1.4620000E+003, 8.0000032E-003, 8.3664001E+002, 8.4256671E+002
 1.4630000E+003, 8.0000032E-003, 8.3664001E+002, 8.4256677E+002
 1.4640000E+003, 8.0000032E-003, 8.3664001E+002, 8.4256683E+002
 1.4650000E+003, 8.0000032E-003, 8.3664001E+002, 8.4256683E+002
 1.4660000E+003, 8.0000032E-003, 8.3664001E+002, 8.4256689E+002
 1.4670000E+003, 8.0000032E-003, 8.3664008E+002, 8.4256696E+002
 1.4680000E+003, 8.0000032E-003, 8.3664008E+002, 8.4256702E+002
 1.4690000E+003, 8.0000032E-003, 8.3664008E+002, 8.4256708E+002
 1.4700000E+003, 8.0000032E-003, 8.3664008E+002, 8.4256708E+002
 1.4710000E+003, 8.0000032E-003, 8.3664014E+002, 8.4256714E+002
 1.4720000E+003, 8.0000032E-003, 8.3664014E+002, 8.4256720E+002
 1.4730000E+003, 8.0000032E-003, 8.3664014E+002, 8.4256726E+002
 1.4740000E+003, 8.0000032E-003, 8.3664014E+002, 8.4256726E+002
 1.4750000E+003, 8.0000032E-003, 8.3664014E+002, 8.4256732E+002
 1.4760000E+003, 8.0000032E-003, 8.3664020E+002, 8.4256738E+002
 1.4770000E+003, 8.0000032E-003, 8.3664020E+002, 8.4256744E+002
 1.4780000E+003, 8.0000032E-003, 8.3664020E+002, 8.4256744E+002
 1.4790000E+003, 8.0000032E-003, 8.3664020E+002, 8.4256750E+002
 1.4800000E+003, 8.0000032E-003, 8.3664020E+002, 8.4256757E+002
 1.4810000E+003, 8.0000032E-003, 8.3664026E+002, 8.4256763E+002
 1.4820000E+003, 8.0000032E-003, 8.3664026E+002, 8.4256763E+002
 1.4830000E+003, 8.0000032E-003, 8.3664026E+002, 8.4256769E+002
 1.4840000E+003, 8.0000032E-003, 8.3664026E+002, 8.4256775E+002
 1.4850000E+003, 8.0000032E-003, 8.3664026E+002, 8.4256775E+002
 1.4860000E+003, 8.0000032E-003, 8.3664032E+002, 8.4256781E+002
 1.4870000E+003, 8.0000032E-003, 8.3664032E+002, 8.4256787E+002
 1.4880000E+003, 8.0000032E-003, 8.3664032E+002, 8.4256787E+002
 1.4890000E+003, 8.0000032E-003, 8.3664032E+002, 8.4256793E+002
 1.4900000E+003, 8.0000032E-003, 8.3664032E+002, 8.4256799E+002
 1.4910000E+003, 8.0000032E-003, 8.3664032E+002, 8.4256799E+002
 1.4920000E+003, 8.0000032E-003, 8.3664038E+002, 8.4256805E+002
 1.4930000E+003, 8.0000032E-003, 8.3664038E+002, 8.4256812E+002
 1.4940000E+003, 8.0000032E-003, 8.3664038E+002, 8.4256812E+002
 1.4950000E+003, 8.0000032E-003, 8.3664038E+002, 8.4256818E+002
 1.4960000E+003, 8.0000032E-003, 8.3664038E+002, 8.4256824E+002
 1.4970000E+003, 8.0000032E-003, 8.3664038E+002, 8.4256824E+002
 1.4980000E+003, 8.0000032E-003, 8.3664044E+002, 8.4256830E+002
 1.4990000E+003, 8.0000032E-003, 8.3664044E+002, 8.4256830E+002
 1.5000000E+003, 8.0000032E-003, 8.3664044E+002, 8.4256836E+002
