# Time [s], Mass [Kg]
1.000000000000000000e+00,1.389829478312586963e-01
2.000000000000000000e+00,1.389829478223925940e-01
3.000000000000000000e+00,1.389829477978835048e-01
4.000000000000000000e+00,1.389829477235558775e-01
5.000000000000000000e+00,1.389829475241455559e-01
6.000000000000000000e+00,1.389829470540708545e-01
7.000000000000000000e+00,1.389829460555075391e-01
8.000000000000000000e+00,1.389829441016529332e-01
9.000000000000000000e+00,1.389829405211400193e-01
1.000000000000000000e+01,1.389829343003958773e-01
1.100000000000000000e+01,1.389829239593455834e-01
1.200000000000000000e+01,1.389829073939455872e-01
1.300000000000000000e+01,1.389828816800355860e-01
1.400000000000000000e+01,1.389828428301950747e-01
1.500000000000000000e+01,1.389827854946640850e-01
1.600000000000000000e+01,1.389827026098065799e-01
1.700000000000000000e+01,1.389825849864620710e-01
1.800000000000000000e+01,1.389824208487020762e-01
1.900000000000000000e+01,1.389821953464970838e-01
2.000000000000000000e+01,1.389818900199320806e-01
2.100000000000000000e+01,1.389814822071070710e-01
2.200000000000000000e+01,1.389809443959120761e-01
2.300000000000000000e+01,1.389802435404870751e-01
2.400000000000000000e+01,1.389793402487220775e-01
2.500000000000000000e+01,1.389781879195220726e-01
2.600000000000000000e+01,1.389767319277220858e-01
2.700000000000000000e+01,1.389749085349220870e-01
2.800000000000000000e+01,1.389726438800720776e-01
2.900000000000000000e+01,1.389698533150220683e-01
3.000000000000000000e+01,1.389664400956720780e-01
3.100000000000000000e+01,1.389622942025720842e-01
3.200000000000000000e+01,1.389572927999720708e-01
3.300000000000000000e+01,1.389512984097720782e-01
3.400000000000000000e+01,1.389441576054720739e-01
3.500000000000000000e+01,1.389357042347220683e-01
3.600000000000000000e+01,1.389257565760720903e-01
3.700000000000000000e+01,1.389141160835720701e-01
3.800000000000000000e+01,1.389005768735720736e-01
3.900000000000000000e+01,1.388849196650720763e-01
4.000000000000000000e+01,1.388669091880720685e-01
4.100000000000000000e+01,1.388463180935720909e-01
4.200000000000000000e+01,1.388229117985720906e-01
4.300000000000000000e+01,1.387964407605720707e-01
4.400000000000000000e+01,1.387666923560720855e-01
4.500000000000000000e+01,1.387334547180720801e-01
4.600000000000000000e+01,1.386964989395720882e-01
4.700000000000000000e+01,1.386556790860720700e-01
4.800000000000000000e+01,1.386108546070720648e-01
4.900000000000000000e+01,1.385618518810720901e-01
5.000000000000000000e+01,1.385086420485720782e-01
5.100000000000000000e+01,1.384511949000720721e-01
5.200000000000000000e+01,1.383894099355720830e-01
5.300000000000000000e+01,1.383234076690720848e-01
5.400000000000000000e+01,1.382532823785720677e-01
5.500000000000000000e+01,1.381789955575720708e-01
5.600000000000000000e+01,1.381008172865720862e-01
5.700000000000000000e+01,1.380189519090720685e-01
5.800000000000000000e+01,1.379333901065720736e-01
5.900000000000000000e+01,1.378445245250720652e-01
6.000000000000000000e+01,1.377526340810720784e-01
6.100000000000000000e+01,1.376577036095720796e-01
6.200000000000000000e+01,1.375602138675720842e-01
6.300000000000000000e+01,1.374604832035720703e-01
6.400000000000000000e+01,1.373584707085720724e-01
6.500000000000000000e+01,1.372547122585720814e-01
6.600000000000000000e+01,1.371495424935720853e-01
6.700000000000000000e+01,1.370428972335720752e-01
6.800000000000000000e+01,1.369353452885720690e-01
6.900000000000000000e+01,1.368272266635720824e-01
7.000000000000000000e+01,1.367184680835720756e-01
7.100000000000000000e+01,1.366096385535720825e-01
7.200000000000000000e+01,1.365010660335720660e-01
7.300000000000000000e+01,1.363926786085720710e-01
7.400000000000000000e+01,1.362849637285720727e-01
7.500000000000000000e+01,1.361781641085720862e-01
7.600000000000000000e+01,1.360721442535720860e-01
7.700000000000000000e+01,1.359671465335720864e-01
7.800000000000000000e+01,1.358631920735720866e-01
7.900000000000000000e+01,1.357599749035720837e-01
8.000000000000000000e+01,1.356573961335720835e-01
8.100000000000000000e+01,1.355552619435720918e-01
8.200000000000000000e+01,1.354532178585720892e-01
8.300000000000000000e+01,1.353510679485720736e-01
8.400000000000000000e+01,1.352486724285720809e-01
8.500000000000000000e+01,1.351458770685720900e-01
8.600000000000000000e+01,1.350426476585720736e-01
8.700000000000000000e+01,1.349390310285720762e-01
8.800000000000000000e+01,1.348350825435720712e-01
8.900000000000000000e+01,1.347309129835720654e-01
9.000000000000000000e+01,1.346266740035720888e-01
9.100000000000000000e+01,1.345225078335720859e-01
9.200000000000000000e+01,1.344185628035720892e-01
9.300000000000000000e+01,1.343149904835720665e-01
9.400000000000000000e+01,1.342119123135720737e-01
9.500000000000000000e+01,1.341094232235720829e-01
9.600000000000000000e+01,1.340075908735720855e-01
9.700000000000000000e+01,1.339064383835720795e-01
9.800000000000000000e+01,1.338059460535720724e-01
9.900000000000000000e+01,1.337060551250720819e-01
1.000000000000000000e+02,1.336066706540720850e-01
1.010000000000000000e+02,1.335076699735720795e-01
1.020000000000000000e+02,1.334089168565720795e-01
1.030000000000000000e+02,1.333102735805720696e-01
1.040000000000000000e+02,1.332116142660720870e-01
1.050000000000000000e+02,1.331128380300720671e-01
1.060000000000000000e+02,1.330138692000720768e-01
1.070000000000000000e+02,1.329146630725720757e-01
1.080000000000000000e+02,1.328152106190720882e-01
1.090000000000000000e+02,1.327155312720720848e-01
1.100000000000000000e+02,1.326156665095720721e-01
1.110000000000000000e+02,1.325156774765720857e-01
1.120000000000000000e+02,1.324156356765720799e-01
1.130000000000000000e+02,1.323156137500720864e-01
1.140000000000000000e+02,1.322156850710720644e-01
1.150000000000000000e+02,1.321159166180720657e-01
1.160000000000000000e+02,1.320163626195720863e-01
1.170000000000000000e+02,1.319170596135720852e-01
1.180000000000000000e+02,1.318180270710720692e-01
1.190000000000000000e+02,1.317192671770720802e-01
1.200000000000000000e+02,1.316207607465720852e-01
1.210000000000000000e+02,1.315224694945720807e-01
1.220000000000000000e+02,1.314243392155720891e-01
1.230000000000000000e+02,1.313263047535720707e-01
1.240000000000000000e+02,1.312282969475720706e-01
1.250000000000000000e+02,1.311302427790720648e-01
1.260000000000000000e+02,1.310320699170720860e-01
1.270000000000000000e+02,1.309337186160720867e-01
1.280000000000000000e+02,1.308351383505720889e-01
1.290000000000000000e+02,1.307362899865720796e-01
1.300000000000000000e+02,1.306371516005720712e-01
1.310000000000000000e+02,1.305377149975720796e-01
1.320000000000000000e+02,1.304379848410720799e-01
1.330000000000000000e+02,1.303379773405720643e-01
1.340000000000000000e+02,1.302377170905720805e-01
1.350000000000000000e+02,1.301372341955720768e-01
1.360000000000000000e+02,1.300365599955720652e-01
1.370000000000000000e+02,1.299357240455720763e-01
1.380000000000000000e+02,1.298347537705720756e-01
1.390000000000000000e+02,1.297336680055720670e-01
1.400000000000000000e+02,1.296324792955720895e-01
1.410000000000000000e+02,1.295311931505720715e-01
1.420000000000000000e+02,1.294298036905720817e-01
1.430000000000000000e+02,1.293282960555720840e-01
1.440000000000000000e+02,1.292266460805720774e-01
1.450000000000000000e+02,1.291248228705720869e-01
1.460000000000000000e+02,1.290227892955720657e-01
1.470000000000000000e+02,1.289205034955720752e-01
1.480000000000000000e+02,1.288179234305720788e-01
1.490000000000000000e+02,1.287150085805720823e-01
1.500000000000000000e+02,1.286117210355720852e-01
1.510000000000000000e+02,1.285080289305720880e-01
1.520000000000000000e+02,1.284039063255720814e-01
1.530000000000000000e+02,1.282993332655720797e-01
1.540000000000000000e+02,1.281942949805720822e-01
1.550000000000000000e+02,1.280887841105720626e-01
1.560000000000000000e+02,1.279828013105720752e-01
1.570000000000000000e+02,1.278763502955720666e-01
1.580000000000000000e+02,1.277694360255720862e-01
1.590000000000000000e+02,1.276620665105720753e-01
1.600000000000000000e+02,1.275542511405720891e-01
1.610000000000000000e+02,1.274459949905720757e-01
1.620000000000000000e+02,1.273373019405720785e-01
1.630000000000000000e+02,1.272281721205720806e-01
1.640000000000000000e+02,1.271186002305720875e-01
1.650000000000000000e+02,1.270085778105720653e-01
1.660000000000000000e+02,1.268980911805720757e-01
1.670000000000000000e+02,1.267871217505720793e-01
1.680000000000000000e+02,1.266756480655720773e-01
1.690000000000000000e+02,1.265636442705720677e-01
1.700000000000000000e+02,1.264510832905720861e-01
1.710000000000000000e+02,1.263379387055720837e-01
1.720000000000000000e+02,1.262241832055720769e-01
1.730000000000000000e+02,1.261097921055720772e-01
1.740000000000000000e+02,1.259947417755720722e-01
1.750000000000000000e+02,1.258790108855720735e-01
1.760000000000000000e+02,1.257625835705720729e-01
1.770000000000000000e+02,1.256454476455720892e-01
1.780000000000000000e+02,1.255275929105720834e-01
1.790000000000000000e+02,1.254090112005720736e-01
1.800000000000000000e+02,1.252896969705720731e-01
1.810000000000000000e+02,1.251696472955720896e-01
1.820000000000000000e+02,1.250488600805720885e-01
1.830000000000000000e+02,1.249273323855720763e-01
1.840000000000000000e+02,1.248050612405720849e-01
1.850000000000000000e+02,1.246820427505720835e-01
1.860000000000000000e+02,1.245582711705720824e-01
1.870000000000000000e+02,1.244337385805720786e-01
1.880000000000000000e+02,1.243084350505720831e-01
1.890000000000000000e+02,1.241823495555720719e-01
1.900000000000000000e+02,1.240554695705720772e-01
1.910000000000000000e+02,1.239277805255720732e-01
1.920000000000000000e+02,1.237992663855720793e-01
1.930000000000000000e+02,1.236699120255720791e-01
1.940000000000000000e+02,1.235397035555720752e-01
1.950000000000000000e+02,1.234086268655720797e-01
1.960000000000000000e+02,1.232766712055720776e-01
1.970000000000000000e+02,1.231438277705720757e-01
1.980000000000000000e+02,1.230100890905720806e-01
1.990000000000000000e+02,1.228754507105720845e-01
2.000000000000000000e+02,1.227399103305720773e-01
2.010000000000000000e+02,1.226034672655720859e-01
2.020000000000000000e+02,1.224661223255720799e-01
2.030000000000000000e+02,1.223278798055720817e-01
2.040000000000000000e+02,1.221887442955720826e-01
2.050000000000000000e+02,1.220487204355720778e-01
2.060000000000000000e+02,1.219078131055720826e-01
2.070000000000000000e+02,1.217660273905720875e-01
2.080000000000000000e+02,1.216233698705720817e-01
2.090000000000000000e+02,1.214798456905720886e-01
2.100000000000000000e+02,1.213354596055720852e-01
2.110000000000000000e+02,1.211902180205720880e-01
2.120000000000000000e+02,1.210441271705720856e-01
2.130000000000000000e+02,1.208971930955720919e-01
2.140000000000000000e+02,1.207494238205720771e-01
2.150000000000000000e+02,1.206008285305720795e-01
2.160000000000000000e+02,1.204514173405720756e-01
2.170000000000000000e+02,1.203012011855720820e-01
2.180000000000000000e+02,1.201501933205720851e-01
2.190000000000000000e+02,1.199984095155720853e-01
2.200000000000000000e+02,1.198458671355720762e-01
2.210000000000000000e+02,1.196925853955720792e-01
2.220000000000000000e+02,1.195385850205720746e-01
2.230000000000000000e+02,1.193838882205720819e-01
2.240000000000000000e+02,1.192285184955720889e-01
2.250000000000000000e+02,1.190725009955720809e-01
2.260000000000000000e+02,1.189158604455720775e-01
2.270000000000000000e+02,1.187586228405720784e-01
2.280000000000000000e+02,1.186008146705720828e-01
2.290000000000000000e+02,1.184424628505720833e-01
2.300000000000000000e+02,1.182835952455720818e-01
2.310000000000000000e+02,1.181242387305720815e-01
2.320000000000000000e+02,1.179644208205720829e-01
2.330000000000000000e+02,1.178041700055720842e-01
2.340000000000000000e+02,1.176435148255720875e-01
2.350000000000000000e+02,1.174824849855720804e-01
2.360000000000000000e+02,1.173211110905720833e-01
2.370000000000000000e+02,1.171594230505720868e-01
2.380000000000000000e+02,1.169974513105720842e-01
2.390000000000000000e+02,1.168352280355720862e-01
2.400000000000000000e+02,1.166727861255720811e-01
2.410000000000000000e+02,1.165101587155720764e-01
2.420000000000000000e+02,1.163473791405720825e-01
2.430000000000000000e+02,1.161844808255720757e-01
2.440000000000000000e+02,1.160214972205720757e-01
2.450000000000000000e+02,1.158584618705720826e-01
2.460000000000000000e+02,1.156954079205720770e-01
2.470000000000000000e+02,1.155323678655720832e-01
2.480000000000000000e+02,1.153693744655720776e-01
2.490000000000000000e+02,1.152064597305720861e-01
2.500000000000000000e+02,1.150436554355720870e-01
2.510000000000000000e+02,1.148809928455720858e-01
2.520000000000000000e+02,1.147185018605720863e-01
2.530000000000000000e+02,1.145562126705720885e-01
2.540000000000000000e+02,1.143941546605720810e-01
2.550000000000000000e+02,1.142323564505720868e-01
2.560000000000000000e+02,1.140708468505720885e-01
2.570000000000000000e+02,1.139096541105720783e-01
2.580000000000000000e+02,1.137488061255720884e-01
2.590000000000000000e+02,1.135883308805720748e-01
2.600000000000000000e+02,1.134282555555720801e-01
2.610000000000000000e+02,1.132686060455720817e-01
2.620000000000000000e+02,1.131094082305720838e-01
2.630000000000000000e+02,1.129506874655720750e-01
2.640000000000000000e+02,1.127924678205720899e-01
2.650000000000000000e+02,1.126347723155720904e-01
2.660000000000000000e+02,1.124776237655720768e-01
2.670000000000000000e+02,1.123210446455720768e-01
2.680000000000000000e+02,1.121650560805720898e-01
2.690000000000000000e+02,1.120096788005720823e-01
2.700000000000000000e+02,1.118549326855720893e-01
2.710000000000000000e+02,1.117008372255720861e-01
2.720000000000000000e+02,1.115474116105720781e-01
2.730000000000000000e+02,1.113946735455720871e-01
2.740000000000000000e+02,1.112426408355720875e-01
2.750000000000000000e+02,1.110913304605720825e-01
2.760000000000000000e+02,1.109407583305720840e-01
2.770000000000000000e+02,1.107909408005720853e-01
2.780000000000000000e+02,1.106418937505720818e-01
2.790000000000000000e+02,1.104936321305720892e-01
2.800000000000000000e+02,1.103461702655720855e-01
2.810000000000000000e+02,1.101995223805720819e-01
2.820000000000000000e+02,1.100537024155720800e-01
2.830000000000000000e+02,1.099087231255720803e-01
2.840000000000000000e+02,1.097645967905720860e-01
2.850000000000000000e+02,1.096213362305720751e-01
2.860000000000000000e+02,1.094789535455720775e-01
2.870000000000000000e+02,1.093374600705720734e-01
2.880000000000000000e+02,1.091968669105720796e-01
2.890000000000000000e+02,1.090571854355720793e-01
2.900000000000000000e+02,1.089184266805720835e-01
2.910000000000000000e+02,1.087806009605720714e-01
2.920000000000000000e+02,1.086437185855720772e-01
2.930000000000000000e+02,1.085077901705720771e-01
2.940000000000000000e+02,1.083728260655720810e-01
2.950000000000000000e+02,1.082388357755720842e-01
2.960000000000000000e+02,1.081058293105720824e-01
2.970000000000000000e+02,1.079738166205720801e-01
2.980000000000000000e+02,1.078428072805720783e-01
2.990000000000000000e+02,1.077128113555720912e-01
3.000000000000000000e+02,1.075838389155720776e-01
3.010000000000000000e+02,1.074558993805720813e-01
3.020000000000000000e+02,1.073290025955720844e-01
3.030000000000000000e+02,1.072031588655720791e-01
3.040000000000000000e+02,1.070783779555720960e-01
3.050000000000000000e+02,1.069546700655720911e-01
3.060000000000000000e+02,1.068320457455720907e-01
3.070000000000000000e+02,1.067105154405720846e-01
3.080000000000000000e+02,1.065900899605720931e-01
3.090000000000000000e+02,1.064707801355720962e-01
3.100000000000000000e+02,1.063525972905720873e-01
3.110000000000000000e+02,1.062355529605720911e-01
3.120000000000000000e+02,1.061196590655720945e-01
3.130000000000000000e+02,1.060049279755720941e-01
3.140000000000000000e+02,1.058913722405721014e-01
3.150000000000000000e+02,1.057790049455721026e-01
3.160000000000000000e+02,1.056678395955721050e-01
3.170000000000000000e+02,1.055578898655721021e-01
3.180000000000000000e+02,1.054491699755721046e-01
3.190000000000000000e+02,1.053416950105720978e-01
3.200000000000000000e+02,1.052354806005720983e-01
3.210000000000000000e+02,1.051305427355720967e-01
3.220000000000000000e+02,1.050268980655720968e-01
3.230000000000000000e+02,1.049245641755720965e-01
3.240000000000000000e+02,1.048235591205720907e-01
3.250000000000000000e+02,1.047239013990720891e-01
3.260000000000000000e+02,1.046256106080721004e-01
3.270000000000000000e+02,1.045287071630720960e-01
3.280000000000000000e+02,1.044332121530720942e-01
3.290000000000000000e+02,1.043391475450720918e-01
3.300000000000000000e+02,1.042465362575720894e-01
3.310000000000000000e+02,1.041554022600720830e-01
3.320000000000000000e+02,1.040657702355720915e-01
3.330000000000000000e+02,1.039776659075720977e-01
3.340000000000000000e+02,1.038911162495720908e-01
3.350000000000000000e+02,1.038061494330720924e-01
3.360000000000000000e+02,1.037227946740720830e-01
3.370000000000000000e+02,1.036410823300720901e-01
3.380000000000000000e+02,1.035610439155720819e-01
3.390000000000000000e+02,1.034827120455720922e-01
3.400000000000000000e+02,1.034061204140721002e-01
3.410000000000000000e+02,1.033313038455720978e-01
3.420000000000000000e+02,1.032582986115720969e-01
3.430000000000000000e+02,1.031871421145720835e-01
3.440000000000000000e+02,1.031178725270720936e-01
3.450000000000000000e+02,1.030505288710720918e-01
3.460000000000000000e+02,1.029851511835720990e-01
3.470000000000000000e+02,1.029217801680721023e-01
3.480000000000000000e+02,1.028604566780720875e-01
3.490000000000000000e+02,1.028012216960720870e-01
3.500000000000000000e+02,1.027441161335720943e-01
3.510000000000000000e+02,1.026891801485720901e-01
3.520000000000000000e+02,1.026364526710721037e-01
3.530000000000000000e+02,1.025859708270721038e-01
3.540000000000000000e+02,1.025377691960721038e-01
3.550000000000000000e+02,1.024918787740720927e-01
3.560000000000000000e+02,1.024483259505721000e-01
3.570000000000000000e+02,1.024071315995720988e-01
3.580000000000000000e+02,1.023683098935720959e-01
3.590000000000000000e+02,1.023318667640721047e-01
3.600000000000000000e+02,1.022977987030720959e-01
3.610000000000000000e+02,1.022660915735720960e-01
3.620000000000000000e+02,1.022367192125721025e-01
3.630000000000000000e+02,1.022096425820721022e-01
3.640000000000000000e+02,1.021848088915720959e-01
3.650000000000000000e+02,1.021621512870720949e-01
3.660000000000000000e+02,1.021415890710720975e-01
3.670000000000000000e+02,1.021230284325720938e-01
3.680000000000000000e+02,1.021063636855721046e-01
3.690000000000000000e+02,1.020914791070721001e-01
3.700000000000000000e+02,1.020782512925721003e-01
3.710000000000000000e+02,1.020665517160720959e-01
3.720000000000000000e+02,1.020562495385221036e-01
3.730000000000000000e+02,1.020472143198221104e-01
3.740000000000000000e+02,1.020393185773721123e-01
3.750000000000000000e+02,1.020324399819221017e-01
3.760000000000000000e+02,1.020264630977221060e-01
3.770000000000000000e+02,1.020212806444721065e-01
3.780000000000000000e+02,1.020167942773721054e-01
3.790000000000000000e+02,1.020129149526221024e-01
3.800000000000000000e+02,1.020095629313721025e-01
3.810000000000000000e+02,1.020066674491721115e-01
3.820000000000000000e+02,1.020041662141221023e-01
3.830000000000000000e+02,1.020020047637220928e-01
3.840000000000000000e+02,1.020001357406220971e-01
3.850000000000000000e+02,1.019985181633220883e-01
3.860000000000000000e+02,1.019971166955720987e-01
3.870000000000000000e+02,1.019959009536220984e-01
3.880000000000000000e+02,1.019948448675470909e-01
3.890000000000000000e+02,1.019939261027970889e-01
3.900000000000000000e+02,1.019931255416420962e-01
3.910000000000000000e+02,1.019924268293321001e-01
3.920000000000000000e+02,1.019918159760570958e-01
3.930000000000000000e+02,1.019912810111920920e-01
3.940000000000000000e+02,1.019908116870121007e-01
3.950000000000000000e+02,1.019903992241170954e-01
3.960000000000000000e+02,1.019900360941271011e-01
3.970000000000000000e+02,1.019897158348870986e-01
3.980000000000000000e+02,1.019894328918020954e-01
3.990000000000000000e+02,1.019891824836320904e-01
4.000000000000000000e+02,1.019889604895720947e-01
4.010000000000000000e+02,1.019887633528371029e-01
4.020000000000000000e+02,1.019885879984270965e-01
4.030000000000000000e+02,1.019884317638320992e-01
4.040000000000000000e+02,1.019882923399171026e-01
4.050000000000000000e+02,1.019881677208971105e-01
4.060000000000000000e+02,1.019880561617871051e-01
4.070000000000000000e+02,1.019879561417811054e-01
4.080000000000000000e+02,1.019878663333191049e-01
4.090000000000000000e+02,1.019877855757700957e-01
4.100000000000000000e+02,1.019877128528346028e-01
4.110000000000000000e+02,1.019876472732205996e-01
4.120000000000000000e+02,1.019875880538990975e-01
4.130000000000000000e+02,1.019875345059385874e-01
4.140000000000000000e+02,1.019874860223690949e-01
4.150000000000000000e+02,1.019874420675475901e-01
4.160000000000000000e+02,1.019874021679995912e-01
4.170000000000000000e+02,1.019873659047260961e-01
4.180000000000000000e+02,1.019873329063955975e-01
4.190000000000000000e+02,1.019873028434055973e-01
4.200000000000000000e+02,1.019872754227791056e-01
4.210000000000000000e+02,1.019872503837616073e-01
4.220000000000000000e+02,1.019872274939866014e-01
4.230000000000000000e+02,1.019872065460920990e-01
4.240000000000000000e+02,1.019871873547855967e-01
4.250000000000000000e+02,1.019871697543035943e-01
4.260000000000000000e+02,1.019871535961620890e-01
4.270000000000000000e+02,1.019871387471905921e-01
4.280000000000000000e+02,1.019871250878215951e-01
4.290000000000000000e+02,1.019871125105606124e-01
4.300000000000000000e+02,1.019871009186546079e-01
4.310000000000000000e+02,1.019870902249301048e-01
4.320000000000000000e+02,1.019870803507585549e-01
4.330000000000000000e+02,1.019870712251378653e-01
4.340000000000000000e+02,1.019870627838810606e-01
4.350000000000000000e+02,1.019870549689000094e-01
4.360000000000000000e+02,1.019870477275759690e-01
4.370000000000000000e+02,1.019870410121961057e-01
4.380000000000000000e+02,1.019870347794565035e-01
4.390000000000000000e+02,1.019870289900116078e-01
4.400000000000000000e+02,1.019870236080759052e-01
4.410000000000000000e+02,1.019870186010754520e-01
4.420000000000000000e+02,1.019870139393310032e-01
4.430000000000000000e+02,1.019870095957760014e-01
4.440000000000000000e+02,1.019870055457050007e-01
4.450000000000000000e+02,1.019870017665475415e-01
4.460000000000000000e+02,1.019869982376638007e-01
4.470000000000000000e+02,1.019869949401662479e-01
4.480000000000000000e+02,1.019869918567559985e-01
4.490000000000000000e+02,1.019869889715762507e-01
4.500000000000000000e+02,1.019869862700798491e-01
4.510000000000000000e+02,1.019869837389089512e-01
4.520000000000000000e+02,1.019869813657896529e-01
4.530000000000000000e+02,1.019869791394368563e-01
4.540000000000000000e+02,1.019869770494649663e-01
4.550000000000000000e+02,1.019869750863095503e-01
4.560000000000000000e+02,1.019869732411558538e-01
4.570000000000000000e+02,1.019869715058731030e-01
4.580000000000000000e+02,1.019869698729578000e-01
4.590000000000000000e+02,1.019869683354805018e-01
4.600000000000000000e+02,1.019869668870363039e-01
4.610000000000000000e+02,1.019869655217011117e-01
4.620000000000000000e+02,1.019869642339925608e-01
4.630000000000000000e+02,1.019869630188333515e-01
4.640000000000000000e+02,1.019869618715186499e-01
4.650000000000000000e+02,1.019869607876862927e-01
4.660000000000000000e+02,1.019869597632881431e-01
4.670000000000000000e+02,1.019869587945658740e-01
4.680000000000000000e+02,1.019869578780281533e-01
4.690000000000000000e+02,1.019869570104293272e-01
4.700000000000000000e+02,1.019869561887505605e-01
4.710000000000000000e+02,1.019869554101823089e-01
4.720000000000000000e+02,1.019869546721084985e-01
4.730000000000000000e+02,1.019869539720915375e-01
4.740000000000000000e+02,1.019869533078590629e-01
4.750000000000000000e+02,1.019869526772915341e-01
4.760000000000000000e+02,1.019869520784105754e-01
4.770000000000000000e+02,1.019869515093687062e-01
4.780000000000000000e+02,1.019869509684401265e-01
4.790000000000000000e+02,1.019869504540115573e-01
4.800000000000000000e+02,1.019869499645740252e-01
4.810000000000000000e+02,1.019869494987155206e-01
4.820000000000000000e+02,1.019869490551141844e-01
4.830000000000000000e+02,1.019869486325317154e-01
4.840000000000000000e+02,1.019869482298076946e-01
4.850000000000000000e+02,1.019869478458542145e-01
4.860000000000000000e+02,1.019869474796507858e-01
4.870000000000000000e+02,1.019869471302394526e-01
4.880000000000000000e+02,1.019869467967207954e-01
4.890000000000000000e+02,1.019869464782499902e-01
4.900000000000000000e+02,1.019869461740330885e-01
4.910000000000000000e+02,1.019869458833235903e-01
4.920000000000000000e+02,1.019869456054192935e-01
4.930000000000000000e+02,1.019869453396593795e-01
4.940000000000000000e+02,1.019869450854217208e-01
4.950000000000000000e+02,1.019869448421203140e-01
4.960000000000000000e+02,1.019869446092030035e-01
4.970000000000000000e+02,1.019869443861492614e-01
4.980000000000000000e+02,1.019869441724682579e-01
4.990000000000000000e+02,1.019869439676968637e-01
5.000000000000000000e+02,1.019869437713979698e-01
5.010000000000000000e+02,1.019869435831588927e-01
5.020000000000000000e+02,1.019869434025897914e-01
5.030000000000000000e+02,1.019869432293222800e-01
5.040000000000000000e+02,1.019869430630081647e-01
5.050000000000000000e+02,1.019869429033181396e-01
5.060000000000000000e+02,1.019869427499406345e-01
5.070000000000000000e+02,1.019869426025808018e-01
5.080000000000000000e+02,1.019869424609595177e-01
5.090000000000000000e+02,1.019869423248123963e-01
5.100000000000000000e+02,1.019869421938889437e-01
5.110000000000000000e+02,1.019869420679518079e-01
5.120000000000000000e+02,1.019869419467759331e-01
5.130000000000000000e+02,1.019869418301478647e-01
5.140000000000000000e+02,1.019869417178650983e-01
5.150000000000000000e+02,1.019869416097353987e-01
5.160000000000000000e+02,1.019869415055763007e-01
5.170000000000000000e+02,1.019869414052144707e-01
5.180000000000000000e+02,1.019869413084852905e-01
5.190000000000000000e+02,1.019869412152322879e-01
5.200000000000000000e+02,1.019869411253067071e-01
5.210000000000000000e+02,1.019869410385670777e-01
5.220000000000000000e+02,1.019869409548788547e-01
5.230000000000000000e+02,1.019869408741139877e-01
5.240000000000000000e+02,1.019869407961505881e-01
5.250000000000000000e+02,1.019869407208725959e-01
5.260000000000000000e+02,1.019869406481694885e-01
5.270000000000000000e+02,1.019869405779359889e-01
5.280000000000000000e+02,1.019869405100717052e-01
5.290000000000000000e+02,1.019869404444809780e-01
5.300000000000000000e+02,1.019869403810725883e-01
5.310000000000000000e+02,1.019869403197594948e-01
5.320000000000000000e+02,1.019869402604587083e-01
5.330000000000000000e+02,1.019869402030909866e-01
5.340000000000000000e+02,1.019869401475806681e-01
5.350000000000000000e+02,1.019869400938555326e-01
5.360000000000000000e+02,1.019869400418465799e-01
5.370000000000000000e+02,1.019869399914878766e-01
5.380000000000000000e+02,1.019869399427164314e-01
5.390000000000000000e+02,1.019869398954720285e-01
5.400000000000000000e+02,1.019869398496970614e-01
5.410000000000000000e+02,1.019869398053364490e-01
5.420000000000000000e+02,1.019869397623374835e-01
5.430000000000000000e+02,1.019869397206497330e-01
5.440000000000000000e+02,1.019869396802249445e-01
5.450000000000000000e+02,1.019869396410168771e-01
5.460000000000000000e+02,1.019869396029813025e-01
5.470000000000000000e+02,1.019869395660757821e-01
5.480000000000000000e+02,1.019869395302597098e-01
5.490000000000000000e+02,1.019869394954941444e-01
5.500000000000000000e+02,1.019869394617417824e-01
5.510000000000000000e+02,1.019869394289668330e-01
5.520000000000000000e+02,1.019869393971349625e-01
5.530000000000000000e+02,1.019869393662132528e-01
5.540000000000000000e+02,1.019869393361701182e-01
5.550000000000000000e+02,1.019869393069752217e-01
5.560000000000000000e+02,1.019869392785994755e-01
5.570000000000000000e+02,1.019869392510149297e-01
5.580000000000000000e+02,1.019869392241947448e-01
5.590000000000000000e+02,1.019869391981131357e-01
5.600000000000000000e+02,1.019869391727453306e-01
5.610000000000000000e+02,1.019869391480675291e-01
5.620000000000000000e+02,1.019869391240568746e-01
5.630000000000000000e+02,1.019869391006913151e-01
5.640000000000000000e+02,1.019869390779497564e-01
5.650000000000000000e+02,1.019869390558117983e-01
5.660000000000000000e+02,1.019869390342579007e-01
5.670000000000000000e+02,1.019869390132692039e-01
5.680000000000000000e+02,1.019869389928275971e-01
5.690000000000000000e+02,1.019869389729156361e-01
5.700000000000000000e+02,1.019869389535164872e-01
5.710000000000000000e+02,1.019869389346140104e-01
5.720000000000000000e+02,1.019869389161925932e-01
5.730000000000000000e+02,1.019869388982372477e-01
5.740000000000000000e+02,1.019869388807334853e-01
5.750000000000000000e+02,1.019869388636673868e-01
5.760000000000000000e+02,1.019869388470254767e-01
5.770000000000000000e+02,1.019869388307948488e-01
5.780000000000000000e+02,1.019869388149629574e-01
5.790000000000000000e+02,1.019869387995177984e-01
5.800000000000000000e+02,1.019869387844477143e-01
5.810000000000000000e+02,1.019869387697415059e-01
5.820000000000000000e+02,1.019869387553883344e-01
5.830000000000000000e+02,1.019869387413777778e-01
5.840000000000000000e+02,1.019869387276997330e-01
5.850000000000000000e+02,1.019869387143444717e-01
5.860000000000000000e+02,1.019869387013025847e-01
5.870000000000000000e+02,1.019869386885649959e-01
5.880000000000000000e+02,1.019869386761229346e-01
5.890000000000000000e+02,1.019869386639679215e-01
5.900000000000000000e+02,1.019869386520917687e-01
5.910000000000000000e+02,1.019869386404865519e-01
5.920000000000000000e+02,1.019869386291446384e-01
5.930000000000000000e+02,1.019869386180586035e-01
5.940000000000000000e+02,1.019869386072213280e-01
5.950000000000000000e+02,1.019869385966258590e-01
5.960000000000000000e+02,1.019869385862655076e-01
5.970000000000000000e+02,1.019869385761338065e-01
5.980000000000000000e+02,1.019869385662244970e-01
5.990000000000000000e+02,1.019869385565315006e-01
6.000000000000000000e+02,1.019869385470489609e-01
6.010000000000000000e+02,1.019869385377711879e-01
6.020000000000000000e+02,1.019869385286926722e-01
6.030000000000000000e+02,1.019869385198081124e-01
6.040000000000000000e+02,1.019869385111123183e-01
6.050000000000000000e+02,1.019869385026003217e-01
6.060000000000000000e+02,1.019869384942672791e-01
6.070000000000000000e+02,1.019869384861084860e-01
6.080000000000000000e+02,1.019869384781193766e-01
6.090000000000000000e+02,1.019869384702955933e-01
6.100000000000000000e+02,1.019869384626328340e-01
6.110000000000000000e+02,1.019869384551269631e-01
6.120000000000000000e+02,1.019869384477739699e-01
6.130000000000000000e+02,1.019869384405699547e-01
6.140000000000000000e+02,1.019869384335111429e-01
6.150000000000000000e+02,1.019869384265938705e-01
6.160000000000000000e+02,1.019869384198145851e-01
6.170000000000000000e+02,1.019869384131698448e-01
6.180000000000000000e+02,1.019869384066562912e-01
6.190000000000000000e+02,1.019869384002706769e-01
6.200000000000000000e+02,1.019869383940098795e-01
6.210000000000000000e+02,1.019869383878707902e-01
6.220000000000000000e+02,1.019869383818504671e-01
6.230000000000000000e+02,1.019869383759460235e-01
6.240000000000000000e+02,1.019869383701546284e-01
6.250000000000000000e+02,1.019869383644736033e-01
6.260000000000000000e+02,1.019869383589002698e-01
6.270000000000000000e+02,1.019869383534320884e-01
6.280000000000000000e+02,1.019869383480665193e-01
6.290000000000000000e+02,1.019869383428011755e-01
6.300000000000000000e+02,1.019869383376336702e-01
6.310000000000000000e+02,1.019869383325617274e-01
6.320000000000000000e+02,1.019869383275831265e-01
6.330000000000000000e+02,1.019869383226956749e-01
6.340000000000000000e+02,1.019869383178972910e-01
6.350000000000000000e+02,1.019869383131859070e-01
6.360000000000000000e+02,1.019869383085595382e-01
6.370000000000000000e+02,1.019869383040162419e-01
6.380000000000000000e+02,1.019869382995541307e-01
6.390000000000000000e+02,1.019869382951713727e-01
6.400000000000000000e+02,1.019869382908661914e-01
6.410000000000000000e+02,1.019869382866368246e-01
6.420000000000000000e+02,1.019869382824815929e-01
6.430000000000000000e+02,1.019869382783988587e-01
6.440000000000000000e+02,1.019869382743870123e-01
6.450000000000000000e+02,1.019869382704444716e-01
6.460000000000000000e+02,1.019869382665697655e-01
6.470000000000000000e+02,1.019869382627613674e-01
6.480000000000000000e+02,1.019869382590178342e-01
6.490000000000000000e+02,1.019869382553378057e-01
6.500000000000000000e+02,1.019869382517198803e-01
6.510000000000000000e+02,1.019869382481627257e-01
6.520000000000000000e+02,1.019869382446650513e-01
6.530000000000000000e+02,1.019869382412255943e-01
6.540000000000000000e+02,1.019869382378431055e-01
6.550000000000000000e+02,1.019869382345164055e-01
6.560000000000000000e+02,1.019869382312443007e-01
6.570000000000000000e+02,1.019869382280256531e-01
6.580000000000000000e+02,1.019869382248593526e-01
6.590000000000000000e+02,1.019869382217443304e-01
6.600000000000000000e+02,1.019869382186794904e-01
6.610000000000000000e+02,1.019869382156638332e-01
6.620000000000000000e+02,1.019869382126963320e-01
6.630000000000000000e+02,1.019869382097760013e-01
6.640000000000000000e+02,1.019869382069019115e-01
6.650000000000000000e+02,1.019869382040730910e-01
6.660000000000000000e+02,1.019869382012886377e-01
6.670000000000000000e+02,1.019869381985476775e-01
6.680000000000000000e+02,1.019869381958493082e-01
6.690000000000000000e+02,1.019869381931927110e-01
6.700000000000000000e+02,1.019869381905770533e-01
6.710000000000000000e+02,1.019869381880015163e-01
6.720000000000000000e+02,1.019869381854653090e-01
6.730000000000000000e+02,1.019869381829676680e-01
6.740000000000000000e+02,1.019869381805078579e-01
6.750000000000000000e+02,1.019869381780851014e-01
6.760000000000000000e+02,1.019869381756987048e-01
6.770000000000000000e+02,1.019869381733479741e-01
6.780000000000000000e+02,1.019869381710322154e-01
6.790000000000000000e+02,1.019869381687507487e-01
6.800000000000000000e+02,1.019869381665029356e-01
6.810000000000000000e+02,1.019869381642881379e-01
6.820000000000000000e+02,1.019869381621057169e-01
6.830000000000000000e+02,1.019869381599550762e-01
6.840000000000000000e+02,1.019869381578356327e-01
6.850000000000000000e+02,1.019869381557467619e-01
6.860000000000000000e+02,1.019869381536879227e-01
6.870000000000000000e+02,1.019869381516585738e-01
6.880000000000000000e+02,1.019869381496581184e-01
6.890000000000000000e+02,1.019869381476860848e-01
6.900000000000000000e+02,1.019869381457419039e-01
6.910000000000000000e+02,1.019869381438250899e-01
6.920000000000000000e+02,1.019869381419351573e-01
6.930000000000000000e+02,1.019869381400715924e-01
6.940000000000000000e+02,1.019869381382339235e-01
6.950000000000000000e+02,1.019869381364217065e-01
6.960000000000000000e+02,1.019869381346344694e-01
6.970000000000000000e+02,1.019869381328717545e-01
6.980000000000000000e+02,1.019869381311331452e-01
6.990000000000000000e+02,1.019869381294181976e-01
7.000000000000000000e+02,1.019869381277265230e-01
7.010000000000000000e+02,1.019869381260576635e-01
7.020000000000000000e+02,1.019869381244112722e-01
7.030000000000000000e+02,1.019869381227869187e-01
7.040000000000000000e+02,1.019869381211842563e-01
7.050000000000000000e+02,1.019869381196028546e-01
7.060000000000000000e+02,1.019869381180424084e-01
7.070000000000000000e+02,1.019869381165025013e-01
7.080000000000000000e+02,1.019869381149828280e-01
7.090000000000000000e+02,1.019869381134830139e-01
7.100000000000000000e+02,1.019869381120027257e-01
7.110000000000000000e+02,1.019869381105416306e-01
7.120000000000000000e+02,1.019869381090994231e-01
7.130000000000000000e+02,1.019869381076757564e-01
7.140000000000000000e+02,1.019869381062703528e-01
7.150000000000000000e+02,1.019869381048828794e-01
7.160000000000000000e+02,1.019869381035130584e-01
7.170000000000000000e+02,1.019869381021605709e-01
7.180000000000000000e+02,1.019869381008251530e-01
7.190000000000000000e+02,1.019869380995065133e-01
7.200000000000000000e+02,1.019869380982043883e-01
7.210000000000000000e+02,1.019869380969184725e-01
7.220000000000000000e+02,1.019869380956485438e-01
7.230000000000000000e+02,1.019869380943943249e-01
7.240000000000000000e+02,1.019869380931555658e-01
7.250000000000000000e+02,1.019869380919320168e-01
7.260000000000000000e+02,1.019869380907234280e-01
7.270000000000000000e+02,1.019869380895295774e-01
7.280000000000000000e+02,1.019869380883501875e-01
7.290000000000000000e+02,1.019869380871850778e-01
7.300000000000000000e+02,1.019869380860339847e-01
7.310000000000000000e+02,1.019869380848967139e-01
7.320000000000000000e+02,1.019869380837730294e-01
7.330000000000000000e+02,1.019869380826627231e-01
7.340000000000000000e+02,1.019869380815655868e-01
7.350000000000000000e+02,1.019869380804814263e-01
7.360000000000000000e+02,1.019869380794100333e-01
7.370000000000000000e+02,1.019869380783511859e-01
7.380000000000000000e+02,1.019869380773047313e-01
7.390000000000000000e+02,1.019869380762704475e-01
7.400000000000000000e+02,1.019869380752481680e-01
7.410000000000000000e+02,1.019869380742376985e-01
7.420000000000000000e+02,1.019869380732388586e-01
7.430000000000000000e+02,1.019869380722514679e-01
7.440000000000000000e+02,1.019869380712753737e-01
7.450000000000000000e+02,1.019869380703103817e-01
7.460000000000000000e+02,1.019869380693563532e-01
7.470000000000000000e+02,1.019869380684130938e-01
7.480000000000000000e+02,1.019869380674804649e-01
7.490000000000000000e+02,1.019869380665582859e-01
7.500000000000000000e+02,1.019869380656464319e-01
7.510000000000000000e+02,1.019869380647447227e-01
7.520000000000000000e+02,1.019869380638530332e-01
7.530000000000000000e+02,1.019869380629711830e-01
7.540000000000000000e+02,1.019869380620990751e-01
7.550000000000000000e+02,1.019869380612365289e-01
7.560000000000000000e+02,1.019869380603834197e-01
7.570000000000000000e+02,1.019869380595396086e-01
7.580000000000000000e+02,1.019869380587049568e-01
7.590000000000000000e+02,1.019869380578793533e-01
7.600000000000000000e+02,1.019869380570626455e-01
7.610000000000000000e+02,1.019869380562547223e-01
7.620000000000000000e+02,1.019869380554554450e-01
7.630000000000000000e+02,1.019869380546646886e-01
7.640000000000000000e+02,1.019869380538823422e-01
7.650000000000000000e+02,1.019869380531082947e-01
7.660000000000000000e+02,1.019869380523424074e-01
7.670000000000000000e+02,1.019869380515845969e-01
7.680000000000000000e+02,1.019869380508347106e-01
7.690000000000000000e+02,1.019869380500926653e-01
7.700000000000000000e+02,1.019869380493583499e-01
7.710000000000000000e+02,1.019869380486316535e-01
7.720000000000000000e+02,1.019869380479124787e-01
7.730000000000000000e+02,1.019869380472007009e-01
7.740000000000000000e+02,1.019869380464962366e-01
7.750000000000000000e+02,1.019869380457989749e-01
7.760000000000000000e+02,1.019869380451088325e-01
7.770000000000000000e+02,1.019869380444257123e-01
7.780000000000000000e+02,1.019869380437495032e-01
7.790000000000000000e+02,1.019869380430801081e-01
7.800000000000000000e+02,1.019869380424174576e-01
7.810000000000000000e+02,1.019869380417614546e-01
7.820000000000000000e+02,1.019869380411120019e-01
7.830000000000000000e+02,1.019869380404690162e-01
7.840000000000000000e+02,1.019869380398324005e-01
7.850000000000000000e+02,1.019869380392020852e-01
7.860000000000000000e+02,1.019869380385780011e-01
7.870000000000000000e+02,1.019869380379600232e-01
7.880000000000000000e+02,1.019869380373481238e-01
7.890000000000000000e+02,1.019869380367421641e-01
7.900000000000000000e+02,1.019869380361421163e-01
7.910000000000000000e+02,1.019869380355478833e-01
7.920000000000000000e+02,1.019869380349593957e-01
7.930000000000000000e+02,1.019869380343765564e-01
7.940000000000000000e+02,1.019869380337993237e-01
7.950000000000000000e+02,1.019869380332276143e-01
7.960000000000000000e+02,1.019869380326613589e-01
7.970000000000000000e+02,1.019869380321004881e-01
7.980000000000000000e+02,1.019869380315449187e-01
7.990000000000000000e+02,1.019869380309945950e-01
8.000000000000000000e+02,1.019869380304494477e-01
8.010000000000000000e+02,1.019869380299094352e-01
8.020000000000000000e+02,1.019869380293744465e-01
8.030000000000000000e+02,1.019869380288444538e-01
8.040000000000000000e+02,1.019869380283193738e-01
8.050000000000000000e+02,1.019869380277991788e-01
8.060000000000000000e+02,1.019869380272837578e-01
8.070000000000000000e+02,1.019869380267730968e-01
8.080000000000000000e+02,1.019869380262671127e-01
8.090000000000000000e+02,1.019869380257657498e-01
8.100000000000000000e+02,1.019869380252689667e-01
8.110000000000000000e+02,1.019869380247766799e-01
8.120000000000000000e+02,1.019869380242888618e-01
8.130000000000000000e+02,1.019869380238054429e-01
8.140000000000000000e+02,1.019869380233263678e-01
8.150000000000000000e+02,1.019869380228516087e-01
8.160000000000000000e+02,1.019869380223810684e-01
8.170000000000000000e+02,1.019869380219147331e-01
8.180000000000000000e+02,1.019869380214525334e-01
8.190000000000000000e+02,1.019869380209944276e-01
8.200000000000000000e+02,1.019869380205403742e-01
8.210000000000000000e+02,1.019869380200903175e-01
8.220000000000000000e+02,1.019869380196442021e-01
8.230000000000000000e+02,1.019869380192019725e-01
8.240000000000000000e+02,1.019869380187636287e-01
8.250000000000000000e+02,1.019869380183290736e-01
8.260000000000000000e+02,1.019869380178982932e-01
8.270000000000000000e+02,1.019869380174712181e-01
8.280000000000000000e+02,1.019869380170478346e-01
8.290000000000000000e+02,1.019869380166280870e-01
8.300000000000000000e+02,1.019869380162119199e-01
8.310000000000000000e+02,1.019869380157993055e-01
8.320000000000000000e+02,1.019869380153902161e-01
8.330000000000000000e+02,1.019869380149845683e-01
8.340000000000000000e+02,1.019869380145823623e-01
8.350000000000000000e+02,1.019869380141835563e-01
8.360000000000000000e+02,1.019869380137880949e-01
8.370000000000000000e+02,1.019869380133959502e-01
8.380000000000000000e+02,1.019869380130070668e-01
8.390000000000000000e+02,1.019869380126214309e-01
8.400000000000000000e+02,1.019869380122389868e-01
8.410000000000000000e+02,1.019869380118597207e-01
8.420000000000000000e+02,1.019869380114835772e-01
8.430000000000000000e+02,1.019869380111105284e-01
8.440000000000000000e+02,1.019869380107405465e-01
8.450000000000000000e+02,1.019869380103735762e-01
8.460000000000000000e+02,1.019869380100096035e-01
8.470000000000000000e+02,1.019869380096485867e-01
8.480000000000000000e+02,1.019869380092905120e-01
8.490000000000000000e+02,1.019869380089353100e-01
8.500000000000000000e+02,1.019869380085829808e-01
8.510000000000000000e+02,1.019869380082334825e-01
8.520000000000000000e+02,1.019869380078867738e-01
8.530000000000000000e+02,1.019869380075428544e-01
8.540000000000000000e+02,1.019869380072016551e-01
8.550000000000000000e+02,1.019869380068631759e-01
8.560000000000000000e+02,1.019869380065273612e-01
8.570000000000000000e+02,1.019869380061942110e-01
8.580000000000000000e+02,1.019869380058636699e-01
8.590000000000000000e+02,1.019869380055357377e-01
8.600000000000000000e+02,1.019869380052103591e-01
8.610000000000000000e+02,1.019869380048875340e-01
8.620000000000000000e+02,1.019869380045672069e-01
8.630000000000000000e+02,1.019869380042493778e-01
8.640000000000000000e+02,1.019869380039339912e-01
8.650000000000000000e+02,1.019869380036210471e-01
8.660000000000000000e+02,1.019869380033104900e-01
8.670000000000000000e+02,1.019869380030023337e-01
8.680000000000000000e+02,1.019869380026965366e-01
8.690000000000000000e+02,1.019869380023930572e-01
8.700000000000000000e+02,1.019869380020918953e-01
8.710000000000000000e+02,1.019869380017930094e-01
8.720000000000000000e+02,1.019869380014963856e-01
8.730000000000000000e+02,1.019869380012020099e-01
8.740000000000000000e+02,1.019869380009098270e-01
8.750000000000000000e+02,1.019869380006198367e-01
8.760000000000000000e+02,1.019869380003320253e-01
8.770000000000000000e+02,1.019869380000463510e-01
8.780000000000000000e+02,1.019869379997628139e-01
8.790000000000000000e+02,1.019869379994813585e-01
8.800000000000000000e+02,1.019869379992019987e-01
8.810000000000000000e+02,1.019869379989246927e-01
8.820000000000000000e+02,1.019869379986494268e-01
8.830000000000000000e+02,1.019869379983761731e-01
8.840000000000000000e+02,1.019869379981049179e-01
8.850000000000000000e+02,1.019869379978356472e-01
8.860000000000000000e+02,1.019869379975683193e-01
8.870000000000000000e+02,1.019869379973029344e-01
8.880000000000000000e+02,1.019869379970394785e-01
8.890000000000000000e+02,1.019869379967779099e-01
8.900000000000000000e+02,1.019869379965182288e-01
8.910000000000000000e+02,1.019869379962604072e-01
8.920000000000000000e+02,1.019869379960044453e-01
8.930000000000000000e+02,1.019869379957502875e-01
8.940000000000000000e+02,1.019869379954979338e-01
8.950000000000000000e+02,1.019869379952473842e-01
8.960000000000000000e+02,1.019869379949986110e-01
8.970000000000000000e+02,1.019869379947515725e-01
8.980000000000000000e+02,1.019869379945062826e-01
8.990000000000000000e+02,1.019869379942627136e-01
9.000000000000000000e+02,1.019869379940208515e-01
9.010000000000000000e+02,1.019869379937806686e-01
9.020000000000000000e+02,1.019869379935421649e-01
9.030000000000000000e+02,1.019869379933053266e-01
9.040000000000000000e+02,1.019869379930700981e-01
9.050000000000000000e+02,1.019869379928365072e-01
9.060000000000000000e+02,1.019869379926045261e-01
9.070000000000000000e+02,1.019869379923741548e-01
9.080000000000000000e+02,1.019869379921453378e-01
9.090000000000000000e+02,1.019869379919180891e-01
9.100000000000000000e+02,1.019869379916923946e-01
9.110000000000000000e+02,1.019869379914682128e-01
9.120000000000000000e+02,1.019869379912455715e-01
9.130000000000000000e+02,1.019869379910244289e-01
9.140000000000000000e+02,1.019869379908047713e-01
9.150000000000000000e+02,1.019869379905866125e-01
9.160000000000000000e+02,1.019869379903698969e-01
9.170000000000000000e+02,1.019869379901546247e-01
9.180000000000000000e+02,1.019869379899407957e-01
9.190000000000000000e+02,1.019869379897283962e-01
9.200000000000000000e+02,1.019869379895173983e-01
9.210000000000000000e+02,1.019869379893078021e-01
9.220000000000000000e+02,1.019869379890995797e-01
9.230000000000000000e+02,1.019869379888927452e-01
9.240000000000000000e+02,1.019869379886872568e-01
9.250000000000000000e+02,1.019869379884831145e-01
9.260000000000000000e+02,1.019869379882803184e-01
9.270000000000000000e+02,1.019869379880788268e-01
9.280000000000000000e+02,1.019869379878786536e-01
9.290000000000000000e+02,1.019869379876797710e-01
9.300000000000000000e+02,1.019869379874821791e-01
9.310000000000000000e+02,1.019869379872858639e-01
9.320000000000000000e+02,1.019869379870908255e-01
9.330000000000000000e+02,1.019869379868970083e-01
9.340000000000000000e+02,1.019869379867044540e-01
9.350000000000000000e+02,1.019869379865131209e-01
9.360000000000000000e+02,1.019869379863230091e-01
9.370000000000000000e+02,1.019869379861341047e-01
9.380000000000000000e+02,1.019869379859463937e-01
9.390000000000000000e+02,1.019869379857598624e-01
9.400000000000000000e+02,1.019869379855745245e-01
9.410000000000000000e+02,1.019869379853903524e-01
9.420000000000000000e+02,1.019869379852073182e-01
9.430000000000000000e+02,1.019869379850254359e-01
9.440000000000000000e+02,1.019869379848446916e-01
9.450000000000000000e+02,1.019869379846650714e-01
9.460000000000000000e+02,1.019869379844865753e-01
9.470000000000000000e+02,1.019869379843091617e-01
9.480000000000000000e+02,1.019869379841328583e-01
9.490000000000000000e+02,1.019869379839576512e-01
9.500000000000000000e+02,1.019869379837835127e-01
9.510000000000000000e+02,1.019869379836104428e-01
9.520000000000000000e+02,1.019869379834384415e-01
9.530000000000000000e+02,1.019869379832674672e-01
9.540000000000000000e+02,1.019869379830975475e-01
9.550000000000000000e+02,1.019869379829286687e-01
9.560000000000000000e+02,1.019869379827608030e-01
9.570000000000000000e+02,1.019869379825939504e-01
9.580000000000000000e+02,1.019869379824281108e-01
9.590000000000000000e+02,1.019869379822632566e-01
9.600000000000000000e+02,1.019869379820994015e-01
9.610000000000000000e+02,1.019869379819365318e-01
9.620000000000000000e+02,1.019869379817746197e-01
9.630000000000000000e+02,1.019869379816136790e-01
9.640000000000000000e+02,1.019869379814536958e-01
9.650000000000000000e+02,1.019869379812946564e-01
9.660000000000000000e+02,1.019869379811365606e-01
9.670000000000000000e+02,1.019869379809794085e-01
9.680000000000000000e+02,1.019869379808231724e-01
9.690000000000000000e+02,1.019869379806678522e-01
9.700000000000000000e+02,1.019869379805134479e-01
9.710000000000000000e+02,1.019869379803599319e-01
9.720000000000000000e+02,1.019869379802073178e-01
9.730000000000000000e+02,1.019869379800555920e-01
9.740000000000000000e+02,1.019869379799047404e-01
9.750000000000000000e+02,1.019869379797547770e-01
9.760000000000000000e+02,1.019869379796056741e-01
9.770000000000000000e+02,1.019869379794574316e-01
9.780000000000000000e+02,1.019869379793100356e-01
9.790000000000000000e+02,1.019869379791634861e-01
9.800000000000000000e+02,1.019869379790177832e-01
9.810000000000000000e+02,1.019869379788728991e-01
9.820000000000000000e+02,1.019869379787288477e-01
9.830000000000000000e+02,1.019869379785856150e-01
9.840000000000000000e+02,1.019869379784431873e-01
9.850000000000000000e+02,1.019869379783015784e-01
9.860000000000000000e+02,1.019869379781607605e-01
9.870000000000000000e+02,1.019869379780207336e-01
9.880000000000000000e+02,1.019869379778814977e-01
9.890000000000000000e+02,1.019869379777430252e-01
9.900000000000000000e+02,1.019869379776053436e-01
9.910000000000000000e+02,1.019869379774684254e-01
9.920000000000000000e+02,1.019869379773322704e-01
9.930000000000000000e+02,1.019869379771968648e-01
9.940000000000000000e+02,1.019869379770622086e-01
9.950000000000000000e+02,1.019869379769283158e-01
9.960000000000000000e+02,1.019869379767951445e-01
9.970000000000000000e+02,1.019869379766626949e-01
9.980000000000000000e+02,1.019869379765309947e-01
9.990000000000000000e+02,1.019869379763999884e-01
1.000000000000000000e+03,1.019869379762697176e-01
1.001000000000000000e+03,1.019869379761401545e-01
1.002000000000000000e+03,1.019869379760112993e-01
1.003000000000000000e+03,1.019869379758831240e-01
1.004000000000000000e+03,1.019869379757556704e-01
1.005000000000000000e+03,1.019869379756288830e-01
1.006000000000000000e+03,1.019869379755027894e-01
1.007000000000000000e+03,1.019869379753773619e-01
1.008000000000000000e+03,1.019869379752526284e-01
1.009000000000000000e+03,1.019869379751285332e-01
1.010000000000000000e+03,1.019869379750051319e-01
1.011000000000000000e+03,1.019869379748823690e-01
1.012000000000000000e+03,1.019869379747602722e-01
1.013000000000000000e+03,1.019869379746388138e-01
1.014000000000000000e+03,1.019869379745179938e-01
1.015000000000000000e+03,1.019869379743978122e-01
1.016000000000000000e+03,1.019869379742782689e-01
1.017000000000000000e+03,1.019869379741593640e-01
1.018000000000000000e+03,1.019869379740410698e-01
1.019000000000000000e+03,1.019869379739233861e-01
1.020000000000000000e+03,1.019869379738063409e-01
1.021000000000000000e+03,1.019869379736898785e-01
1.022000000000000000e+03,1.019869379735740406e-01
1.023000000000000000e+03,1.019869379734587994e-01
1.024000000000000000e+03,1.019869379733441550e-01
1.025000000000000000e+03,1.019869379732301073e-01
1.026000000000000000e+03,1.019869379731166426e-01
1.027000000000000000e+03,1.019869379730037606e-01
1.028000000000000000e+03,1.019869379728914477e-01
1.029000000000000000e+03,1.019869379727797176e-01
1.030000000000000000e+03,1.019869379726685565e-01
1.031000000000000000e+03,1.019869379725579783e-01
1.032000000000000000e+03,1.019869379724479413e-01
1.033000000000000000e+03,1.019869379723384734e-01
1.034000000000000000e+03,1.019869379722295605e-01
1.035000000000000000e+03,1.019869379721211888e-01
1.036000000000000000e+03,1.019869379720133862e-01
1.037000000000000000e+03,1.019869379719061109e-01
1.038000000000000000e+03,1.019869379717993629e-01
1.039000000000000000e+03,1.019869379716931701e-01
1.040000000000000000e+03,1.019869379715875046e-01
1.041000000000000000e+03,1.019869379714823526e-01
1.042000000000000000e+03,1.019869379713777280e-01
1.043000000000000000e+03,1.019869379712736446e-01
1.044000000000000000e+03,1.019869379711700608e-01
1.045000000000000000e+03,1.019869379710669766e-01
1.046000000000000000e+03,1.019869379709644197e-01
1.047000000000000000e+03,1.019869379708623625e-01
1.048000000000000000e+03,1.019869379707608048e-01
1.049000000000000000e+03,1.019869379706597468e-01
1.050000000000000000e+03,1.019869379705591883e-01
1.051000000000000000e+03,1.019869379704591156e-01
1.052000000000000000e+03,1.019869379703595424e-01
1.053000000000000000e+03,1.019869379702604273e-01
1.054000000000000000e+03,1.019869379701618117e-01
1.055000000000000000e+03,1.019869379700636819e-01
1.056000000000000000e+03,1.019869379699660239e-01
1.057000000000000000e+03,1.019869379698688239e-01
1.058000000000000000e+03,1.019869379697720957e-01
1.059000000000000000e+03,1.019869379696758394e-01
1.060000000000000000e+03,1.019869379695800271e-01
1.061000000000000000e+03,1.019869379694846867e-01
1.062000000000000000e+03,1.019869379693898181e-01
1.063000000000000000e+03,1.019869379692953798e-01
1.064000000000000000e+03,1.019869379692013855e-01
1.065000000000000000e+03,1.019869379691078493e-01
1.066000000000000000e+03,1.019869379690147571e-01
1.067000000000000000e+03,1.019869379689221089e-01
1.068000000000000000e+03,1.019869379688298910e-01
1.069000000000000000e+03,1.019869379687381034e-01
1.070000000000000000e+03,1.019869379686467459e-01
1.071000000000000000e+03,1.019869379685558186e-01
1.072000000000000000e+03,1.019869379684653354e-01
1.073000000000000000e+03,1.019869379683752408e-01
1.074000000000000000e+03,1.019869379682855903e-01
1.075000000000000000e+03,1.019869379681963562e-01
1.076000000000000000e+03,1.019869379681075244e-01
1.077000000000000000e+03,1.019869379680191090e-01
1.078000000000000000e+03,1.019869379679310961e-01
1.079000000000000000e+03,1.019869379678434995e-01
1.080000000000000000e+03,1.019869379677563054e-01
1.081000000000000000e+03,1.019869379676694998e-01
1.082000000000000000e+03,1.019869379675831106e-01
1.083000000000000000e+03,1.019869379674971099e-01
1.084000000000000000e+03,1.019869379674114979e-01
1.085000000000000000e+03,1.019869379673262744e-01
1.086000000000000000e+03,1.019869379672414395e-01
1.087000000000000000e+03,1.019869379671569931e-01
1.088000000000000000e+03,1.019869379670729215e-01
1.089000000000000000e+03,1.019869379669892384e-01
1.090000000000000000e+03,1.019869379669059439e-01
1.091000000000000000e+03,1.019869379668230103e-01
1.092000000000000000e+03,1.019869379667404374e-01
1.093000000000000000e+03,1.019869379666582532e-01
1.094000000000000000e+03,1.019869379665764297e-01
1.095000000000000000e+03,1.019869379664949671e-01
1.096000000000000000e+03,1.019869379664138792e-01
1.097000000000000000e+03,1.019869379663331521e-01
1.098000000000000000e+03,1.019869379662527720e-01
1.099000000000000000e+03,1.019869379661727526e-01
1.100000000000000000e+03,1.019869379660930941e-01
1.101000000000000000e+03,1.019869379660137687e-01
1.102000000000000000e+03,1.019869379659348041e-01
1.103000000000000000e+03,1.019869379658562003e-01
1.104000000000000000e+03,1.019869379657779296e-01
1.105000000000000000e+03,1.019869379656999919e-01
1.106000000000000000e+03,1.019869379656224151e-01
1.107000000000000000e+03,1.019869379655451713e-01
1.108000000000000000e+03,1.019869379654682606e-01
1.109000000000000000e+03,1.019869379653916830e-01
1.110000000000000000e+03,1.019869379653154384e-01
1.111000000000000000e+03,1.019869379652395269e-01
1.112000000000000000e+03,1.019869379651639485e-01
1.113000000000000000e+03,1.019869379650886754e-01
1.114000000000000000e+03,1.019869379650137492e-01
1.115000000000000000e+03,1.019869379649391283e-01
1.116000000000000000e+03,1.019869379648648405e-01
1.117000000000000000e+03,1.019869379647908580e-01
1.118000000000000000e+03,1.019869379647172086e-01
1.119000000000000000e+03,1.019869379646438645e-01
1.120000000000000000e+03,1.019869379645708396e-01
1.121000000000000000e+03,1.019869379644981200e-01
1.122000000000000000e+03,1.019869379644257057e-01
1.123000000000000000e+03,1.019869379643535967e-01
1.124000000000000000e+03,1.019869379642817930e-01
1.125000000000000000e+03,1.019869379642102947e-01
1.126000000000000000e+03,1.019869379641390877e-01
1.127000000000000000e+03,1.019869379640681861e-01
1.128000000000000000e+03,1.019869379639975759e-01
1.129000000000000000e+03,1.019869379639272711e-01
1.130000000000000000e+03,1.019869379638572715e-01
1.131000000000000000e+03,1.019869379637875495e-01
1.132000000000000000e+03,1.019869379637181050e-01
1.133000000000000000e+03,1.019869379636489659e-01
1.134000000000000000e+03,1.019869379635801182e-01
1.135000000000000000e+03,1.019869379635115481e-01
1.136000000000000000e+03,1.019869379634432693e-01
1.137000000000000000e+03,1.019869379633752682e-01
1.138000000000000000e+03,1.019869379633075446e-01
1.139000000000000000e+03,1.019869379632400985e-01
1.140000000000000000e+03,1.019869379631729300e-01
1.141000000000000000e+03,1.019869379631060252e-01
1.142000000000000000e+03,1.019869379630393980e-01
1.143000000000000000e+03,1.019869379629730621e-01
1.144000000000000000e+03,1.019869379629069761e-01
1.145000000000000000e+03,1.019869379628411676e-01
1.146000000000000000e+03,1.019869379627756228e-01
1.147000000000000000e+03,1.019869379627103417e-01
1.148000000000000000e+03,1.019869379626453243e-01
1.149000000000000000e+03,1.019869379625805705e-01
1.150000000000000000e+03,1.019869379625160805e-01
1.151000000000000000e+03,1.019869379624518402e-01
1.152000000000000000e+03,1.019869379623878636e-01
1.153000000000000000e+03,1.019869379623241507e-01
1.154000000000000000e+03,1.019869379622606875e-01
1.155000000000000000e+03,1.019869379621974881e-01
1.156000000000000000e+03,1.019869379621345246e-01
1.157000000000000000e+03,1.019869379620718108e-01
1.158000000000000000e+03,1.019869379620093608e-01
1.159000000000000000e+03,1.019869379619471467e-01
1.160000000000000000e+03,1.019869379618851823e-01
1.161000000000000000e+03,1.019869379618234539e-01
1.162000000000000000e+03,1.019869379617619753e-01
1.163000000000000000e+03,1.019869379617007465e-01
1.164000000000000000e+03,1.019869379616397537e-01
1.165000000000000000e+03,1.019869379615789967e-01
1.166000000000000000e+03,1.019869379615184757e-01
1.167000000000000000e+03,1.019869379614582044e-01
1.168000000000000000e+03,1.019869379613981553e-01
1.169000000000000000e+03,1.019869379613383420e-01
1.170000000000000000e+03,1.019869379612787785e-01
1.171000000000000000e+03,1.019869379612194232e-01
1.172000000000000000e+03,1.019869379611603039e-01
1.173000000000000000e+03,1.019869379611014204e-01
1.174000000000000000e+03,1.019869379610427451e-01
1.175000000000000000e+03,1.019869379609843196e-01
1.176000000000000000e+03,1.019869379609261023e-01
1.177000000000000000e+03,1.019869379608681070e-01
1.178000000000000000e+03,1.019869379608103477e-01
1.179000000000000000e+03,1.019869379607528104e-01
1.180000000000000000e+03,1.019869379606954812e-01
1.181000000000000000e+03,1.019869379606383741e-01
1.182000000000000000e+03,1.019869379605814752e-01
1.183000000000000000e+03,1.019869379605248122e-01
1.184000000000000000e+03,1.019869379604683574e-01
1.185000000000000000e+03,1.019869379604121107e-01
1.186000000000000000e+03,1.019869379603560722e-01
1.187000000000000000e+03,1.019869379603002557e-01
1.188000000000000000e+03,1.019869379602446474e-01
1.189000000000000000e+03,1.019869379601892473e-01
1.190000000000000000e+03,1.019869379601340553e-01
1.191000000000000000e+03,1.019869379600790715e-01
1.192000000000000000e+03,1.019869379600242820e-01
1.193000000000000000e+03,1.019869379599697146e-01
1.194000000000000000e+03,1.019869379599153414e-01
1.195000000000000000e+03,1.019869379598611625e-01
1.196000000000000000e+03,1.019869379598072057e-01
1.197000000000000000e+03,1.019869379597534292e-01
1.198000000000000000e+03,1.019869379596998610e-01
1.199000000000000000e+03,1.019869379596464870e-01
1.200000000000000000e+03,1.019869379595933212e-01
1.201000000000000000e+03,1.019869379595403358e-01
1.202000000000000000e+03,1.019869379594875447e-01
1.203000000000000000e+03,1.019869379594349618e-01
1.204000000000000000e+03,1.019869379593825731e-01
1.205000000000000000e+03,1.019869379593303649e-01
1.206000000000000000e+03,1.019869379592783509e-01
1.207000000000000000e+03,1.019869379592265174e-01
1.208000000000000000e+03,1.019869379591748781e-01
1.209000000000000000e+03,1.019869379591234332e-01
1.210000000000000000e+03,1.019869379590721686e-01
1.211000000000000000e+03,1.019869379590210845e-01
1.212000000000000000e+03,1.019869379589702085e-01
1.213000000000000000e+03,1.019869379589194991e-01
1.214000000000000000e+03,1.019869379588689701e-01
1.215000000000000000e+03,1.019869379588186353e-01
1.216000000000000000e+03,1.019869379587684671e-01
1.217000000000000000e+03,1.019869379587184932e-01
1.218000000000000000e+03,1.019869379586686858e-01
1.219000000000000000e+03,1.019869379586190589e-01
1.220000000000000000e+03,1.019869379585696123e-01
1.221000000000000000e+03,1.019869379585203462e-01
1.222000000000000000e+03,1.019869379584712465e-01
1.223000000000000000e+03,1.019869379584223273e-01
1.224000000000000000e+03,1.019869379583735747e-01
1.225000000000000000e+03,1.019869379583250024e-01
1.226000000000000000e+03,1.019869379582765967e-01
1.227000000000000000e+03,1.019869379582283714e-01
1.228000000000000000e+03,1.019869379581803126e-01
1.229000000000000000e+03,1.019869379581324065e-01
1.230000000000000000e+03,1.019869379580846946e-01
1.231000000000000000e+03,1.019869379580371216e-01
1.232000000000000000e+03,1.019869379579897428e-01
1.233000000000000000e+03,1.019869379579425028e-01
1.234000000000000000e+03,1.019869379578954571e-01
1.235000000000000000e+03,1.019869379578485502e-01
1.236000000000000000e+03,1.019869379578018098e-01
1.237000000000000000e+03,1.019869379577552360e-01
1.238000000000000000e+03,1.019869379577088286e-01
1.239000000000000000e+03,1.019869379576625879e-01
1.240000000000000000e+03,1.019869379576164997e-01
1.241000000000000000e+03,1.019869379575705781e-01
1.242000000000000000e+03,1.019869379575248092e-01
1.243000000000000000e+03,1.019869379574791790e-01
1.244000000000000000e+03,1.019869379574337293e-01
1.245000000000000000e+03,1.019869379573884183e-01
1.246000000000000000e+03,1.019869379573432877e-01
1.247000000000000000e+03,1.019869379572982959e-01
1.248000000000000000e+03,1.019869379572534429e-01
1.249000000000000000e+03,1.019869379572087564e-01
1.250000000000000000e+03,1.019869379571642365e-01
1.251000000000000000e+03,1.019869379571198553e-01
1.252000000000000000e+03,1.019869379570756129e-01
1.253000000000000000e+03,1.019869379570315371e-01
1.254000000000000000e+03,1.019869379569876000e-01
1.255000000000000000e+03,1.019869379569438017e-01
1.256000000000000000e+03,1.019869379569001699e-01
1.257000000000000000e+03,1.019869379568566770e-01
1.258000000000000000e+03,1.019869379568133227e-01
1.259000000000000000e+03,1.019869379567701351e-01
1.260000000000000000e+03,1.019869379567270723e-01
1.261000000000000000e+03,1.019869379566841622e-01
1.262000000000000000e+03,1.019869379566414047e-01
1.263000000000000000e+03,1.019869379565987721e-01
1.264000000000000000e+03,1.019869379565562922e-01
1.265000000000000000e+03,1.019869379565139511e-01
1.266000000000000000e+03,1.019869379564717488e-01
1.267000000000000000e+03,1.019869379564296852e-01
1.268000000000000000e+03,1.019869379563877604e-01
1.269000000000000000e+03,1.019869379563459744e-01
1.270000000000000000e+03,1.019869379563043271e-01
1.271000000000000000e+03,1.019869379562628187e-01
1.272000000000000000e+03,1.019869379562214490e-01
1.273000000000000000e+03,1.019869379561802181e-01
1.274000000000000000e+03,1.019869379561391121e-01
1.275000000000000000e+03,1.019869379560981448e-01
1.276000000000000000e+03,1.019869379560573164e-01
1.277000000000000000e+03,1.019869379560166128e-01
1.278000000000000000e+03,1.019869379559760481e-01
1.279000000000000000e+03,1.019869379559356082e-01
1.280000000000000000e+03,1.019869379558953071e-01
1.281000000000000000e+03,1.019869379558551448e-01
1.282000000000000000e+03,1.019869379558150935e-01
1.283000000000000000e+03,1.019869379557751810e-01
1.284000000000000000e+03,1.019869379557353933e-01
1.285000000000000000e+03,1.019869379556957445e-01
1.286000000000000000e+03,1.019869379556562067e-01
1.287000000000000000e+03,1.019869379556168076e-01
1.288000000000000000e+03,1.019869379555775335e-01
1.289000000000000000e+03,1.019869379555383843e-01
1.290000000000000000e+03,1.019869379554993599e-01
1.291000000000000000e+03,1.019869379554604605e-01
1.292000000000000000e+03,1.019869379554216859e-01
1.293000000000000000e+03,1.019869379553830363e-01
1.294000000000000000e+03,1.019869379553444977e-01
1.295000000000000000e+03,1.019869379553060978e-01
1.296000000000000000e+03,1.019869379552678090e-01
1.297000000000000000e+03,1.019869379552296451e-01
1.298000000000000000e+03,1.019869379551916061e-01
1.299000000000000000e+03,1.019869379551536781e-01
1.300000000000000000e+03,1.019869379551158750e-01
1.301000000000000000e+03,1.019869379550781968e-01
1.302000000000000000e+03,1.019869379550406296e-01
1.303000000000000000e+03,1.019869379550031874e-01
1.304000000000000000e+03,1.019869379549658561e-01
1.305000000000000000e+03,1.019869379549286359e-01
1.306000000000000000e+03,1.019869379548915406e-01
1.307000000000000000e+03,1.019869379548545563e-01
1.308000000000000000e+03,1.019869379548176969e-01
1.309000000000000000e+03,1.019869379547809485e-01
1.310000000000000000e+03,1.019869379547443111e-01
1.311000000000000000e+03,1.019869379547077848e-01
1.312000000000000000e+03,1.019869379546713695e-01
1.313000000000000000e+03,1.019869379546350652e-01
1.314000000000000000e+03,1.019869379545988858e-01
1.315000000000000000e+03,1.019869379545628174e-01
1.316000000000000000e+03,1.019869379545268462e-01
1.317000000000000000e+03,1.019869379544909860e-01
1.318000000000000000e+03,1.019869379544552507e-01
1.319000000000000000e+03,1.019869379544196264e-01
1.320000000000000000e+03,1.019869379543840993e-01
1.321000000000000000e+03,1.019869379543486831e-01
1.322000000000000000e+03,1.019869379543133781e-01
1.323000000000000000e+03,1.019869379542781701e-01
1.324000000000000000e+03,1.019869379542430732e-01
1.325000000000000000e+03,1.019869379542081012e-01
1.326000000000000000e+03,1.019869379541732124e-01
1.327000000000000000e+03,1.019869379541384347e-01
1.328000000000000000e+03,1.019869379541037679e-01
1.329000000000000000e+03,1.019869379540692123e-01
1.330000000000000000e+03,1.019869379540347537e-01
1.331000000000000000e+03,1.019869379540004062e-01
1.332000000000000000e+03,1.019869379539661558e-01
1.333000000000000000e+03,1.019869379539320026e-01
1.334000000000000000e+03,1.019869379538979604e-01
1.335000000000000000e+03,1.019869379538640153e-01
1.336000000000000000e+03,1.019869379538301674e-01
1.337000000000000000e+03,1.019869379537964305e-01
1.338000000000000000e+03,1.019869379537627907e-01
1.339000000000000000e+03,1.019869379537292342e-01
1.340000000000000000e+03,1.019869379536958026e-01
1.341000000000000000e+03,1.019869379536624543e-01
1.342000000000000000e+03,1.019869379536292170e-01
1.343000000000000000e+03,1.019869379535960630e-01
1.344000000000000000e+03,1.019869379535630338e-01
1.345000000000000000e+03,1.019869379535300880e-01
1.346000000000000000e+03,1.019869379534972254e-01
1.347000000000000000e+03,1.019869379534644738e-01
1.348000000000000000e+03,1.019869379534318332e-01
1.349000000000000000e+03,1.019869379533992620e-01
1.350000000000000000e+03,1.019869379533668019e-01
1.351000000000000000e+03,1.019869379533344250e-01
1.352000000000000000e+03,1.019869379533021592e-01
1.353000000000000000e+03,1.019869379532699627e-01
1.354000000000000000e+03,1.019869379532378773e-01
1.355000000000000000e+03,1.019869379532058890e-01
1.356000000000000000e+03,1.019869379531739839e-01
1.357000000000000000e+03,1.019869379531421760e-01
1.358000000000000000e+03,1.019869379531104653e-01
1.359000000000000000e+03,1.019869379530788378e-01
1.360000000000000000e+03,1.019869379530473075e-01
1.361000000000000000e+03,1.019869379530158604e-01
1.362000000000000000e+03,1.019869379529845244e-01
1.363000000000000000e+03,1.019869379529532577e-01
1.364000000000000000e+03,1.019869379529220882e-01
1.365000000000000000e+03,1.019869379528910158e-01
1.366000000000000000e+03,1.019869379528600128e-01
1.367000000000000000e+03,1.019869379528291209e-01
1.368000000000000000e+03,1.019869379527982983e-01
1.369000000000000000e+03,1.019869379527675729e-01
1.370000000000000000e+03,1.019869379527369446e-01
1.371000000000000000e+03,1.019869379527063857e-01
1.372000000000000000e+03,1.019869379526759240e-01
1.373000000000000000e+03,1.019869379526455455e-01
1.374000000000000000e+03,1.019869379526152642e-01
1.375000000000000000e+03,1.019869379525850522e-01
1.376000000000000000e+03,1.019869379525549236e-01
1.377000000000000000e+03,1.019869379525248920e-01
1.378000000000000000e+03,1.019869379524949438e-01
1.379000000000000000e+03,1.019869379524650788e-01
1.380000000000000000e+03,1.019869379524352970e-01
1.381000000000000000e+03,1.019869379524055986e-01
1.382000000000000000e+03,1.019869379523759834e-01
1.383000000000000000e+03,1.019869379523464514e-01
1.384000000000000000e+03,1.019869379523170028e-01
1.385000000000000000e+03,1.019869379522876374e-01
1.386000000000000000e+03,1.019869379522583552e-01
1.387000000000000000e+03,1.019869379522291564e-01
1.388000000000000000e+03,1.019869379522000408e-01
1.389000000000000000e+03,1.019869379521710084e-01
1.390000000000000000e+03,1.019869379521420455e-01
1.391000000000000000e+03,1.019869379521131658e-01
1.392000000000000000e+03,1.019869379520843694e-01
1.393000000000000000e+03,1.019869379520556563e-01
1.394000000000000000e+03,1.019869379520270125e-01
1.395000000000000000e+03,1.019869379519984520e-01
1.396000000000000000e+03,1.019869379519699748e-01
1.397000000000000000e+03,1.019869379519415808e-01
1.398000000000000000e+03,1.019869379519132424e-01
1.399000000000000000e+03,1.019869379518850011e-01
1.400000000000000000e+03,1.019869379518568431e-01
1.401000000000000000e+03,1.019869379518287544e-01
1.402000000000000000e+03,1.019869379518007352e-01
1.403000000000000000e+03,1.019869379517727992e-01
1.404000000000000000e+03,1.019869379517449326e-01
1.405000000000000000e+03,1.019869379517171493e-01
1.406000000000000000e+03,1.019869379516894492e-01
1.407000000000000000e+03,1.019869379516618185e-01
1.408000000000000000e+03,1.019869379516342572e-01
1.409000000000000000e+03,1.019869379516067653e-01
1.410000000000000000e+03,1.019869379515793706e-01
1.411000000000000000e+03,1.019869379515520313e-01
1.412000000000000000e+03,1.019869379515247754e-01
1.413000000000000000e+03,1.019869379514975749e-01
1.414000000000000000e+03,1.019869379514704577e-01
1.415000000000000000e+03,1.019869379514434238e-01
1.416000000000000000e+03,1.019869379514164454e-01
1.417000000000000000e+03,1.019869379513895502e-01
1.418000000000000000e+03,1.019869379513627383e-01
1.419000000000000000e+03,1.019869379513359819e-01
1.420000000000000000e+03,1.019869379513093088e-01
1.421000000000000000e+03,1.019869379512826912e-01
1.422000000000000000e+03,1.019869379512561569e-01
1.423000000000000000e+03,1.019869379512296781e-01
1.424000000000000000e+03,1.019869379512032825e-01
1.425000000000000000e+03,1.019869379511769703e-01
1.426000000000000000e+03,1.019869379511507135e-01
1.427000000000000000e+03,1.019869379511245122e-01
1.428000000000000000e+03,1.019869379510983942e-01
1.429000000000000000e+03,1.019869379510723595e-01
1.430000000000000000e+03,1.019869379510463803e-01
1.431000000000000000e+03,1.019869379510204566e-01
1.432000000000000000e+03,1.019869379509946161e-01
1.433000000000000000e+03,1.019869379509688451e-01
1.434000000000000000e+03,1.019869379509431295e-01
1.435000000000000000e+03,1.019869379509174973e-01
1.436000000000000000e+03,1.019869379508919205e-01
1.437000000000000000e+03,1.019869379508664131e-01
1.438000000000000000e+03,1.019869379508409890e-01
1.439000000000000000e+03,1.019869379508156065e-01
1.440000000000000000e+03,1.019869379507903073e-01
1.441000000000000000e+03,1.019869379507650498e-01
1.442000000000000000e+03,1.019869379507398754e-01
1.443000000000000000e+03,1.019869379507147705e-01
1.444000000000000000e+03,1.019869379506897211e-01
1.445000000000000000e+03,1.019869379506647411e-01
1.446000000000000000e+03,1.019869379506398305e-01
1.447000000000000000e+03,1.019869379506149754e-01
1.448000000000000000e+03,1.019869379505901896e-01
1.449000000000000000e+03,1.019869379505654733e-01
1.450000000000000000e+03,1.019869379505408125e-01
1.451000000000000000e+03,1.019869379505162210e-01
1.452000000000000000e+03,1.019869379504916851e-01
1.453000000000000000e+03,1.019869379504672185e-01
1.454000000000000000e+03,1.019869379504428075e-01
1.455000000000000000e+03,1.019869379504184659e-01
1.456000000000000000e+03,1.019869379503941936e-01
1.457000000000000000e+03,1.019869379503699769e-01
1.458000000000000000e+03,1.019869379503458295e-01
1.459000000000000000e+03,1.019869379503217238e-01
1.460000000000000000e+03,1.019869379502976875e-01
1.461000000000000000e+03,1.019869379502737206e-01
1.462000000000000000e+03,1.019869379502497952e-01
1.463000000000000000e+03,1.019869379502259532e-01
1.464000000000000000e+03,1.019869379502021667e-01
1.465000000000000000e+03,1.019869379501784357e-01
1.466000000000000000e+03,1.019869379501547602e-01
1.467000000000000000e+03,1.019869379501311402e-01
1.468000000000000000e+03,1.019869379501076034e-01
1.469000000000000000e+03,1.019869379500840945e-01
1.470000000000000000e+03,1.019869379500606688e-01
1.471000000000000000e+03,1.019869379500372986e-01
1.472000000000000000e+03,1.019869379500139839e-01
1.473000000000000000e+03,1.019869379499907247e-01
1.474000000000000000e+03,1.019869379499675210e-01
1.475000000000000000e+03,1.019869379499443729e-01
1.476000000000000000e+03,1.019869379499212941e-01
1.477000000000000000e+03,1.019869379498982709e-01
1.478000000000000000e+03,1.019869379498753031e-01
1.479000000000000000e+03,1.019869379498523909e-01
1.480000000000000000e+03,1.019869379498295342e-01
1.481000000000000000e+03,1.019869379498067330e-01
1.482000000000000000e+03,1.019869379497840012e-01
1.483000000000000000e+03,1.019869379497613110e-01
1.484000000000000000e+03,1.019869379497386763e-01
1.485000000000000000e+03,1.019869379497161110e-01
1.486000000000000000e+03,1.019869379496936013e-01
1.487000000000000000e+03,1.019869379496711331e-01
1.488000000000000000e+03,1.019869379496487205e-01
1.489000000000000000e+03,1.019869379496263773e-01
1.490000000000000000e+03,1.019869379496040895e-01
1.491000000000000000e+03,1.019869379495818434e-01
1.492000000000000000e+03,1.019869379495596529e-01
1.493000000000000000e+03,1.019869379495375178e-01
1.494000000000000000e+03,1.019869379495154382e-01
1.495000000000000000e+03,1.019869379494934142e-01
1.496000000000000000e+03,1.019869379494714456e-01
1.497000000000000000e+03,1.019869379494495187e-01
1.498000000000000000e+03,1.019869379494276612e-01
1.499000000000000000e+03,1.019869379494058592e-01
1.500000000000000000e+03,1.019869379494058592e-01
