Loop,Time,r0-A,p0-C0,p1-C0,p0-Cpa,p1-Cpa,r0-E,r0-Hp,p0-K,p1-K,Value,r0-Xi,p0-eps,p1-eps,p0-ka,p1-ka,r0-n,r0-nO2,p0-rho,p1-rho,
-1,0,2.30e+12,1.0,0.0,1500.0,1100.0,1.83e+05,94951.60559298084,10000.0,100000000.0,0.00011714927954036008,0.7338086749851456,0.934878618048184,0.9631356367253762,0.3,0.2,1.0616614457334366,0.0,1683.0,1235.0,
0,29.1073,2.25e+12,1.0,0.0,1500.0,1100.0,1.69e+05,98776.65702889144,10000.0,100000000.0,5.6714681467730905e-05,0.7338086749851456,0.8012656498498069,0.6737666205183211,0.3,0.2,1.0211509139428134,0.0,1683.0,1235.0,
1,58.3339,2.37e+12,1.0,0.0,1500.0,1100.0,1.69e+05,97821.8754971931,10000.0,100000000.0,2.184300921118941e-05,0.7338086749851456,0.7524335424803804,0.7020765703636199,0.3,0.2,0.9896192736517279,0.0,1683.0,1235.0,
2,85.0453,2.37e+12,1.0,0.0,1500.0,1100.0,1.69e+05,97821.8754971931,10000.0,100000000.0,2.184300921118941e-05,0.7338086749851456,0.7524335424803804,0.7020765703636199,0.3,0.2,0.9896192736517279,0.0,1683.0,1235.0,
3,114.6652,2.29e+12,1.0,0.0,1500.0,1100.0,1.72e+05,99261.15779160318,10000.0,100000000.0,1.1348416732630165e-05,0.7338086749851456,0.8072521982115219,0.7466919134174809,0.3,0.2,0.9747265460292371,0.0,1683.0,1235.0,
4,146.2920,2.29e+12,1.0,0.0,1500.0,1100.0,1.72e+05,99261.15779160318,10000.0,100000000.0,1.1348416732630165e-05,0.7338086749851456,0.8072521982115219,0.7466919134174809,0.3,0.2,0.9747265460292371,0.0,1683.0,1235.0,
5,176.2163,2.29e+12,1.0,0.0,1500.0,1100.0,1.72e+05,99261.15779160318,10000.0,100000000.0,1.1348416732630165e-05,0.7338086749851456,0.8072521982115219,0.7466919134174809,0.3,0.2,0.9747265460292371,0.0,1683.0,1235.0,
6,206.9313,2.29e+12,1.0,0.0,1500.0,1100.0,1.72e+05,99261.15779160318,10000.0,100000000.0,1.1348416732630165e-05,0.7338086749851456,0.8072521982115219,0.7466919134174809,0.3,0.2,0.9747265460292371,0.0,1683.0,1235.0,
7,238.8493,2.25e+12,1.0,0.0,1500.0,1100.0,1.74e+05,97995.17425607672,10000.0,100000000.0,1.1085593006800428e-05,0.7338086749851456,0.8290540340630724,0.766996008697813,0.3,0.2,0.9566310319370355,0.0,1683.0,1235.0,
8,270.3140,2.25e+12,1.0,0.0,1500.0,1100.0,1.74e+05,97995.17425607672,10000.0,100000000.0,1.1085593006800428e-05,0.7338086749851456,0.8290540340630724,0.766996008697813,0.3,0.2,0.9566310319370355,0.0,1683.0,1235.0,
9,303.1479,2.28e+12,1.0,0.0,1500.0,1100.0,1.73e+05,98692.95149837734,10000.0,100000000.0,1.0525356409281775e-05,0.7338086749851456,0.8245941041846364,0.7529828243200294,0.3,0.2,0.975736332787057,0.0,1683.0,1235.0,
10,334.9949,2.29e+12,1.0,0.0,1500.0,1100.0,1.72e+05,101775.10393880765,10000.0,100000000.0,6.86132402432904e-06,0.7338086749851456,0.8063167407184413,0.7585179657654026,0.3,0.2,0.9973741600450693,0.0,1683.0,1235.0,
11,365.8270,2.35e+12,1.0,0.0,1500.0,1100.0,1.72e+05,100132.12028151695,10000.0,100000000.0,5.6176142885632e-06,0.7338086749851456,0.80421995958801,0.7549419334440405,0.3,0.2,1.0300963102442784,0.0,1683.0,1235.0,
12,397.9602,2.42e+12,1.0,0.0,1500.0,1100.0,1.71e+05,101756.67864935544,10000.0,100000000.0,3.865046146943876e-06,0.7338086749851456,0.7802957578908376,0.7389100800292622,0.3,0.2,1.0996442485041562,0.0,1683.0,1235.0,
13,428.6202,2.42e+12,1.0,0.0,1500.0,1100.0,1.71e+05,101756.67864935544,10000.0,100000000.0,3.865046146943876e-06,0.7338086749851456,0.7802957578908376,0.7389100800292622,0.3,0.2,1.0996442485041562,0.0,1683.0,1235.0,
14,459.8305,2.30e+12,1.0,0.0,1500.0,1100.0,1.72e+05,104799.14120553038,10000.0,100000000.0,3.563513037362144e-06,0.7338086749851456,0.7949703695237365,0.7751295221859192,0.3,0.2,1.0595946396062597,0.0,1683.0,1235.0,
15,490.2492,2.30e+12,1.0,0.0,1500.0,1100.0,1.72e+05,104799.14120553038,10000.0,100000000.0,3.563513037362144e-06,0.7338086749851456,0.7949703695237365,0.7751295221859192,0.3,0.2,1.0595946396062597,0.0,1683.0,1235.0,
16,518.5530,2.37e+12,1.0,0.0,1500.0,1100.0,1.72e+05,101573.16553079644,10000.0,100000000.0,3.028656893112677e-06,0.7338086749851456,0.795039246018818,0.7609284900611495,0.3,0.2,1.0749831183568974,0.0,1683.0,1235.0,
17,549.0848,2.36e+12,1.0,0.0,1500.0,1100.0,1.74e+05,101702.76544532034,10000.0,100000000.0,1.8779584809972578e-06,0.7338086749851456,0.8261432494965107,0.7937933805715743,0.3,0.2,1.0581135816539895,0.0,1683.0,1235.0,
18,581.5234,2.36e+12,1.0,0.0,1500.0,1100.0,1.74e+05,101702.76544532034,10000.0,100000000.0,1.8779584809972578e-06,0.7338086749851456,0.8261432494965107,0.7937933805715743,0.3,0.2,1.0581135816539895,0.0,1683.0,1235.0,
19,614.1411,2.36e+12,1.0,0.0,1500.0,1100.0,1.74e+05,101702.76544532034,10000.0,100000000.0,1.8779584809972578e-06,0.7338086749851456,0.8261432494965107,0.7937933805715743,0.3,0.2,1.0581135816539895,0.0,1683.0,1235.0,
20,644.8642,2.42e+12,1.0,0.0,1500.0,1100.0,1.74e+05,101401.32276623728,10000.0,100000000.0,1.7175669046593953e-06,0.7338086749851456,0.8266814246414524,0.7977051460764977,0.3,0.2,1.0713006310899134,0.0,1683.0,1235.0,
21,678.1044,2.39e+12,1.0,0.0,1500.0,1100.0,1.74e+05,101507.6665582594,10000.0,100000000.0,1.5222662488357416e-06,0.7338086749851456,0.8213238229328723,0.7896043823394008,0.3,0.2,1.0690645234927052,0.0,1683.0,1235.0,
22,709.6451,2.40e+12,1.0,0.0,1500.0,1100.0,1.74e+05,101374.02461899703,10000.0,100000000.0,9.467865987143458e-07,0.7338086749851456,0.823238416278403,0.7935093695659705,0.3,0.2,1.082015648629136,0.0,1683.0,1235.0,
23,742.7743,2.40e+12,1.0,0.0,1500.0,1100.0,1.74e+05,101374.02461899703,10000.0,100000000.0,9.467865987143458e-07,0.7338086749851456,0.823238416278403,0.7935093695659705,0.3,0.2,1.082015648629136,0.0,1683.0,1235.0,
24,775.6192,2.40e+12,1.0,0.0,1500.0,1100.0,1.74e+05,101374.02461899703,10000.0,100000000.0,9.467865987143458e-07,0.7338086749851456,0.823238416278403,0.7935093695659705,0.3,0.2,1.082015648629136,0.0,1683.0,1235.0,
25,809.3720,2.40e+12,1.0,0.0,1500.0,1100.0,1.74e+05,101374.02461899703,10000.0,100000000.0,9.467865987143458e-07,0.7338086749851456,0.823238416278403,0.7935093695659705,0.3,0.2,1.082015648629136,0.0,1683.0,1235.0,
26,844.8383,2.40e+12,1.0,0.0,1500.0,1100.0,1.74e+05,101374.02461899703,10000.0,100000000.0,9.467865987143458e-07,0.7338086749851456,0.823238416278403,0.7935093695659705,0.3,0.2,1.082015648629136,0.0,1683.0,1235.0,
27,878.0845,2.40e+12,1.0,0.0,1500.0,1100.0,1.74e+05,101308.52800617092,10000.0,100000000.0,9.345441828116691e-07,0.7338086749851456,0.82477645320378,0.7955447202272109,0.3,0.2,1.0830537256777437,0.0,1683.0,1235.0,
28,911.1276,2.41e+12,1.0,0.0,1500.0,1100.0,1.74e+05,101192.85068862145,10000.0,100000000.0,9.108972239924287e-07,0.7338086749851456,0.8244837677868582,0.7944458256479903,0.3,0.2,1.0824051851770513,0.0,1683.0,1235.0,
29,942.8685,2.41e+12,1.0,0.0,1500.0,1100.0,1.74e+05,101192.85068862145,10000.0,100000000.0,9.108972239924287e-07,0.7338086749851456,0.8244837677868582,0.7944458256479903,0.3,0.2,1.0824051851770513,0.0,1683.0,1235.0,
30,974.1080,2.41e+12,1.0,0.0,1500.0,1100.0,1.74e+05,101192.85068862145,10000.0,100000000.0,9.108972239924287e-07,0.7338086749851456,0.8244837677868582,0.7944458256479903,0.3,0.2,1.0824051851770513,0.0,1683.0,1235.0,
31,1007.3824,2.40e+12,1.0,0.0,1500.0,1100.0,1.74e+05,101049.87581041094,10000.0,100000000.0,9.001853223065428e-07,0.7338086749851456,0.8253043550029743,0.794911120360754,0.3,0.2,1.082636483864957,0.0,1683.0,1235.0,
32,1040.9289,2.40e+12,1.0,0.0,1500.0,1100.0,1.74e+05,101037.74861301991,10000.0,100000000.0,8.913574545774192e-07,0.7338086749851456,0.8272294345995455,0.7971482923940236,0.3,0.2,1.0806477531941767,0.0,1683.0,1235.0,
33,1076.1893,2.40e+12,1.0,0.0,1500.0,1100.0,1.74e+05,101037.74861301991,10000.0,100000000.0,8.913574545774192e-07,0.7338086749851456,0.8272294345995455,0.7971482923940236,0.3,0.2,1.0806477531941767,0.0,1683.0,1235.0,
34,1108.3415,2.40e+12,1.0,0.0,1500.0,1100.0,1.74e+05,101086.529112369,10000.0,100000000.0,8.874816839209044e-07,0.7338086749851456,0.8274852570277977,0.7976307420255175,0.3,0.2,1.0798316186915604,0.0,1683.0,1235.0,
35,1143.9270,2.40e+12,1.0,0.0,1500.0,1100.0,1.74e+05,101086.529112369,10000.0,100000000.0,8.874816839209044e-07,0.7338086749851456,0.8274852570277977,0.7976307420255175,0.3,0.2,1.0798316186915604,0.0,1683.0,1235.0,
36,1177.0801,2.40e+12,1.0,0.0,1500.0,1100.0,1.74e+05,101103.65640242815,10000.0,100000000.0,8.676447110130669e-07,0.7338086749851456,0.8298507873260783,0.8005647128404452,0.3,0.2,1.07829382525956,0.0,1683.0,1235.0,
37,1214.3371,2.40e+12,1.0,0.0,1500.0,1100.0,1.74e+05,101103.65640242815,10000.0,100000000.0,8.676447110130669e-07,0.7338086749851456,0.8298507873260783,0.8005647128404452,0.3,0.2,1.07829382525956,0.0,1683.0,1235.0,
38,1245.7517,2.40e+12,1.0,0.0,1500.0,1100.0,1.74e+05,101066.37718395659,10000.0,100000000.0,8.547446329020978e-07,0.7338086749851456,0.8315990503537516,0.8024182852752588,0.3,0.2,1.0770023979846934,0.0,1683.0,1235.0,
39,1281.6994,2.41e+12,1.0,0.0,1500.0,1100.0,1.74e+05,101023.2996880744,10000.0,100000000.0,8.532304757463569e-07,0.7338086749851456,0.8322146927504802,0.8029341977308705,0.3,0.2,1.076726538107832,0.0,1683.0,1235.0,
40,1317.3573,2.38e+12,1.0,0.0,1500.0,1100.0,1.75e+05,101006.19515552961,10000.0,100000000.0,8.24845573144714e-07,0.7338086749851456,0.8370635126286434,0.808517186275567,0.3,0.2,1.0719701684473666,0.0,1683.0,1235.0,
41,1355.3162,2.36e+12,1.0,0.0,1500.0,1100.0,1.75e+05,101065.26969507676,10000.0,100000000.0,8.180341182552436e-07,0.7338086749851456,0.8380511685274719,0.8098702247713814,0.3,0.2,1.0703485237104264,0.0,1683.0,1235.0,
42,1394.6781,2.26e+12,1.0,0.0,1500.0,1100.0,1.75e+05,100958.16553443039,10000.0,100000000.0,8.080662350262708e-07,0.7338086749851456,0.8474152116300435,0.8208603316048386,0.3,0.2,1.0606148047741586,0.0,1683.0,1235.0,
43,1432.3197,2.33e+12,1.0,0.0,1500.0,1100.0,1.75e+05,101063.60771435339,10000.0,100000000.0,7.936544344108252e-07,0.7338086749851456,0.8419839322098196,0.8146548902758355,0.3,0.2,1.0663958621380152,0.0,1683.0,1235.0,
44,1468.3726,2.29e+12,1.0,0.0,1500.0,1100.0,1.75e+05,101259.33148068062,10000.0,100000000.0,7.686485469106405e-07,0.7338086749851456,0.8441712343286323,0.8186854192161095,0.3,0.2,1.0655263039635798,0.0,1683.0,1235.0,
45,1505.3282,2.29e+12,1.0,0.0,1500.0,1100.0,1.75e+05,101168.34989727534,10000.0,100000000.0,7.625448666699315e-07,0.7338086749851456,0.8445499312017664,0.818524694214985,0.3,0.2,1.064008366272899,0.0,1683.0,1235.0,
46,1545.9706,2.28e+12,1.0,0.0,1500.0,1100.0,1.75e+05,101188.12435569297,10000.0,100000000.0,7.557874673066307e-07,0.7338086749851456,0.8490223710881843,0.8238794254036743,0.3,0.2,1.0608295242737478,0.0,1683.0,1235.0,
47,1584.7379,2.28e+12,1.0,0.0,1500.0,1100.0,1.75e+05,101188.12435569297,10000.0,100000000.0,7.557874673066307e-07,0.7338086749851456,0.8490223710881843,0.8238794254036743,0.3,0.2,1.0608295242737478,0.0,1683.0,1235.0,
48,1625.6231,2.30e+12,1.0,0.0,1500.0,1100.0,1.75e+05,101064.65984152543,10000.0,100000000.0,7.478489610587669e-07,0.7338086749851456,0.8486017419619789,0.8228688748730071,0.3,0.2,1.062729835069268,0.0,1683.0,1235.0,
49,1664.6806,2.30e+12,1.0,0.0,1500.0,1100.0,1.75e+05,101113.0763034916,10000.0,100000000.0,7.477069669822163e-07,0.7338086749851456,0.8466874337770236,0.8209893163341588,0.3,0.2,1.0648462528177776,0.0,1683.0,1235.0,
50,1703.3609,2.29e+12,1.0,0.0,1500.0,1100.0,1.75e+05,100909.17378478977,10000.0,100000000.0,7.385760681177265e-07,0.7338086749851456,0.8504707855538144,0.8249888583270854,0.3,0.2,1.0635473012479033,0.0,1683.0,1235.0,
51,1740.4166,2.24e+12,1.0,0.0,1500.0,1100.0,1.75e+05,100970.86722248179,10000.0,100000000.0,6.881460351805986e-07,0.7338086749851456,0.8518812357691883,0.8272073702359792,0.3,0.2,1.060559024809177,0.0,1683.0,1235.0,
52,1778.5644,2.24e+12,1.0,0.0,1500.0,1100.0,1.75e+05,100970.86722248179,10000.0,100000000.0,6.881460351805986e-07,0.7338086749851456,0.8518812357691883,0.8272073702359792,0.3,0.2,1.060559024809177,0.0,1683.0,1235.0,
53,1816.5420,2.24e+12,1.0,0.0,1500.0,1100.0,1.75e+05,100970.86722248179,10000.0,100000000.0,6.881460351805986e-07,0.7338086749851456,0.8518812357691883,0.8272073702359792,0.3,0.2,1.060559024809177,0.0,1683.0,1235.0,
54,1856.8296,2.23e+12,1.0,0.0,1500.0,1100.0,1.75e+05,100946.97465065759,10000.0,100000000.0,6.856422386921638e-07,0.7338086749851456,0.8515476755372182,0.8267643842756373,0.3,0.2,1.0617291215408282,0.0,1683.0,1235.0,
55,1893.7945,2.23e+12,1.0,0.0,1500.0,1100.0,1.75e+05,100946.97465065759,10000.0,100000000.0,6.856422386921638e-07,0.7338086749851456,0.8515476755372182,0.8267643842756373,0.3,0.2,1.0617291215408282,0.0,1683.0,1235.0,
56,1932.8430,2.24e+12,1.0,0.0,1500.0,1100.0,1.75e+05,100851.91781061284,10000.0,100000000.0,6.809496196279561e-07,0.7338086749851456,0.8525943543969123,0.8276527805741,0.3,0.2,1.0617694014001193,0.0,1683.0,1235.0,
57,1968.0040,2.24e+12,1.0,0.0,1500.0,1100.0,1.75e+05,101004.58613530669,10000.0,100000000.0,6.785117356237435e-07,0.7338086749851456,0.8513237356154432,0.8268440998068887,0.3,0.2,1.0613257819108692,0.0,1683.0,1235.0,
58,2006.5672,2.23e+12,1.0,0.0,1500.0,1100.0,1.75e+05,100896.47607931822,10000.0,100000000.0,6.694582615991794e-07,0.7338086749851456,0.8529860739569263,0.8282167458795964,0.3,0.2,1.06016356136631,0.0,1683.0,1235.0,
59,2045.9410,2.22e+12,1.0,0.0,1500.0,1100.0,1.75e+05,100901.50477007158,10000.0,100000000.0,6.693913323206677e-07,0.7338086749851456,0.8537830126336075,0.8293176888067892,0.3,0.2,1.0596679874543002,0.0,1683.0,1235.0,
60,2081.6776,2.26e+12,1.0,0.0,1500.0,1100.0,1.76e+05,101019.34389738104,10000.0,100000000.0,6.492128528561178e-07,0.7338086749851456,0.8558738694158079,0.8323944435590456,0.3,0.2,1.0580563086079202,0.0,1683.0,1235.0,
61,2117.0558,2.23e+12,1.0,0.0,1500.0,1100.0,1.76e+05,100961.18847853068,10000.0,100000000.0,6.382642010537463e-07,0.7338086749851456,0.8573061560924927,0.8340145635458663,0.3,0.2,1.0563305162364771,0.0,1683.0,1235.0,
62,2155.2522,2.24e+12,1.0,0.0,1500.0,1100.0,1.76e+05,101016.78647215298,10000.0,100000000.0,6.365009656895667e-07,0.7338086749851456,0.8570976019739213,0.8339481338434236,0.3,0.2,1.0568520135535082,0.0,1683.0,1235.0,
63,2192.8834,2.22e+12,1.0,0.0,1500.0,1100.0,1.76e+05,100936.40768590845,10000.0,100000000.0,6.283386512404772e-07,0.7338086749851456,0.858150556106793,0.8349811134363534,0.3,0.2,1.0562057021800113,0.0,1683.0,1235.0,
64,2231.0392,2.22e+12,1.0,0.0,1500.0,1100.0,1.76e+05,101086.55321090473,10000.0,100000000.0,6.261358959927776e-07,0.7338086749851456,0.859135154888835,0.836911559598146,0.3,0.2,1.054147404294877,0.0,1683.0,1235.0,
65,2266.7820,2.23e+12,1.0,0.0,1500.0,1100.0,1.76e+05,101010.4287414568,10000.0,100000000.0,6.193642561620071e-07,0.7338086749851456,0.859705756309542,0.8371463161688535,0.3,0.2,1.0542490825982744,0.0,1683.0,1235.0,
66,2303.4674,2.25e+12,1.0,0.0,1500.0,1100.0,1.76e+05,101044.82583391565,10000.0,100000000.0,6.075240839272402e-07,0.7338086749851456,0.8611921227761288,0.8392743444037101,0.3,0.2,1.053444263589959,0.0,1683.0,1235.0,
67,2340.6358,2.25e+12,1.0,0.0,1500.0,1100.0,1.76e+05,101044.82583391565,10000.0,100000000.0,6.075240839272402e-07,0.7338086749851456,0.8611921227761288,0.8392743444037101,0.3,0.2,1.053444263589959,0.0,1683.0,1235.0,
68,2379.2179,2.24e+12,1.0,0.0,1500.0,1100.0,1.76e+05,100973.8953438277,10000.0,100000000.0,5.990521834417247e-07,0.7338086749851456,0.8620880884365875,0.8400729310538098,0.3,0.2,1.0531210538166105,0.0,1683.0,1235.0,
69,2414.8894,2.25e+12,1.0,0.0,1500.0,1100.0,1.76e+05,100864.5165406997,10000.0,100000000.0,5.896839371408448e-07,0.7338086749851456,0.864118692192261,0.8421108062545537,0.3,0.2,1.052274812463171,0.0,1683.0,1235.0,
70,2453.5681,2.24e+12,1.0,0.0,1500.0,1100.0,1.76e+05,100822.94060519297,10000.0,100000000.0,5.836155590759323e-07,0.7338086749851456,0.8647207318892087,0.8427517711609891,0.3,0.2,1.0520756062877457,0.0,1683.0,1235.0,
71,2491.7404,2.25e+12,1.0,0.0,1500.0,1100.0,1.76e+05,100862.6306461477,10000.0,100000000.0,5.741820610284965e-07,0.7338086749851456,0.865970168394898,0.8445535182793996,0.3,0.2,1.0512791210745278,0.0,1683.0,1235.0,
72,2529.9232,2.25e+12,1.0,0.0,1500.0,1100.0,1.76e+05,100888.53803281646,10000.0,100000000.0,5.730388808635859e-07,0.7338086749851456,0.8657746672293283,0.8443938756608887,0.3,0.2,1.0515932185752352,0.0,1683.0,1235.0,
73,2570.5152,2.27e+12,1.0,0.0,1500.0,1100.0,1.77e+05,100785.1565684017,10000.0,100000000.0,5.679166382054726e-07,0.7338086749851456,0.8681959592161398,0.8470300232941277,0.3,0.2,1.0505859283055001,0.0,1683.0,1235.0,
74,2607.7901,2.26e+12,1.0,0.0,1500.0,1100.0,1.76e+05,100841.30123743924,10000.0,100000000.0,5.622388819580641e-07,0.7338086749851456,0.8678566491480095,0.8468308163643198,0.3,0.2,1.0505027335395072,0.0,1683.0,1235.0,
75,2644.1261,2.24e+12,1.0,0.0,1500.0,1100.0,1.77e+05,100862.50336289167,10000.0,100000000.0,5.483033863418294e-07,0.7338086749851456,0.8695653394933296,0.8492691552833354,0.3,0.2,1.049390380661218,0.0,1683.0,1235.0,
76,2679.1711,2.24e+12,1.0,0.0,1500.0,1100.0,1.77e+05,100862.50336289167,10000.0,100000000.0,5.483033863418294e-07,0.7338086749851456,0.8695653394933296,0.8492691552833354,0.3,0.2,1.049390380661218,0.0,1683.0,1235.0,
77,2713.9226,2.24e+12,1.0,0.0,1500.0,1100.0,1.77e+05,100883.96741652541,10000.0,100000000.0,5.477647038594763e-07,0.7338086749851456,0.8710202500034243,0.8512364087444513,0.3,0.2,1.0483479122070452,0.0,1683.0,1235.0,
78,2750.9835,2.24e+12,1.0,0.0,1500.0,1100.0,1.77e+05,100852.062712073,10000.0,100000000.0,5.448180617149469e-07,0.7338086749851456,0.8696549840042653,0.8493649905347387,0.3,0.2,1.0493191864240567,0.0,1683.0,1235.0,
79,2789.3619,2.24e+12,1.0,0.0,1500.0,1100.0,1.77e+05,100816.80077425166,10000.0,100000000.0,5.39413529498903e-07,0.7338086749851456,0.8713564380928884,0.8514852972858131,0.3,0.2,1.048611841215055,0.0,1683.0,1235.0,
80,2825.0995,2.24e+12,1.0,0.0,1500.0,1100.0,1.77e+05,100816.80077425166,10000.0,100000000.0,5.39413529498903e-07,0.7338086749851456,0.8713564380928884,0.8514852972858131,0.3,0.2,1.048611841215055,0.0,1683.0,1235.0,
81,2862.3614,2.22e+12,1.0,0.0,1500.0,1100.0,1.77e+05,100699.45095935767,10000.0,100000000.0,5.327891624514621e-07,0.7338086749851456,0.8721261585422213,0.8520489068530296,0.3,0.2,1.048509922518897,0.0,1683.0,1235.0,
82,2907.6718,2.22e+12,1.0,0.0,1500.0,1100.0,1.77e+05,100699.45095935767,10000.0,100000000.0,5.327891624514621e-07,0.7338086749851456,0.8721261585422213,0.8520489068530296,0.3,0.2,1.048509922518897,0.0,1683.0,1235.0,
83,2947.4981,2.22e+12,1.0,0.0,1500.0,1100.0,1.77e+05,100728.89849630004,10000.0,100000000.0,5.297976125788426e-07,0.7338086749851456,0.8723515631448933,0.8523996254289437,0.3,0.2,1.0481857515812647,0.0,1683.0,1235.0,
84,2999.4514,2.22e+12,1.0,0.0,1500.0,1100.0,1.77e+05,100728.89849630004,10000.0,100000000.0,5.297976125788426e-07,0.7338086749851456,0.8723515631448933,0.8523996254289437,0.3,0.2,1.0481857515812647,0.0,1683.0,1235.0,
85,3048.7044,2.22e+12,1.0,0.0,1500.0,1100.0,1.77e+05,100761.01368600116,10000.0,100000000.0,5.277863675672943e-07,0.7338086749851456,0.871576116584834,0.8515521261194328,0.3,0.2,1.048163196586405,0.0,1683.0,1235.0,
86,3087.1208,2.22e+12,1.0,0.0,1500.0,1100.0,1.77e+05,100761.01368600116,10000.0,100000000.0,5.277863675672943e-07,0.7338086749851456,0.871576116584834,0.8515521261194328,0.3,0.2,1.048163196586405,0.0,1683.0,1235.0,
87,3128.6476,2.21e+12,1.0,0.0,1500.0,1100.0,1.77e+05,100820.6458311369,10000.0,100000000.0,5.24821675997952e-07,0.7338086749851456,0.8710300653327163,0.8510684866319984,0.3,0.2,1.0478429204628164,0.0,1683.0,1235.0,
88,3171.1103,2.21e+12,1.0,0.0,1500.0,1100.0,1.77e+05,100809.4788168731,10000.0,100000000.0,5.177651974168466e-07,0.7338086749851456,0.8719232046049468,0.8521452152661312,0.3,0.2,1.0465812586261274,0.0,1683.0,1235.0,
89,3212.4610,2.21e+12,1.0,0.0,1500.0,1100.0,1.77e+05,100805.19912590607,10000.0,100000000.0,5.172334229748135e-07,0.7338086749851456,0.8722355183540222,0.8524634267008318,0.3,0.2,1.045905677798961,0.0,1683.0,1235.0,
90,3247.6170,2.23e+12,1.0,0.0,1500.0,1100.0,1.77e+05,100771.81986341298,10000.0,100000000.0,5.145531975448594e-07,0.7338086749851456,0.872939461934664,0.853213609636699,0.3,0.2,1.0463941399801098,0.0,1683.0,1235.0,
91,3284.3845,2.22e+12,1.0,0.0,1500.0,1100.0,1.77e+05,100801.8223968911,10000.0,100000000.0,5.134842591505902e-07,0.7338086749851456,0.87232148038636,0.8525655312844702,0.3,0.2,1.046370037385235,0.0,1683.0,1235.0,
92,3325.1420,2.22e+12,1.0,0.0,1500.0,1100.0,1.77e+05,100760.91899140045,10000.0,100000000.0,5.096182841759601e-07,0.7338086749851456,0.8734752768858702,0.8538393104922386,0.3,0.2,1.0452687323284509,0.0,1683.0,1235.0,
93,3361.9145,2.22e+12,1.0,0.0,1500.0,1100.0,1.77e+05,100760.91899140045,10000.0,100000000.0,5.096182841759601e-07,0.7338086749851456,0.8734752768858702,0.8538393104922386,0.3,0.2,1.0452687323284509,0.0,1683.0,1235.0,
94,3399.0603,2.24e+12,1.0,0.0,1500.0,1100.0,1.77e+05,100701.37594639421,10000.0,100000000.0,5.089466924147201e-07,0.7338086749851456,0.874651628162721,0.8549820299093419,0.3,0.2,1.045053085315451,0.0,1683.0,1235.0,
95,3437.9387,2.24e+12,1.0,0.0,1500.0,1100.0,1.77e+05,100722.91163682641,10000.0,100000000.0,5.081310974060559e-07,0.7338086749851456,0.8747183851407495,0.8551287412473895,0.3,0.2,1.0446837954901067,0.0,1683.0,1235.0,
96,3474.7042,2.23e+12,1.0,0.0,1500.0,1100.0,1.77e+05,100723.3869538644,10000.0,100000000.0,5.063746245868204e-07,0.7338086749851456,0.8746045756576528,0.8550884898779748,0.3,0.2,1.0446861248286357,0.0,1683.0,1235.0,
97,3509.2587,2.23e+12,1.0,0.0,1500.0,1100.0,1.77e+05,100710.44049488657,10000.0,100000000.0,5.051591123452168e-07,0.7338086749851456,0.8752545561932166,0.8558249122587739,0.3,0.2,1.0442332577332205,0.0,1683.0,1235.0,
98,3544.7250,2.22e+12,1.0,0.0,1500.0,1100.0,1.77e+05,100729.62482328585,10000.0,100000000.0,5.045804073655711e-07,0.7338086749851456,0.8750742707055491,0.8557312664575075,0.3,0.2,1.0442221279715147,0.0,1683.0,1235.0,
99,3584.4972,2.23e+12,1.0,0.0,1500.0,1100.0,1.77e+05,100716.3078412368,10000.0,100000000.0,5.043248827632413e-07,0.7338086749851456,0.8753376945881783,0.8559473190222755,0.3,0.2,1.0441344993557564,0.0,1683.0,1235.0,
100,3622.7680,2.23e+12,1.0,0.0,1500.0,1100.0,1.77e+05,100741.42434530467,10000.0,100000000.0,4.981242166990015e-07,0.7338086749851456,0.8755962521950614,0.8563863784056811,0.3,0.2,1.0439500463082647,0.0,1683.0,1235.0,
101,3657.6938,2.22e+12,1.0,0.0,1500.0,1100.0,1.77e+05,100784.58613036056,10000.0,100000000.0,4.971861960718516e-07,0.7338086749851456,0.8751324104267568,0.856041113437165,0.3,0.2,1.044212123287179,0.0,1683.0,1235.0,
102,3693.5495,2.22e+12,1.0,0.0,1500.0,1100.0,1.77e+05,100770.08948224812,10000.0,100000000.0,4.923903016695986e-07,0.7338086749851456,0.8758989784445699,0.8569546611685065,0.3,0.2,1.0435705847389425,0.0,1683.0,1235.0,
103,3730.1939,2.22e+12,1.0,0.0,1500.0,1100.0,1.77e+05,100770.08948224812,10000.0,100000000.0,4.923903016695986e-07,0.7338086749851456,0.8758989784445699,0.8569546611685065,0.3,0.2,1.0435705847389425,0.0,1683.0,1235.0,
104,3767.0394,2.22e+12,1.0,0.0,1500.0,1100.0,1.77e+05,100796.2111252235,10000.0,100000000.0,4.901840961834992e-07,0.7338086749851456,0.8760806823948974,0.8573235542433926,0.3,0.2,1.0438258841630113,0.0,1683.0,1235.0,
105,3801.3777,2.22e+12,1.0,0.0,1500.0,1100.0,1.77e+05,100790.02285563303,10000.0,100000000.0,4.865499274151308e-07,0.7338086749851456,0.8758829638243115,0.8569854552676508,0.3,0.2,1.043339392376219,0.0,1683.0,1235.0,
106,3837.0312,2.21e+12,1.0,0.0,1500.0,1100.0,1.77e+05,100819.40513166704,10000.0,100000000.0,4.851571737290331e-07,0.7338086749851456,0.8765119117088296,0.85794081695412,0.3,0.2,1.0430914253267807,0.0,1683.0,1235.0,
107,3872.1822,2.21e+12,1.0,0.0,1500.0,1100.0,1.77e+05,100813.30882667619,10000.0,100000000.0,4.83225708106061e-07,0.7338086749851456,0.876330483462291,0.8576532666101622,0.3,0.2,1.0431403440539564,0.0,1683.0,1235.0,
108,3909.9225,2.21e+12,1.0,0.0,1500.0,1100.0,1.77e+05,100819.27864147678,10000.0,100000000.0,4.806038773858779e-07,0.7338086749851456,0.8767894758223136,0.8582498672492458,0.3,0.2,1.0426873054346961,0.0,1683.0,1235.0,
109,3947.0013,2.22e+12,1.0,0.0,1500.0,1100.0,1.77e+05,100801.3880768343,10000.0,100000000.0,4.779359362992533e-07,0.7338086749851456,0.8777065664647821,0.8592849782740403,0.3,0.2,1.0419687106806663,0.0,1683.0,1235.0,
110,3984.6136,2.22e+12,1.0,0.0,1500.0,1100.0,1.77e+05,100813.71017733018,10000.0,100000000.0,4.767939839574796e-07,0.7338086749851456,0.8779841177989773,0.8596329532263811,0.3,0.2,1.0415236806862822,0.0,1683.0,1235.0,
111,4023.3819,2.22e+12,1.0,0.0,1500.0,1100.0,1.77e+05,100823.41498684214,10000.0,100000000.0,4.767075150895826e-07,0.7338086749851456,0.8778509936134381,0.8595585812385065,0.3,0.2,1.04163950353972,0.0,1683.0,1235.0,
112,4059.2015,2.21e+12,1.0,0.0,1500.0,1100.0,1.77e+05,100810.38213021093,10000.0,100000000.0,4.746637256604561e-07,0.7338086749851456,0.878037643008971,0.85976969691338,0.3,0.2,1.0417571086254451,0.0,1683.0,1235.0,
113,4097.0830,2.21e+12,1.0,0.0,1500.0,1100.0,1.77e+05,100810.38213021093,10000.0,100000000.0,4.746637256604561e-07,0.7338086749851456,0.878037643008971,0.85976969691338,0.3,0.2,1.0417571086254451,0.0,1683.0,1235.0,
114,4136.1672,2.21e+12,1.0,0.0,1500.0,1100.0,1.77e+05,100810.38213021093,10000.0,100000000.0,4.746637256604561e-07,0.7338086749851456,0.878037643008971,0.85976969691338,0.3,0.2,1.0417571086254451,0.0,1683.0,1235.0,
115,4177.7610,2.22e+12,1.0,0.0,1500.0,1100.0,1.77e+05,100817.62700583,10000.0,100000000.0,4.727669540245587e-07,0.7338086749851456,0.8786533303927005,0.8605405321782968,0.3,0.2,1.0409960244998233,0.0,1683.0,1235.0,
116,4218.4041,2.21e+12,1.0,0.0,1500.0,1100.0,1.77e+05,100809.51611871454,10000.0,100000000.0,4.6818736343191806e-07,0.7338086749851456,0.8791537329302794,0.861167332279996,0.3,0.2,1.0406769180017144,0.0,1683.0,1235.0,
117,4251.0738,2.19e+12,1.0,0.0,1500.0,1100.0,1.77e+05,100824.51966753519,10000.0,100000000.0,4.651161380094577e-07,0.7338086749851456,0.8797370922449288,0.8620200285007115,0.3,0.2,1.0399616575467325,0.0,1683.0,1235.0,
118,4288.1726,2.19e+12,1.0,0.0,1500.0,1100.0,1.77e+05,100788.03749593359,10000.0,100000000.0,4.5911112297770496e-07,0.7338086749851456,0.8794614887827696,0.8615640854102743,0.3,0.2,1.0402571001803411,0.0,1683.0,1235.0,
119,4323.6429,2.19e+12,1.0,0.0,1500.0,1100.0,1.77e+05,100810.93671602129,10000.0,100000000.0,4.5783396622730664e-07,0.7338086749851456,0.8803989452266621,0.8628078592505148,0.3,0.2,1.0393996178492868,0.0,1683.0,1235.0,
120,4359.6107,2.19e+12,1.0,0.0,1500.0,1100.0,1.77e+05,100785.53666390336,10000.0,100000000.0,4.5560528634686337e-07,0.7338086749851456,0.8803740596348786,0.8626842603976157,0.3,0.2,1.0394802022075225,0.0,1683.0,1235.0,
121,4396.9767,2.18e+12,1.0,0.0,1500.0,1100.0,1.77e+05,100762.72463489845,10000.0,100000000.0,4.54192400556624e-07,0.7338086749851456,0.8801603066139077,0.8623819024230124,0.3,0.2,1.0395376138824017,0.0,1683.0,1235.0,
122,4434.9353,2.17e+12,1.0,0.0,1500.0,1100.0,1.77e+05,100769.2028051359,10000.0,100000000.0,4.5232120612789345e-07,0.7338086749851456,0.8806180463398707,0.8629775819222906,0.3,0.2,1.039043870937096,0.0,1683.0,1235.0,
123,4472.3892,2.18e+12,1.0,0.0,1500.0,1100.0,1.77e+05,100775.54368582397,10000.0,100000000.0,4.4907214685317345e-07,0.7338086749851456,0.8809648992254991,0.8633749514050364,0.3,0.2,1.038835186339737,0.0,1683.0,1235.0,
124,4510.4669,2.19e+12,1.0,0.0,1500.0,1100.0,1.77e+05,100741.47367716991,10000.0,100000000.0,4.467149761576742e-07,0.7338086749851456,0.8810800873349707,0.8633915892570033,0.3,0.2,1.039009182493629,0.0,1683.0,1235.0,
125,4549.2652,2.18e+12,1.0,0.0,1500.0,1100.0,1.77e+05,100710.89591233186,10000.0,100000000.0,4.4297386233665196e-07,0.7338086749851456,0.8820757950260769,0.8645273215655727,0.3,0.2,1.0382568266433636,0.0,1683.0,1235.0,
126,4585.9232,2.18e+12,1.0,0.0,1500.0,1100.0,1.77e+05,100710.89591233186,10000.0,100000000.0,4.4297386233665196e-07,0.7338086749851456,0.8820757950260769,0.8645273215655727,0.3,0.2,1.0382568266433636,0.0,1683.0,1235.0,
127,4622.2193,2.19e+12,1.0,0.0,1500.0,1100.0,1.77e+05,100703.92845200282,10000.0,100000000.0,4.4279407786767755e-07,0.7338086749851456,0.8820750772828326,0.8644890428924166,0.3,0.2,1.0383213003859257,0.0,1683.0,1235.0,
128,4659.0899,2.18e+12,1.0,0.0,1500.0,1100.0,1.77e+05,100707.76284572575,10000.0,100000000.0,4.419943521418357e-07,0.7338086749851456,0.8822693084684186,0.8647876567725448,0.3,0.2,1.0383491629956025,0.0,1683.0,1235.0,
129,4694.9405,2.19e+12,1.0,0.0,1500.0,1100.0,1.77e+05,100689.8899263842,10000.0,100000000.0,4.401332102384059e-07,0.7338086749851456,0.882364565290893,0.8647948860269572,0.3,0.2,1.0382544532872726,0.0,1683.0,1235.0,
130,4731.7200,2.19e+12,1.0,0.0,1500.0,1100.0,1.77e+05,100689.8899263842,10000.0,100000000.0,4.401332102384059e-07,0.7338086749851456,0.882364565290893,0.8647948860269572,0.3,0.2,1.0382544532872726,0.0,1683.0,1235.0,
131,4770.7067,2.19e+12,1.0,0.0,1500.0,1100.0,1.77e+05,100658.89101081893,10000.0,100000000.0,4.3973891100084975e-07,0.7338086749851456,0.8830051053350864,0.8654191268650666,0.3,0.2,1.0377599796603563,0.0,1683.0,1235.0,
132,4812.1270,2.19e+12,1.0,0.0,1500.0,1100.0,1.77e+05,100658.71854960539,10000.0,100000000.0,4.3885942798975994e-07,0.7338086749851456,0.8828940330240012,0.8653133282178066,0.3,0.2,1.037931067975275,0.0,1683.0,1235.0,
133,4855.3073,2.19e+12,1.0,0.0,1500.0,1100.0,1.77e+05,100658.71854960539,10000.0,100000000.0,4.3885942798975994e-07,0.7338086749851456,0.8828940330240012,0.8653133282178066,0.3,0.2,1.037931067975275,0.0,1683.0,1235.0,
134,4911.8197,2.19e+12,1.0,0.0,1500.0,1100.0,1.77e+05,100665.43416028925,10000.0,100000000.0,4.365260464184717e-07,0.7338086749851456,0.8828844376243827,0.8653445592895996,0.3,0.2,1.0379426313566085,0.0,1683.0,1235.0,
135,4957.6905,2.19e+12,1.0,0.0,1500.0,1100.0,1.77e+05,100665.43416028925,10000.0,100000000.0,4.365260464184717e-07,0.7338086749851456,0.8828844376243827,0.8653445592895996,0.3,0.2,1.0379426313566085,0.0,1683.0,1235.0,
136,5013.7444,2.17e+12,1.0,0.0,1500.0,1100.0,1.77e+05,100657.83446020444,10000.0,100000000.0,4.3444424744334056e-07,0.7338086749851456,0.8825589991225975,0.8649938507074717,0.3,0.2,1.0383495755935632,0.0,1683.0,1235.0,
137,5068.9286,2.17e+12,1.0,0.0,1500.0,1100.0,1.77e+05,100594.78249046617,10000.0,100000000.0,4.322107746776357e-07,0.7338086749851456,0.8839690466309557,0.8664682218969246,0.3,0.2,1.0373859258603055,0.0,1683.0,1235.0,
138,5112.6584,2.17e+12,1.0,0.0,1500.0,1100.0,1.77e+05,100613.45409511102,10000.0,100000000.0,4.271561228042231e-07,0.7338086749851456,0.8847442849972573,0.867530748280355,0.3,0.2,1.036830822332477,0.0,1683.0,1235.0,
139,5162.7701,2.15e+12,1.0,0.0,1500.0,1100.0,1.77e+05,100586.71175489566,10000.0,100000000.0,4.255486967796481e-07,0.7338086749851456,0.8841406809304388,0.8667782760609133,0.3,0.2,1.0377115229918197,0.0,1683.0,1235.0,
140,5199.3417,2.14e+12,1.0,0.0,1500.0,1100.0,1.77e+05,100560.83805791957,10000.0,100000000.0,4.2458559442229846e-07,0.7338086749851456,0.8858443324710912,0.8687894209436797,0.3,0.2,1.0365312124652348,0.0,1683.0,1235.0,
141,5242.9864,2.14e+12,1.0,0.0,1500.0,1100.0,1.77e+05,100560.83805791957,10000.0,100000000.0,4.2458559442229846e-07,0.7338086749851456,0.8858443324710912,0.8687894209436797,0.3,0.2,1.0365312124652348,0.0,1683.0,1235.0,
142,5277.2326,2.15e+12,1.0,0.0,1500.0,1100.0,1.77e+05,100555.12048587733,10000.0,100000000.0,4.2332584648994677e-07,0.7338086749851456,0.8862424696575913,0.869215409297273,0.3,0.2,1.0360543956390937,0.0,1683.0,1235.0,
143,5319.4344,2.15e+12,1.0,0.0,1500.0,1100.0,1.77e+05,100555.12048587733,10000.0,100000000.0,4.2332584648994677e-07,0.7338086749851456,0.8862424696575913,0.869215409297273,0.3,0.2,1.0360543956390937,0.0,1683.0,1235.0,
144,5367.6355,2.15e+12,1.0,0.0,1500.0,1100.0,1.77e+05,100555.12048587733,10000.0,100000000.0,4.2332584648994677e-07,0.7338086749851456,0.8862424696575913,0.869215409297273,0.3,0.2,1.0360543956390937,0.0,1683.0,1235.0,
145,5430.7520,2.15e+12,1.0,0.0,1500.0,1100.0,1.77e+05,100543.17318283585,10000.0,100000000.0,4.2329737355831963e-07,0.7338086749851456,0.8863013288942903,0.869255178511584,0.3,0.2,1.0361296688710562,0.0,1683.0,1235.0,
146,5481.1318,2.15e+12,1.0,0.0,1500.0,1100.0,1.77e+05,100561.71014092918,10000.0,100000000.0,4.227875806569708e-07,0.7338086749851456,0.8861978154551227,0.8691812447903146,0.3,0.2,1.0359899299576838,0.0,1683.0,1235.0,
147,5537.8335,2.15e+12,1.0,0.0,1500.0,1100.0,1.77e+05,100561.71014092918,10000.0,100000000.0,4.227875806569708e-07,0.7338086749851456,0.8861978154551227,0.8691812447903146,0.3,0.2,1.0359899299576838,0.0,1683.0,1235.0,
148,5592.3024,2.15e+12,1.0,0.0,1500.0,1100.0,1.77e+05,100578.63373775422,10000.0,100000000.0,4.226318771503738e-07,0.7338086749851456,0.8860305420082912,0.8690030281014351,0.3,0.2,1.0358834604984821,0.0,1683.0,1235.0,
149,5635.4410,2.15e+12,1.0,0.0,1500.0,1100.0,1.77e+05,100566.7573931897,10000.0,100000000.0,4.2222367542426125e-07,0.7338086749851456,0.8861241188163231,0.8690980301845356,0.3,0.2,1.035958815490438,0.0,1683.0,1235.0,
150,5682.4961,2.15e+12,1.0,0.0,1500.0,1100.0,1.77e+05,100568.11620299361,10000.0,100000000.0,4.2193181548655625e-07,0.7338086749851456,0.8861885999937056,0.8691830951399584,0.3,0.2,1.0358595477252779,0.0,1683.0,1235.0,
151,5714.5687,2.14e+12,1.0,0.0,1500.0,1100.0,1.77e+05,100552.03171911216,10000.0,100000000.0,4.2148670537043097e-07,0.7338086749851456,0.8863282421890213,0.8693163762656577,0.3,0.2,1.0358847849097672,0.0,1683.0,1235.0,
152,5763.7404,2.14e+12,1.0,0.0,1500.0,1100.0,1.77e+05,100564.87816235636,10000.0,100000000.0,4.2059167094435646e-07,0.7338086749851456,0.8861032537076268,0.8690758700048932,0.3,0.2,1.0358702628519683,0.0,1683.0,1235.0,
153,5799.4979,2.13e+12,1.0,0.0,1500.0,1100.0,1.77e+05,100580.96288646167,10000.0,100000000.0,4.178775016850638e-07,0.7338086749851456,0.8862058747120356,0.8692731468626607,0.3,0.2,1.0353869633369932,0.0,1683.0,1235.0,
154,5831.9305,2.11e+12,1.0,0.0,1500.0,1100.0,1.77e+05,100609.25741445583,10000.0,100000000.0,4.1607768027093355e-07,0.7338086749851456,0.8847996293722328,0.867682492723593,0.3,0.2,1.036183792173294,0.0,1683.0,1235.0,
155,5866.9914,2.12e+12,1.0,0.0,1500.0,1100.0,1.77e+05,100591.88612897223,10000.0,100000000.0,4.1552351817289606e-07,0.7338086749851456,0.8855877275313335,0.8685613211063348,0.3,0.2,1.0356318215366405,0.0,1683.0,1235.0,
156,5901.2176,2.12e+12,1.0,0.0,1500.0,1100.0,1.77e+05,100591.88612897223,10000.0,100000000.0,4.1552351817289606e-07,0.7338086749851456,0.8855877275313335,0.8685613211063348,0.3,0.2,1.0356318215366405,0.0,1683.0,1235.0,
157,5938.5646,2.12e+12,1.0,0.0,1500.0,1100.0,1.77e+05,100591.88612897223,10000.0,100000000.0,4.1552351817289606e-07,0.7338086749851456,0.8855877275313335,0.8685613211063348,0.3,0.2,1.0356318215366405,0.0,1683.0,1235.0,
158,5980.6302,2.11e+12,1.0,0.0,1500.0,1100.0,1.77e+05,100620.58013197649,10000.0,100000000.0,4.153408039376344e-07,0.7338086749851456,0.8846302176755272,0.8674946168650373,0.3,0.2,1.0360164139536199,0.0,1683.0,1235.0,
159,6022.8496,2.11e+12,1.0,0.0,1500.0,1100.0,1.77e+05,100620.58013197649,10000.0,100000000.0,4.153408039376344e-07,0.7338086749851456,0.8846302176755272,0.8674946168650373,0.3,0.2,1.0360164139536199,0.0,1683.0,1235.0,
160,6062.8409,2.11e+12,1.0,0.0,1500.0,1100.0,1.77e+05,100595.10076613244,10000.0,100000000.0,4.1481518183046736e-07,0.7338086749851456,0.8852634150411423,0.8681864497201849,0.3,0.2,1.0357418391750475,0.0,1683.0,1235.0,
161,6111.6322,2.11e+12,1.0,0.0,1500.0,1100.0,1.77e+05,100595.10076613244,10000.0,100000000.0,4.1481518183046736e-07,0.7338086749851456,0.8852634150411423,0.8681864497201849,0.3,0.2,1.0357418391750475,0.0,1683.0,1235.0,
162,6153.1629,2.11e+12,1.0,0.0,1500.0,1100.0,1.77e+05,100601.5851707688,10000.0,100000000.0,4.1455546452932744e-07,0.7338086749851456,0.8853186830738864,0.8682555920397608,0.3,0.2,1.0355225380350466,0.0,1683.0,1235.0,
163,6200.6316,2.11e+12,1.0,0.0,1500.0,1100.0,1.77e+05,100583.6994561458,10000.0,100000000.0,4.1431676278308093e-07,0.7338086749851456,0.8855184701839622,0.8684467403369658,0.3,0.2,1.0355015980840676,0.0,1683.0,1235.0,
164,6242.0094,2.11e+12,1.0,0.0,1500.0,1100.0,1.77e+05,100583.6994561458,10000.0,100000000.0,4.1431676278308093e-07,0.7338086749851456,0.8855184701839622,0.8684467403369658,0.3,0.2,1.0355015980840676,0.0,1683.0,1235.0,
165,6285.2127,2.11e+12,1.0,0.0,1500.0,1100.0,1.77e+05,100576.62432030437,10000.0,100000000.0,4.1424823233388036e-07,0.7338086749851456,0.8858469806599353,0.8688122420736755,0.3,0.2,1.0351773577297367,0.0,1683.0,1235.0,
166,6325.7817,2.11e+12,1.0,0.0,1500.0,1100.0,1.77e+05,100585.03149331962,10000.0,100000000.0,4.141845299771793e-07,0.7338086749851456,0.8854747468764952,0.8683835748346762,0.3,0.2,1.035326284005129,0.0,1683.0,1235.0,
167,6368.0293,2.11e+12,1.0,0.0,1500.0,1100.0,1.77e+05,100585.03149331962,10000.0,100000000.0,4.141845299771793e-07,0.7338086749851456,0.8854747468764952,0.8683835748346762,0.3,0.2,1.035326284005129,0.0,1683.0,1235.0,
168,6410.6370,2.11e+12,1.0,0.0,1500.0,1100.0,1.77e+05,100585.03149331962,10000.0,100000000.0,4.141845299771793e-07,0.7338086749851456,0.8854747468764952,0.8683835748346762,0.3,0.2,1.035326284005129,0.0,1683.0,1235.0,
169,6451.7324,2.11e+12,1.0,0.0,1500.0,1100.0,1.77e+05,100585.03149331962,10000.0,100000000.0,4.141845299771793e-07,0.7338086749851456,0.8854747468764952,0.8683835748346762,0.3,0.2,1.035326284005129,0.0,1683.0,1235.0,
170,6495.9402,2.11e+12,1.0,0.0,1500.0,1100.0,1.77e+05,100582.02093167676,10000.0,100000000.0,4.140019088050982e-07,0.7338086749851456,0.8855422194136734,0.8684612425566626,0.3,0.2,1.0353346778838772,0.0,1683.0,1235.0,
171,6538.7602,2.11e+12,1.0,0.0,1500.0,1100.0,1.77e+05,100582.02093167676,10000.0,100000000.0,4.140019088050982e-07,0.7338086749851456,0.8855422194136734,0.8684612425566626,0.3,0.2,1.0353346778838772,0.0,1683.0,1235.0,
172,6601.4363,2.11e+12,1.0,0.0,1500.0,1100.0,1.77e+05,100582.02093167676,10000.0,100000000.0,4.140019088050982e-07,0.7338086749851456,0.8855422194136734,0.8684612425566626,0.3,0.2,1.0353346778838772,0.0,1683.0,1235.0,
173,6657.0935,2.11e+12,1.0,0.0,1500.0,1100.0,1.77e+05,100582.02093167676,10000.0,100000000.0,4.140019088050982e-07,0.7338086749851456,0.8855422194136734,0.8684612425566626,0.3,0.2,1.0353346778838772,0.0,1683.0,1235.0,
174,6710.3765,2.11e+12,1.0,0.0,1500.0,1100.0,1.77e+05,100582.02093167676,10000.0,100000000.0,4.140019088050982e-07,0.7338086749851456,0.8855422194136734,0.8684612425566626,0.3,0.2,1.0353346778838772,0.0,1683.0,1235.0,
175,6758.3930,2.11e+12,1.0,0.0,1500.0,1100.0,1.77e+05,100582.02093167676,10000.0,100000000.0,4.140019088050982e-07,0.7338086749851456,0.8855422194136734,0.8684612425566626,0.3,0.2,1.0353346778838772,0.0,1683.0,1235.0,
176,6808.4668,2.11e+12,1.0,0.0,1500.0,1100.0,1.77e+05,100582.02093167676,10000.0,100000000.0,4.140019088050982e-07,0.7338086749851456,0.8855422194136734,0.8684612425566626,0.3,0.2,1.0353346778838772,0.0,1683.0,1235.0,
177,6854.7133,2.11e+12,1.0,0.0,1500.0,1100.0,1.77e+05,100576.8081534201,10000.0,100000000.0,4.139114345983137e-07,0.7338086749851456,0.8856711452973535,0.8686081850318697,0.3,0.2,1.0352945572886423,0.0,1683.0,1235.0,
178,6896.4751,2.11e+12,1.0,0.0,1500.0,1100.0,1.77e+05,100576.8081534201,10000.0,100000000.0,4.139114345983137e-07,0.7338086749851456,0.8856711452973535,0.8686081850318697,0.3,0.2,1.0352945572886423,0.0,1683.0,1235.0,
179,6940.1850,2.11e+12,1.0,0.0,1500.0,1100.0,1.77e+05,100581.83616227818,10000.0,100000000.0,4.139003248915384e-07,0.7338086749851456,0.8854675546993558,0.8683763121734155,0.3,0.2,1.0354795105257306,0.0,1683.0,1235.0,
180,6983.5876,2.11e+12,1.0,0.0,1500.0,1100.0,1.77e+05,100581.83616227818,10000.0,100000000.0,4.139003248915384e-07,0.7338086749851456,0.8854675546993558,0.8683763121734155,0.3,0.2,1.0354795105257306,0.0,1683.0,1235.0,
181,7025.9126,2.11e+12,1.0,0.0,1500.0,1100.0,1.77e+05,100581.83616227818,10000.0,100000000.0,4.139003248915384e-07,0.7338086749851456,0.8854675546993558,0.8683763121734155,0.3,0.2,1.0354795105257306,0.0,1683.0,1235.0,
