# Time [s], Temperature [C]
1.000000000000000000e+00,2.500000000000000000e+01
2.000000000000000000e+00,2.500000000000000000e+01
3.000000000000000000e+00,2.500000000000000000e+01
4.000000000000000000e+00,2.500000000000000000e+01
5.000000000000000000e+00,2.500000199999999850e+01
6.000000000000000000e+00,2.500001299999999915e+01
7.000000000000000000e+00,2.500005499999999969e+01
8.000000000000000000e+00,2.500019299999999944e+01
9.000000000000000000e+00,2.500056999999999974e+01
1.000000000000000000e+01,2.500146300000000110e+01
1.100000000000000000e+01,2.500334000000000145e+01
1.200000000000000000e+01,2.500690799999999925e+01
1.300000000000000000e+01,2.501313199999999881e+01
1.400000000000000000e+01,2.502321799999999996e+01
1.500000000000000000e+01,2.503859500000000082e+01
1.600000000000000000e+01,2.506084600000000151e+01
1.700000000000000000e+01,2.509166300000000049e+01
1.800000000000000000e+01,2.513278599999999940e+01
1.900000000000000000e+01,2.518594399999999922e+01
2.000000000000000000e+01,2.525281000000000020e+01
2.100000000000000000e+01,2.533497600000000105e+01
2.200000000000000000e+01,2.543392199999999903e+01
2.300000000000000000e+01,2.555098299999999867e+01
2.400000000000000000e+01,2.568736499999999978e+01
2.500000000000000000e+01,2.584412000000000020e+01
2.600000000000000000e+01,2.602215400000000045e+01
2.700000000000000000e+01,2.622222299999999962e+01
2.800000000000000000e+01,2.644496200000000030e+01
2.900000000000000000e+01,2.669086100000000172e+01
3.000000000000000000e+01,2.696028300000000044e+01
3.100000000000000000e+01,2.725348899999999830e+01
3.200000000000000000e+01,2.757063899999999990e+01
3.300000000000000000e+01,2.791179999999999950e+01
3.400000000000000000e+01,2.827695100000000039e+01
3.500000000000000000e+01,2.866598899999999972e+01
3.600000000000000000e+01,2.907875399999999999e+01
3.700000000000000000e+01,2.951503399999999999e+01
3.800000000000000000e+01,2.997455400000000125e+01
3.900000000000000000e+01,3.045699300000000065e+01
4.000000000000000000e+01,3.096200400000000030e+01
4.100000000000000000e+01,3.148920400000000086e+01
4.200000000000000000e+01,3.203816599999999681e+01
4.300000000000000000e+01,3.260844800000000276e+01
4.400000000000000000e+01,3.319963099999999656e+01
4.500000000000000000e+01,3.381120299999999901e+01
4.600000000000000000e+01,3.444272200000000339e+01
4.700000000000000000e+01,3.509367400000000004e+01
4.800000000000000000e+01,3.576355399999999918e+01
4.900000000000000000e+01,3.645188499999999721e+01
5.000000000000000000e+01,3.715815700000000277e+01
5.100000000000000000e+01,3.788184400000000096e+01
5.200000000000000000e+01,3.862246700000000033e+01
5.300000000000000000e+01,3.937953199999999754e+01
5.400000000000000000e+01,4.015252699999999919e+01
5.500000000000000000e+01,4.094097099999999756e+01
5.600000000000000000e+01,4.174437700000000007e+01
5.700000000000000000e+01,4.256226699999999852e+01
5.800000000000000000e+01,4.339417600000000164e+01
5.900000000000000000e+01,4.423964300000000094e+01
6.000000000000000000e+01,4.509822799999999887e+01
6.100000000000000000e+01,4.596945199999999687e+01
6.200000000000000000e+01,4.685289000000000215e+01
6.300000000000000000e+01,4.774811199999999900e+01
6.400000000000000000e+01,4.865470499999999987e+01
6.500000000000000000e+01,4.957229199999999736e+01
6.600000000000000000e+01,5.050041999999999831e+01
6.700000000000000000e+01,5.143871699999999691e+01
6.800000000000000000e+01,5.238683300000000287e+01
6.900000000000000000e+01,5.334433400000000347e+01
7.000000000000000000e+01,5.431091700000000344e+01
7.100000000000000000e+01,5.528619799999999884e+01
7.200000000000000000e+01,5.626982900000000143e+01
7.300000000000000000e+01,5.726151300000000077e+01
7.400000000000000000e+01,5.826088000000000022e+01
7.500000000000000000e+01,5.926765400000000028e+01
7.600000000000000000e+01,6.028147500000000036e+01
7.700000000000000000e+01,6.130210100000000040e+01
7.800000000000000000e+01,6.232920099999999763e+01
7.900000000000000000e+01,6.336248400000000203e+01
8.000000000000000000e+01,6.440170299999999770e+01
8.100000000000000000e+01,6.544655600000000106e+01
8.200000000000000000e+01,6.649683400000000688e+01
8.300000000000000000e+01,6.755223800000000267e+01
8.400000000000000000e+01,6.861251799999999434e+01
8.500000000000000000e+01,6.967749000000000592e+01
8.600000000000000000e+01,7.074687199999999621e+01
8.700000000000000000e+01,7.182043500000000336e+01
8.800000000000000000e+01,7.289800999999999931e+01
8.900000000000000000e+01,7.397935499999999820e+01
9.000000000000000000e+01,7.506424699999999461e+01
9.100000000000000000e+01,7.615251899999999807e+01
9.200000000000000000e+01,7.724397299999999689e+01
9.300000000000000000e+01,7.833840899999999863e+01
9.400000000000000000e+01,7.943562300000000675e+01
9.500000000000000000e+01,8.053546900000000619e+01
9.600000000000000000e+01,8.163777199999999823e+01
9.700000000000000000e+01,8.274237100000000567e+01
9.800000000000000000e+01,8.384906800000000260e+01
9.900000000000000000e+01,8.495775600000000338e+01
1.000000000000000000e+02,8.606825299999999856e+01
1.010000000000000000e+02,8.718042800000000625e+01
1.020000000000000000e+02,8.829409800000000530e+01
1.030000000000000000e+02,8.940916400000000408e+01
1.040000000000000000e+02,9.052549700000000144e+01
1.050000000000000000e+02,9.164293700000000342e+01
1.060000000000000000e+02,9.276138299999999504e+01
1.070000000000000000e+02,9.388066899999999748e+01
1.080000000000000000e+02,9.500071699999999453e+01
1.090000000000000000e+02,9.612142199999999548e+01
1.100000000000000000e+02,9.724263799999999947e+01
1.110000000000000000e+02,9.836428800000000194e+01
1.120000000000000000e+02,9.948622100000000046e+01
1.130000000000000000e+02,1.006083799999999968e+02
1.140000000000000000e+02,1.017306600000000003e+02
1.150000000000000000e+02,1.028529599999999959e+02
1.160000000000000000e+02,1.039752000000000010e+02
1.170000000000000000e+02,1.050972500000000025e+02
1.180000000000000000e+02,1.062190800000000053e+02
1.190000000000000000e+02,1.073405800000000028e+02
1.200000000000000000e+02,1.084616599999999949e+02
1.210000000000000000e+02,1.095822799999999972e+02
1.220000000000000000e+02,1.107023099999999971e+02
1.230000000000000000e+02,1.118217199999999991e+02
1.240000000000000000e+02,1.129404300000000063e+02
1.250000000000000000e+02,1.140583599999999933e+02
1.260000000000000000e+02,1.151754700000000042e+02
1.270000000000000000e+02,1.162916500000000042e+02
1.280000000000000000e+02,1.174068800000000010e+02
1.290000000000000000e+02,1.185210799999999978e+02
1.300000000000000000e+02,1.196342199999999991e+02
1.310000000000000000e+02,1.207462199999999939e+02
1.320000000000000000e+02,1.218570200000000057e+02
1.330000000000000000e+02,1.229665899999999965e+02
1.340000000000000000e+02,1.240748799999999932e+02
1.350000000000000000e+02,1.251818499999999972e+02
1.360000000000000000e+02,1.262873900000000020e+02
1.370000000000000000e+02,1.273915300000000030e+02
1.380000000000000000e+02,1.284942000000000064e+02
1.390000000000000000e+02,1.295953800000000058e+02
1.400000000000000000e+02,1.306949799999999868e+02
1.410000000000000000e+02,1.317929800000000000e+02
1.420000000000000000e+02,1.328893899999999917e+02
1.430000000000000000e+02,1.339841199999999901e+02
1.440000000000000000e+02,1.350771000000000015e+02
1.450000000000000000e+02,1.361683800000000133e+02
1.460000000000000000e+02,1.372579000000000065e+02
1.470000000000000000e+02,1.383456099999999935e+02
1.480000000000000000e+02,1.394314599999999871e+02
1.490000000000000000e+02,1.405154699999999934e+02
1.500000000000000000e+02,1.415975799999999936e+02
1.510000000000000000e+02,1.426777500000000032e+02
1.520000000000000000e+02,1.437560000000000002e+02
1.530000000000000000e+02,1.448322799999999972e+02
1.540000000000000000e+02,1.459065099999999973e+02
1.550000000000000000e+02,1.469787599999999941e+02
1.560000000000000000e+02,1.480489699999999971e+02
1.570000000000000000e+02,1.491170700000000124e+02
1.580000000000000000e+02,1.501831200000000024e+02
1.590000000000000000e+02,1.512470399999999984e+02
1.600000000000000000e+02,1.523088099999999940e+02
1.610000000000000000e+02,1.533684399999999926e+02
1.620000000000000000e+02,1.544259000000000128e+02
1.630000000000000000e+02,1.554811400000000106e+02
1.640000000000000000e+02,1.565341799999999921e+02
1.650000000000000000e+02,1.575849900000000048e+02
1.660000000000000000e+02,1.586335300000000075e+02
1.670000000000000000e+02,1.596798200000000065e+02
1.680000000000000000e+02,1.607238000000000113e+02
1.690000000000000000e+02,1.617655200000000093e+02
1.700000000000000000e+02,1.628049000000000035e+02
1.710000000000000000e+02,1.638419499999999971e+02
1.720000000000000000e+02,1.648766599999999869e+02
1.730000000000000000e+02,1.659089999999999918e+02
1.740000000000000000e+02,1.669389600000000087e+02
1.750000000000000000e+02,1.679665500000000122e+02
1.760000000000000000e+02,1.689917399999999930e+02
1.770000000000000000e+02,1.700145100000000014e+02
1.780000000000000000e+02,1.710348500000000058e+02
1.790000000000000000e+02,1.720527500000000032e+02
1.800000000000000000e+02,1.730681800000000123e+02
1.810000000000000000e+02,1.740811600000000112e+02
1.820000000000000000e+02,1.750916300000000092e+02
1.830000000000000000e+02,1.760996399999999937e+02
1.840000000000000000e+02,1.771051300000000026e+02
1.850000000000000000e+02,1.781081200000000138e+02
1.860000000000000000e+02,1.791085799999999892e+02
1.870000000000000000e+02,1.801065199999999891e+02
1.880000000000000000e+02,1.811019000000000005e+02
1.890000000000000000e+02,1.820947400000000016e+02
1.900000000000000000e+02,1.830849900000000048e+02
1.910000000000000000e+02,1.840726899999999944e+02
1.920000000000000000e+02,1.850577700000000050e+02
1.930000000000000000e+02,1.860402699999999925e+02
1.940000000000000000e+02,1.870201299999999947e+02
1.950000000000000000e+02,1.879974100000000021e+02
1.960000000000000000e+02,1.889720299999999895e+02
1.970000000000000000e+02,1.899440299999999979e+02
1.980000000000000000e+02,1.909133799999999894e+02
1.990000000000000000e+02,1.918800500000000113e+02
2.000000000000000000e+02,1.928440699999999879e+02
2.010000000000000000e+02,1.938053899999999885e+02
2.020000000000000000e+02,1.947640499999999975e+02
2.030000000000000000e+02,1.957199899999999957e+02
2.040000000000000000e+02,1.966731900000000053e+02
2.050000000000000000e+02,1.976237199999999916e+02
2.060000000000000000e+02,1.985714900000000114e+02
2.070000000000000000e+02,1.995165100000000109e+02
2.080000000000000000e+02,2.004588200000000029e+02
2.090000000000000000e+02,2.013983299999999872e+02
2.100000000000000000e+02,2.023350800000000049e+02
2.110000000000000000e+02,2.032690699999999993e+02
2.120000000000000000e+02,2.042002300000000048e+02
2.130000000000000000e+02,2.051771200000000022e+02
2.140000000000000000e+02,2.061202499999999986e+02
2.150000000000000000e+02,2.070528099999999938e+02
2.160000000000000000e+02,2.079800400000000025e+02
2.170000000000000000e+02,2.089027399999999943e+02
2.180000000000000000e+02,2.098214900000000114e+02
2.190000000000000000e+02,2.107365900000000067e+02
2.200000000000000000e+02,2.116481499999999869e+02
2.210000000000000000e+02,2.125563500000000090e+02
2.220000000000000000e+02,2.134612899999999911e+02
2.230000000000000000e+02,2.143630100000000027e+02
2.240000000000000000e+02,2.152615399999999966e+02
2.250000000000000000e+02,2.161569499999999948e+02
2.260000000000000000e+02,2.170492999999999881e+02
2.270000000000000000e+02,2.179386000000000081e+02
2.280000000000000000e+02,2.188248299999999915e+02
2.290000000000000000e+02,2.197080200000000048e+02
2.300000000000000000e+02,2.205882100000000037e+02
2.310000000000000000e+02,2.214653900000000135e+02
2.320000000000000000e+02,2.223395399999999995e+02
2.330000000000000000e+02,2.232106300000000090e+02
2.340000000000000000e+02,2.240786899999999946e+02
2.350000000000000000e+02,2.249437100000000100e+02
2.360000000000000000e+02,2.258056799999999953e+02
2.370000000000000000e+02,2.266646299999999883e+02
2.380000000000000000e+02,2.275205100000000016e+02
2.390000000000000000e+02,2.283732899999999972e+02
2.400000000000000000e+02,2.292229800000000068e+02
2.410000000000000000e+02,2.300695599999999956e+02
2.420000000000000000e+02,2.309130199999999888e+02
2.430000000000000000e+02,2.317533699999999897e+02
2.440000000000000000e+02,2.325905600000000106e+02
2.450000000000000000e+02,2.334245899999999949e+02
2.460000000000000000e+02,2.342554900000000089e+02
2.470000000000000000e+02,2.350831799999999987e+02
2.480000000000000000e+02,2.359076799999999992e+02
2.490000000000000000e+02,2.367289900000000102e+02
2.500000000000000000e+02,2.375470599999999877e+02
2.510000000000000000e+02,2.383618899999999883e+02
2.520000000000000000e+02,2.391734899999999868e+02
2.530000000000000000e+02,2.399818300000000022e+02
2.540000000000000000e+02,2.407869000000000028e+02
2.550000000000000000e+02,2.415886700000000076e+02
2.560000000000000000e+02,2.423871599999999944e+02
2.570000000000000000e+02,2.431823599999999885e+02
2.580000000000000000e+02,2.439742099999999994e+02
2.590000000000000000e+02,2.447627300000000048e+02
2.600000000000000000e+02,2.455478999999999985e+02
2.610000000000000000e+02,2.463297300000000121e+02
2.620000000000000000e+02,2.471081800000000044e+02
2.630000000000000000e+02,2.478832700000000102e+02
2.640000000000000000e+02,2.486549699999999916e+02
2.650000000000000000e+02,2.494232499999999959e+02
2.660000000000000000e+02,2.501881300000000010e+02
2.670000000000000000e+02,2.509495699999999943e+02
2.680000000000000000e+02,2.517076000000000136e+02
2.690000000000000000e+02,2.524621899999999926e+02
2.700000000000000000e+02,2.532133200000000102e+02
2.710000000000000000e+02,2.539609800000000064e+02
2.720000000000000000e+02,2.547051700000000096e+02
2.730000000000000000e+02,2.554458500000000072e+02
2.740000000000000000e+02,2.561830400000000054e+02
2.750000000000000000e+02,2.569167499999999791e+02
2.760000000000000000e+02,2.576469399999999723e+02
2.770000000000000000e+02,2.583735699999999724e+02
2.780000000000000000e+02,2.590966799999999921e+02
2.790000000000000000e+02,2.598162500000000250e+02
2.800000000000000000e+02,2.605322600000000079e+02
2.810000000000000000e+02,2.612447199999999725e+02
2.820000000000000000e+02,2.619535799999999881e+02
2.830000000000000000e+02,2.626588699999999790e+02
2.840000000000000000e+02,2.633605699999999956e+02
2.850000000000000000e+02,2.640586200000000190e+02
2.860000000000000000e+02,2.647530800000000113e+02
2.870000000000000000e+02,2.654439399999999978e+02
2.880000000000000000e+02,2.661311299999999846e+02
2.890000000000000000e+02,2.668147000000000162e+02
2.900000000000000000e+02,2.674945999999999913e+02
2.910000000000000000e+02,2.681708399999999983e+02
2.920000000000000000e+02,2.688433800000000247e+02
2.930000000000000000e+02,2.695122700000000009e+02
2.940000000000000000e+02,2.701774300000000153e+02
2.950000000000000000e+02,2.708388699999999858e+02
2.960000000000000000e+02,2.714966400000000135e+02
2.970000000000000000e+02,2.721506699999999910e+02
2.980000000000000000e+02,2.728009299999999939e+02
2.990000000000000000e+02,2.734474799999999846e+02
3.000000000000000000e+02,2.740902399999999943e+02
3.010000000000000000e+02,2.747292499999999791e+02
3.020000000000000000e+02,2.753644699999999830e+02
3.030000000000000000e+02,2.759959099999999808e+02
3.040000000000000000e+02,2.766235399999999913e+02
3.050000000000000000e+02,2.772473400000000083e+02
3.060000000000000000e+02,2.778673400000000129e+02
3.070000000000000000e+02,2.784835199999999986e+02
3.080000000000000000e+02,2.790958299999999781e+02
3.090000000000000000e+02,2.797042799999999829e+02
3.100000000000000000e+02,2.803088999999999942e+02
3.110000000000000000e+02,2.809096099999999865e+02
3.120000000000000000e+02,2.815064399999999978e+02
3.130000000000000000e+02,2.820993700000000217e+02
3.140000000000000000e+02,2.826883900000000267e+02
3.150000000000000000e+02,2.832735000000000127e+02
3.160000000000000000e+02,2.838546799999999735e+02
3.170000000000000000e+02,2.844319199999999910e+02
3.180000000000000000e+02,2.850051900000000273e+02
3.190000000000000000e+02,2.855745200000000068e+02
3.200000000000000000e+02,2.861398599999999988e+02
3.210000000000000000e+02,2.867012300000000096e+02
3.220000000000000000e+02,2.872586099999999760e+02
3.230000000000000000e+02,2.878119800000000055e+02
3.240000000000000000e+02,2.883613599999999906e+02
3.250000000000000000e+02,2.889066799999999944e+02
3.260000000000000000e+02,2.894480300000000170e+02
3.270000000000000000e+02,2.899852900000000204e+02
3.280000000000000000e+02,2.905184899999999857e+02
3.290000000000000000e+02,2.910476699999999823e+02
3.300000000000000000e+02,2.915727800000000229e+02
3.310000000000000000e+02,2.920937799999999811e+02
3.320000000000000000e+02,2.926107200000000148e+02
3.330000000000000000e+02,2.931236000000000104e+02
3.340000000000000000e+02,2.936323199999999929e+02
3.350000000000000000e+02,2.941369599999999878e+02
3.360000000000000000e+02,2.946375100000000202e+02
3.370000000000000000e+02,2.951339100000000144e+02
3.380000000000000000e+02,2.956261900000000082e+02
3.390000000000000000e+02,2.961143500000000017e+02
3.400000000000000000e+02,2.965983600000000138e+02
3.410000000000000000e+02,2.970782500000000255e+02
3.420000000000000000e+02,2.975539600000000178e+02
3.430000000000000000e+02,2.980255099999999970e+02
3.440000000000000000e+02,2.984929200000000264e+02
3.450000000000000000e+02,2.989561800000000176e+02
3.460000000000000000e+02,2.994152799999999957e+02
3.470000000000000000e+02,2.998702099999999859e+02
3.480000000000000000e+02,3.003209499999999821e+02
3.490000000000000000e+02,3.007675199999999904e+02
3.500000000000000000e+02,3.012099299999999857e+02
3.510000000000000000e+02,3.016481600000000185e+02
3.520000000000000000e+02,3.020822400000000130e+02
3.530000000000000000e+02,3.025121500000000196e+02
3.540000000000000000e+02,3.029379000000000133e+02
3.550000000000000000e+02,3.033594699999999875e+02
3.560000000000000000e+02,3.037768899999999803e+02
3.570000000000000000e+02,3.041901599999999917e+02
3.580000000000000000e+02,3.045992699999999900e+02
3.590000000000000000e+02,3.050042399999999816e+02
3.600000000000000000e+02,3.054050599999999918e+02
3.610000000000000000e+02,3.058017300000000205e+02
3.620000000000000000e+02,3.061943099999999731e+02
3.630000000000000000e+02,3.065827300000000264e+02
3.640000000000000000e+02,3.069670699999999783e+02
3.650000000000000000e+02,3.073472899999999868e+02
3.660000000000000000e+02,3.077234500000000139e+02
3.670000000000000000e+02,3.080955200000000218e+02
3.680000000000000000e+02,3.084635299999999916e+02
3.690000000000000000e+02,3.088274799999999800e+02
3.700000000000000000e+02,3.091874099999999999e+02
3.710000000000000000e+02,3.095432999999999879e+02
3.720000000000000000e+02,3.098952300000000264e+02
3.730000000000000000e+02,3.102431300000000078e+02
3.740000000000000000e+02,3.105871000000000208e+02
3.750000000000000000e+02,3.109270599999999831e+02
3.760000000000000000e+02,3.112631200000000149e+02
3.770000000000000000e+02,3.115952800000000025e+02
3.780000000000000000e+02,3.119235499999999774e+02
3.790000000000000000e+02,3.122479599999999778e+02
3.800000000000000000e+02,3.125685100000000034e+02
3.810000000000000000e+02,3.128852200000000039e+02
3.820000000000000000e+02,3.131981799999999794e+02
3.830000000000000000e+02,3.135073499999999740e+02
3.840000000000000000e+02,3.138127700000000004e+02
3.850000000000000000e+02,3.141145000000000209e+02
3.860000000000000000e+02,3.144125099999999975e+02
3.870000000000000000e+02,3.147068800000000124e+02
3.880000000000000000e+02,3.149976199999999835e+02
3.890000000000000000e+02,3.152847600000000057e+02
3.900000000000000000e+02,3.155683300000000031e+02
3.910000000000000000e+02,3.158483600000000138e+02
3.920000000000000000e+02,3.161248800000000188e+02
3.930000000000000000e+02,3.163979499999999803e+02
3.940000000000000000e+02,3.166675700000000120e+02
3.950000000000000000e+02,3.169370400000000245e+02
3.960000000000000000e+02,3.172015400000000227e+02
3.970000000000000000e+02,3.174623700000000213e+02
3.980000000000000000e+02,3.177198799999999892e+02
3.990000000000000000e+02,3.179741500000000087e+02
4.000000000000000000e+02,3.182252500000000168e+02
4.010000000000000000e+02,3.184732399999999757e+02
4.020000000000000000e+02,3.187181699999999864e+02
4.030000000000000000e+02,3.189601099999999860e+02
4.040000000000000000e+02,3.191990999999999872e+02
4.050000000000000000e+02,3.194351800000000026e+02
4.060000000000000000e+02,3.196683699999999817e+02
4.070000000000000000e+02,3.198987399999999752e+02
4.080000000000000000e+02,3.201263099999999895e+02
4.090000000000000000e+02,3.203510999999999740e+02
4.100000000000000000e+02,3.205731200000000172e+02
4.110000000000000000e+02,3.207924199999999928e+02
4.120000000000000000e+02,3.210089699999999766e+02
4.130000000000000000e+02,3.212228700000000003e+02
4.140000000000000000e+02,3.214340799999999945e+02
4.150000000000000000e+02,3.216426700000000096e+02
4.160000000000000000e+02,3.218486599999999953e+02
4.170000000000000000e+02,3.220520599999999831e+02
4.180000000000000000e+02,3.222529299999999921e+02
4.190000000000000000e+02,3.224513200000000097e+02
4.200000000000000000e+02,3.226472499999999854e+02
4.210000000000000000e+02,3.228407599999999888e+02
4.220000000000000000e+02,3.230318899999999758e+02
4.230000000000000000e+02,3.232206699999999842e+02
4.240000000000000000e+02,3.234071999999999889e+02
4.250000000000000000e+02,3.235914300000000026e+02
4.260000000000000000e+02,3.237735000000000127e+02
4.270000000000000000e+02,3.239533700000000067e+02
4.280000000000000000e+02,3.241311299999999846e+02
4.290000000000000000e+02,3.243068200000000161e+02
4.300000000000000000e+02,3.244804700000000253e+02
4.310000000000000000e+02,3.246521299999999997e+02
4.320000000000000000e+02,3.248218400000000088e+02
4.330000000000000000e+02,3.249896499999999833e+02
4.340000000000000000e+02,3.251555799999999863e+02
4.350000000000000000e+02,3.253197000000000116e+02
4.360000000000000000e+02,3.254820599999999899e+02
4.370000000000000000e+02,3.256426399999999717e+02
4.380000000000000000e+02,3.258015399999999886e+02
4.390000000000000000e+02,3.259587700000000154e+02
4.400000000000000000e+02,3.261143799999999828e+02
4.410000000000000000e+02,3.262683999999999855e+02
4.420000000000000000e+02,3.264209000000000174e+02
4.430000000000000000e+02,3.265718699999999899e+02
4.440000000000000000e+02,3.267213699999999790e+02
4.450000000000000000e+02,3.268694800000000100e+02
4.460000000000000000e+02,3.270161400000000071e+02
4.470000000000000000e+02,3.271614700000000084e+02
4.480000000000000000e+02,3.273054799999999886e+02
4.490000000000000000e+02,3.274481799999999794e+02
4.500000000000000000e+02,3.275896299999999997e+02
4.510000000000000000e+02,3.277298599999999738e+02
4.520000000000000000e+02,3.278688999999999965e+02
4.530000000000000000e+02,3.280067700000000173e+02
4.540000000000000000e+02,3.281435500000000047e+02
4.550000000000000000e+02,3.282792400000000157e+02
4.560000000000000000e+02,3.284138500000000249e+02
4.570000000000000000e+02,3.285474199999999882e+02
4.580000000000000000e+02,3.286800200000000132e+02
4.590000000000000000e+02,3.288116499999999860e+02
4.600000000000000000e+02,3.289423199999999952e+02
4.610000000000000000e+02,3.290720800000000281e+02
4.620000000000000000e+02,3.292009600000000091e+02
4.630000000000000000e+02,3.293289800000000014e+02
4.640000000000000000e+02,3.294561800000000176e+02
4.650000000000000000e+02,3.295825800000000072e+02
4.660000000000000000e+02,3.297082199999999830e+02
4.670000000000000000e+02,3.298331000000000017e+02
4.680000000000000000e+02,3.299572400000000130e+02
4.690000000000000000e+02,3.300807199999999852e+02
4.700000000000000000e+02,3.302034899999999880e+02
4.710000000000000000e+02,3.303256200000000149e+02
4.720000000000000000e+02,3.304471100000000092e+02
4.730000000000000000e+02,3.305680199999999900e+02
4.740000000000000000e+02,3.306883199999999761e+02
4.750000000000000000e+02,3.308081099999999992e+02
4.760000000000000000e+02,3.309273099999999772e+02
4.770000000000000000e+02,3.310460199999999986e+02
4.780000000000000000e+02,3.311642200000000003e+02
4.790000000000000000e+02,3.312819499999999948e+02
4.800000000000000000e+02,3.313992299999999886e+02
4.810000000000000000e+02,3.315160500000000070e+02
4.820000000000000000e+02,3.316325100000000248e+02
4.830000000000000000e+02,3.317485399999999913e+02
4.840000000000000000e+02,3.318641700000000014e+02
4.850000000000000000e+02,3.319794600000000173e+02
4.860000000000000000e+02,3.320943899999999758e+02
4.870000000000000000e+02,3.322090099999999779e+02
4.880000000000000000e+02,3.323233299999999986e+02
4.890000000000000000e+02,3.324373499999999808e+02
4.900000000000000000e+02,3.325510899999999879e+02
4.910000000000000000e+02,3.326645500000000197e+02
4.920000000000000000e+02,3.327778000000000134e+02
4.930000000000000000e+02,3.328907800000000066e+02
4.940000000000000000e+02,3.330035700000000247e+02
4.950000000000000000e+02,3.331161500000000046e+02
4.960000000000000000e+02,3.332285499999999843e+02
4.970000000000000000e+02,3.333559900000000198e+02
4.980000000000000000e+02,3.334749499999999784e+02
4.990000000000000000e+02,3.335916399999999840e+02
5.000000000000000000e+02,3.337075500000000261e+02
5.010000000000000000e+02,3.338227800000000229e+02
5.020000000000000000e+02,3.339375299999999811e+02
5.030000000000000000e+02,3.340518500000000017e+02
5.040000000000000000e+02,3.341657400000000280e+02
5.050000000000000000e+02,3.342793300000000158e+02
5.060000000000000000e+02,3.343926099999999906e+02
5.070000000000000000e+02,3.345056500000000028e+02
5.080000000000000000e+02,3.346184700000000021e+02
5.090000000000000000e+02,3.347311100000000010e+02
5.100000000000000000e+02,3.348435999999999808e+02
5.110000000000000000e+02,3.349559600000000046e+02
5.120000000000000000e+02,3.350681799999999839e+02
5.130000000000000000e+02,3.351803600000000074e+02
5.140000000000000000e+02,3.352924499999999739e+02
5.150000000000000000e+02,3.354044799999999782e+02
5.160000000000000000e+02,3.355164800000000014e+02
5.170000000000000000e+02,3.356284800000000246e+02
5.180000000000000000e+02,3.357404500000000098e+02
5.190000000000000000e+02,3.358524199999999951e+02
5.200000000000000000e+02,3.359644499999999994e+02
5.210000000000000000e+02,3.360765099999999848e+02
5.220000000000000000e+02,3.361886000000000081e+02
5.230000000000000000e+02,3.363007499999999936e+02
5.240000000000000000e+02,3.364129899999999793e+02
5.250000000000000000e+02,3.365253299999999967e+02
5.260000000000000000e+02,3.366377299999999764e+02
5.270000000000000000e+02,3.367502700000000004e+02
5.280000000000000000e+02,3.368629199999999742e+02
5.290000000000000000e+02,3.369756800000000112e+02
5.300000000000000000e+02,3.370885900000000106e+02
5.310000000000000000e+02,3.372016600000000039e+02
5.320000000000000000e+02,3.373148800000000165e+02
5.330000000000000000e+02,3.374282200000000103e+02
5.340000000000000000e+02,3.375417800000000170e+02
5.350000000000000000e+02,3.376555200000000241e+02
5.360000000000000000e+02,3.377694099999999935e+02
5.370000000000000000e+02,3.378834800000000200e+02
5.380000000000000000e+02,3.379977999999999838e+02
5.390000000000000000e+02,3.381123000000000047e+02
5.400000000000000000e+02,3.382270199999999818e+02
5.410000000000000000e+02,3.383419799999999782e+02
5.420000000000000000e+02,3.384571500000000128e+02
5.430000000000000000e+02,3.385725400000000036e+02
5.440000000000000000e+02,3.386881700000000137e+02
5.450000000000000000e+02,3.388040500000000179e+02
5.460000000000000000e+02,3.389201699999999846e+02
5.470000000000000000e+02,3.390365600000000086e+02
5.480000000000000000e+02,3.391532300000000077e+02
5.490000000000000000e+02,3.392701400000000262e+02
5.500000000000000000e+02,3.393872999999999820e+02
5.510000000000000000e+02,3.395047900000000141e+02
5.520000000000000000e+02,3.396225299999999834e+02
5.530000000000000000e+02,3.397405699999999911e+02
5.540000000000000000e+02,3.398588899999999740e+02
5.550000000000000000e+02,3.399775399999999763e+02
5.560000000000000000e+02,3.400964399999999728e+02
5.570000000000000000e+02,3.402156699999999887e+02
5.580000000000000000e+02,3.403352399999999989e+02
5.590000000000000000e+02,3.404550800000000095e+02
5.600000000000000000e+02,3.405752600000000143e+02
5.610000000000000000e+02,3.406957699999999818e+02
5.620000000000000000e+02,3.408166200000000003e+02
5.630000000000000000e+02,3.409377700000000004e+02
5.640000000000000000e+02,3.410593000000000075e+02
5.650000000000000000e+02,3.411811799999999835e+02
5.660000000000000000e+02,3.413033800000000042e+02
5.670000000000000000e+02,3.414259299999999939e+02
5.680000000000000000e+02,3.415488599999999906e+02
5.690000000000000000e+02,3.416721499999999878e+02
5.700000000000000000e+02,3.417957799999999793e+02
5.710000000000000000e+02,3.419198299999999904e+02
5.720000000000000000e+02,3.420442199999999957e+02
5.730000000000000000e+02,3.421689499999999953e+02
5.740000000000000000e+02,3.422941299999999956e+02
5.750000000000000000e+02,3.424196800000000280e+02
5.760000000000000000e+02,3.425455900000000042e+02
5.770000000000000000e+02,3.426719400000000064e+02
5.780000000000000000e+02,3.427987100000000282e+02
5.790000000000000000e+02,3.429258100000000127e+02
5.800000000000000000e+02,3.430533800000000042e+02
5.810000000000000000e+02,3.431813700000000154e+02
5.820000000000000000e+02,3.433097500000000082e+02
5.830000000000000000e+02,3.434385399999999890e+02
5.840000000000000000e+02,3.435678100000000086e+02
5.850000000000000000e+02,3.436974500000000035e+02
5.860000000000000000e+02,3.438275800000000118e+02
5.870000000000000000e+02,3.439581299999999828e+02
5.880000000000000000e+02,3.440891399999999862e+02
5.890000000000000000e+02,3.442205799999999840e+02
5.900000000000000000e+02,3.443525099999999952e+02
5.910000000000000000e+02,3.444848600000000260e+02
5.920000000000000000e+02,3.446177099999999882e+02
5.930000000000000000e+02,3.447510399999999890e+02
5.940000000000000000e+02,3.448847999999999843e+02
5.950000000000000000e+02,3.450190400000000182e+02
5.960000000000000000e+02,3.451537799999999834e+02
5.970000000000000000e+02,3.452889999999999873e+02
5.980000000000000000e+02,3.454247100000000046e+02
5.990000000000000000e+02,3.455609699999999975e+02
6.000000000000000000e+02,3.456976900000000228e+02
6.010000000000000000e+02,3.458349000000000046e+02
6.020000000000000000e+02,3.459726900000000001e+02
6.030000000000000000e+02,3.461109299999999962e+02
6.040000000000000000e+02,3.462497299999999996e+02
6.050000000000000000e+02,3.463890400000000227e+02
6.060000000000000000e+02,3.465289000000000215e+02
6.070000000000000000e+02,3.466692800000000148e+02
6.080000000000000000e+02,3.468102099999999837e+02
6.090000000000000000e+02,3.469516899999999850e+02
6.100000000000000000e+02,3.470937200000000189e+02
6.110000000000000000e+02,3.472363300000000095e+02
6.120000000000000000e+02,3.473794899999999757e+02
6.130000000000000000e+02,3.475232199999999807e+02
6.140000000000000000e+02,3.476675700000000120e+02
6.150000000000000000e+02,3.478124399999999810e+02
6.160000000000000000e+02,3.479986599999999726e+02
6.170000000000000000e+02,3.481602500000000191e+02
6.180000000000000000e+02,3.483153399999999920e+02
6.190000000000000000e+02,3.484686899999999810e+02
6.200000000000000000e+02,3.486209099999999808e+02
6.210000000000000000e+02,3.487726700000000051e+02
6.220000000000000000e+02,3.489242600000000039e+02
6.230000000000000000e+02,3.490759899999999902e+02
6.240000000000000000e+02,3.492280000000000086e+02
6.250000000000000000e+02,3.493803399999999897e+02
6.260000000000000000e+02,3.495331400000000031e+02
6.270000000000000000e+02,3.496864600000000110e+02
6.280000000000000000e+02,3.498403000000000134e+02
6.290000000000000000e+02,3.499947199999999725e+02
6.300000000000000000e+02,3.501496599999999830e+02
6.310000000000000000e+02,3.503052700000000073e+02
6.320000000000000000e+02,3.504614900000000262e+02
6.330000000000000000e+02,3.506183800000000019e+02
6.340000000000000000e+02,3.507759100000000103e+02
6.350000000000000000e+02,3.509340500000000134e+02
6.360000000000000000e+02,3.510928999999999860e+02
6.370000000000000000e+02,3.512524399999999787e+02
6.380000000000000000e+02,3.514126899999999978e+02
6.390000000000000000e+02,3.515736699999999928e+02
6.400000000000000000e+02,3.517353200000000015e+02
6.410000000000000000e+02,3.518977699999999800e+02
6.420000000000000000e+02,3.520609400000000164e+02
6.430000000000000000e+02,3.522248799999999846e+02
6.440000000000000000e+02,3.523895899999999983e+02
6.450000000000000000e+02,3.525550499999999943e+02
6.460000000000000000e+02,3.527213399999999979e+02
6.470000000000000000e+02,3.528883700000000090e+02
6.480000000000000000e+02,3.530562400000000025e+02
6.490000000000000000e+02,3.532249100000000226e+02
6.500000000000000000e+02,3.533944399999999746e+02
6.510000000000000000e+02,3.535647900000000163e+02
6.520000000000000000e+02,3.537359599999999773e+02
6.530000000000000000e+02,3.539080500000000029e+02
6.540000000000000000e+02,3.540809300000000235e+02
6.550000000000000000e+02,3.542547299999999950e+02
6.560000000000000000e+02,3.544293799999999806e+02
6.570000000000000000e+02,3.546049199999999928e+02
6.580000000000000000e+02,3.547813699999999812e+02
6.590000000000000000e+02,3.549587399999999775e+02
6.600000000000000000e+02,3.551370200000000068e+02
6.610000000000000000e+02,3.553162199999999871e+02
6.620000000000000000e+02,3.554963999999999942e+02
6.630000000000000000e+02,3.556774899999999775e+02
6.640000000000000000e+02,3.558595599999999877e+02
6.650000000000000000e+02,3.560425999999999931e+02
6.660000000000000000e+02,3.562265899999999874e+02
6.670000000000000000e+02,3.564115899999999897e+02
6.680000000000000000e+02,3.565975599999999872e+02
6.690000000000000000e+02,3.567845500000000243e+02
6.700000000000000000e+02,3.569725599999999872e+02
6.710000000000000000e+02,3.571615600000000086e+02
6.720000000000000000e+02,3.573516200000000254e+02
6.730000000000000000e+02,3.575427199999999743e+02
6.740000000000000000e+02,3.577348600000000260e+02
6.750000000000000000e+02,3.579280999999999722e+02
6.760000000000000000e+02,3.581224100000000021e+02
6.770000000000000000e+02,3.583178399999999897e+02
6.780000000000000000e+02,3.585143699999999853e+02
6.790000000000000000e+02,3.587120400000000018e+02
6.800000000000000000e+02,3.589108299999999758e+02
6.810000000000000000e+02,3.591107499999999959e+02
6.820000000000000000e+02,3.593118000000000052e+02
6.830000000000000000e+02,3.595140400000000227e+02
6.840000000000000000e+02,3.597174099999999726e+02
6.850000000000000000e+02,3.599220000000000255e+02
6.860000000000000000e+02,3.601277499999999918e+02
6.870000000000000000e+02,3.603347499999999854e+02
6.880000000000000000e+02,3.605429100000000062e+02
6.890000000000000000e+02,3.607523499999999785e+02
6.900000000000000000e+02,3.609630399999999781e+02
6.910000000000000000e+02,3.611749599999999987e+02
6.920000000000000000e+02,3.613881799999999771e+02
6.930000000000000000e+02,3.616026299999999765e+02
6.940000000000000000e+02,3.618184499999999844e+02
6.950000000000000000e+02,3.620355500000000006e+02
6.960000000000000000e+02,3.622539699999999812e+02
6.970000000000000000e+02,3.624737900000000081e+02
6.980000000000000000e+02,3.626949500000000057e+02
6.990000000000000000e+02,3.629174499999999739e+02
7.000000000000000000e+02,3.631413299999999822e+02
7.010000000000000000e+02,3.633666699999999992e+02
7.020000000000000000e+02,3.635933200000000056e+02
7.030000000000000000e+02,3.638214699999999766e+02
7.040000000000000000e+02,3.640510600000000068e+02
7.050000000000000000e+02,3.642821000000000140e+02
7.060000000000000000e+02,3.645145899999999983e+02
7.070000000000000000e+02,3.647485399999999913e+02
7.080000000000000000e+02,3.649840399999999931e+02
7.090000000000000000e+02,3.652209799999999973e+02
7.100000000000000000e+02,3.654594999999999914e+02
7.110000000000000000e+02,3.656995800000000258e+02
7.120000000000000000e+02,3.659412500000000250e+02
7.130000000000000000e+02,3.661844800000000077e+02
7.140000000000000000e+02,3.664292599999999993e+02
7.150000000000000000e+02,3.666756899999999746e+02
7.160000000000000000e+02,3.669237699999999904e+02
7.170000000000000000e+02,3.671734900000000152e+02
7.180000000000000000e+02,3.674248999999999796e+02
7.190000000000000000e+02,3.676779799999999909e+02
7.200000000000000000e+02,3.679327400000000239e+02
7.210000000000000000e+02,3.681892100000000028e+02
7.220000000000000000e+02,3.684473300000000222e+02
7.230000000000000000e+02,3.687072800000000257e+02
7.240000000000000000e+02,3.689689900000000193e+02
7.250000000000000000e+02,3.692324499999999716e+02
7.260000000000000000e+02,3.694977700000000027e+02
7.270000000000000000e+02,3.697648599999999988e+02
7.280000000000000000e+02,3.700338100000000168e+02
7.290000000000000000e+02,3.703045999999999935e+02
7.300000000000000000e+02,3.705772699999999986e+02
7.310000000000000000e+02,3.708518399999999815e+02
7.320000000000000000e+02,3.711283000000000243e+02
7.330000000000000000e+02,3.714066799999999944e+02
7.340000000000000000e+02,3.716870400000000245e+02
7.350000000000000000e+02,3.719692999999999756e+02
7.360000000000000000e+02,3.722535700000000247e+02
7.370000000000000000e+02,3.725398299999999949e+02
7.380000000000000000e+02,3.728280599999999936e+02
7.390000000000000000e+02,3.731183800000000019e+02
7.400000000000000000e+02,3.734106800000000135e+02
7.410000000000000000e+02,3.737051099999999906e+02
7.420000000000000000e+02,3.740015900000000215e+02
7.430000000000000000e+02,3.743001699999999801e+02
7.440000000000000000e+02,3.746008600000000115e+02
7.450000000000000000e+02,3.749036899999999832e+02
7.460000000000000000e+02,3.752086499999999774e+02
7.470000000000000000e+02,3.755158400000000256e+02
7.480000000000000000e+02,3.758251300000000015e+02
7.490000000000000000e+02,3.761366899999999873e+02
7.500000000000000000e+02,3.764504099999999767e+02
7.510000000000000000e+02,3.767663900000000012e+02
7.520000000000000000e+02,3.770846599999999853e+02
7.530000000000000000e+02,3.774051499999999919e+02
7.540000000000000000e+02,3.777279100000000085e+02
7.550000000000000000e+02,3.780529199999999719e+02
7.560000000000000000e+02,3.783803100000000086e+02
7.570000000000000000e+02,3.787100500000000238e+02
7.580000000000000000e+02,3.790420500000000175e+02
7.590000000000000000e+02,3.793763700000000085e+02
7.600000000000000000e+02,3.797130099999999970e+02
7.610000000000000000e+02,3.800521200000000022e+02
7.620000000000000000e+02,3.803936199999999985e+02
7.630000000000000000e+02,3.807374899999999798e+02
7.640000000000000000e+02,3.810836800000000153e+02
7.650000000000000000e+02,3.814323099999999727e+02
7.660000000000000000e+02,3.817833299999999781e+02
7.670000000000000000e+02,3.821368100000000254e+02
7.680000000000000000e+02,3.824927700000000073e+02
7.690000000000000000e+02,3.828511399999999867e+02
7.700000000000000000e+02,3.832119099999999889e+02
7.710000000000000000e+02,3.835751300000000015e+02
7.720000000000000000e+02,3.839407299999999736e+02
7.730000000000000000e+02,3.843088099999999940e+02
7.740000000000000000e+02,3.846793499999999995e+02
7.750000000000000000e+02,3.850523699999999963e+02
7.760000000000000000e+02,3.854278600000000097e+02
7.770000000000000000e+02,3.858057299999999827e+02
7.780000000000000000e+02,3.861859999999999786e+02
7.790000000000000000e+02,3.865686999999999784e+02
7.800000000000000000e+02,3.869538600000000201e+02
7.810000000000000000e+02,3.873414300000000026e+02
7.820000000000000000e+02,3.877314099999999826e+02
7.830000000000000000e+02,3.881237800000000107e+02
7.840000000000000000e+02,3.885184899999999857e+02
7.850000000000000000e+02,3.889155600000000277e+02
7.860000000000000000e+02,3.893149700000000166e+02
7.870000000000000000e+02,3.897167400000000157e+02
7.880000000000000000e+02,3.901207600000000184e+02
7.890000000000000000e+02,3.905271000000000186e+02
7.900000000000000000e+02,3.909356700000000160e+02
7.910000000000000000e+02,3.913464700000000107e+02
7.920000000000000000e+02,3.917594300000000089e+02
7.930000000000000000e+02,3.921745599999999854e+02
7.940000000000000000e+02,3.925918300000000158e+02
7.950000000000000000e+02,3.930111999999999739e+02
7.960000000000000000e+02,3.934326199999999858e+02
7.970000000000000000e+02,3.938560200000000009e+02
7.980000000000000000e+02,3.942814300000000003e+02
7.990000000000000000e+02,3.947087700000000154e+02
8.000000000000000000e+02,3.951379699999999957e+02
8.010000000000000000e+02,3.955690000000000168e+02
8.020000000000000000e+02,3.960017700000000218e+02
8.030000000000000000e+02,3.964362800000000107e+02
8.040000000000000000e+02,3.968724399999999832e+02
8.050000000000000000e+02,3.973102099999999837e+02
8.060000000000000000e+02,3.977495999999999867e+02
8.070000000000000000e+02,3.981904599999999732e+02
8.080000000000000000e+02,3.986327200000000062e+02
8.090000000000000000e+02,3.990763499999999908e+02
8.100000000000000000e+02,3.995212399999999775e+02
8.110000000000000000e+02,3.999673500000000104e+02
8.120000000000000000e+02,4.004145800000000008e+02
8.130000000000000000e+02,4.008629500000000121e+02
8.140000000000000000e+02,4.013122900000000186e+02
8.150000000000000000e+02,4.017625100000000202e+02
8.160000000000000000e+02,4.022136199999999917e+02
8.170000000000000000e+02,4.026654399999999896e+02
8.180000000000000000e+02,4.031178600000000074e+02
8.190000000000000000e+02,4.035709200000000010e+02
8.200000000000000000e+02,4.040244400000000269e+02
8.210000000000000000e+02,4.044783899999999903e+02
8.220000000000000000e+02,4.049326800000000048e+02
8.230000000000000000e+02,4.053871800000000007e+02
8.240000000000000000e+02,4.058418899999999780e+02
8.250000000000000000e+02,4.062965699999999742e+02
8.260000000000000000e+02,4.067511600000000271e+02
8.270000000000000000e+02,4.072056000000000040e+02
8.280000000000000000e+02,4.076598200000000247e+02
8.290000000000000000e+02,4.081137400000000071e+02
8.300000000000000000e+02,4.085672299999999950e+02
8.310000000000000000e+02,4.090202300000000264e+02
8.320000000000000000e+02,4.094726900000000001e+02
8.330000000000000000e+02,4.099244100000000230e+02
8.340000000000000000e+02,4.103754299999999944e+02
8.350000000000000000e+02,4.108255599999999959e+02
8.360000000000000000e+02,4.112747200000000021e+02
8.370000000000000000e+02,4.117228999999999814e+02
8.380000000000000000e+02,4.121699499999999716e+02
8.390000000000000000e+02,4.126158399999999915e+02
8.400000000000000000e+02,4.130604599999999778e+02
8.410000000000000000e+02,4.135037199999999871e+02
8.420000000000000000e+02,4.139455600000000004e+02
8.430000000000000000e+02,4.143858900000000176e+02
8.440000000000000000e+02,4.148246800000000007e+02
8.450000000000000000e+02,4.152618400000000065e+02
8.460000000000000000e+02,4.156972999999999843e+02
8.470000000000000000e+02,4.161309800000000223e+02
8.480000000000000000e+02,4.165628699999999753e+02
8.490000000000000000e+02,4.169928300000000263e+02
8.500000000000000000e+02,4.174208699999999794e+02
8.510000000000000000e+02,4.178468899999999735e+02
8.520000000000000000e+02,4.182708700000000022e+02
8.530000000000000000e+02,4.186927800000000275e+02
8.540000000000000000e+02,4.191125499999999988e+02
8.550000000000000000e+02,4.195301499999999919e+02
8.560000000000000000e+02,4.199454999999999814e+02
8.570000000000000000e+02,4.203585800000000177e+02
8.580000000000000000e+02,4.207693800000000124e+02
8.590000000000000000e+02,4.211778600000000097e+02
8.600000000000000000e+02,4.215839799999999968e+02
8.610000000000000000e+02,4.219877299999999991e+02
8.620000000000000000e+02,4.223890700000000038e+02
8.630000000000000000e+02,4.227879899999999793e+02
8.640000000000000000e+02,4.231844800000000077e+02
8.650000000000000000e+02,4.235784899999999880e+02
8.660000000000000000e+02,4.239700000000000273e+02
8.670000000000000000e+02,4.243590399999999931e+02
8.680000000000000000e+02,4.247455699999999865e+02
8.690000000000000000e+02,4.251295799999999758e+02
8.700000000000000000e+02,4.255111099999999738e+02
8.710000000000000000e+02,4.258901099999999929e+02
8.720000000000000000e+02,4.262665700000000015e+02
8.730000000000000000e+02,4.266405300000000125e+02
8.740000000000000000e+02,4.270119599999999878e+02
8.750000000000000000e+02,4.273808599999999842e+02
8.760000000000000000e+02,4.277472500000000082e+02
8.770000000000000000e+02,4.281111799999999903e+02
8.780000000000000000e+02,4.284725599999999872e+02
8.790000000000000000e+02,4.288314799999999991e+02
8.800000000000000000e+02,4.291878699999999753e+02
8.810000000000000000e+02,4.295417800000000170e+02
8.820000000000000000e+02,4.298931900000000041e+02
8.830000000000000000e+02,4.302421299999999746e+02
8.840000000000000000e+02,4.305886800000000108e+02
8.850000000000000000e+02,4.309327999999999861e+02
8.860000000000000000e+02,4.312745100000000207e+02
8.870000000000000000e+02,4.316137699999999882e+02
8.880000000000000000e+02,4.319506499999999960e+02
8.890000000000000000e+02,4.322851299999999810e+02
8.900000000000000000e+02,4.326172500000000127e+02
8.910000000000000000e+02,4.329470800000000281e+02
8.920000000000000000e+02,4.332745400000000018e+02
8.930000000000000000e+02,4.335996999999999844e+02
8.940000000000000000e+02,4.339225500000000011e+02
8.950000000000000000e+02,4.342431300000000078e+02
8.960000000000000000e+02,4.345614600000000110e+02
8.970000000000000000e+02,4.348775299999999788e+02
8.980000000000000000e+02,4.351913799999999810e+02
8.990000000000000000e+02,4.355030199999999923e+02
9.000000000000000000e+02,4.358124700000000189e+02
9.010000000000000000e+02,4.361197199999999725e+02
9.020000000000000000e+02,4.364248699999999985e+02
9.030000000000000000e+02,4.367278400000000147e+02
9.040000000000000000e+02,4.370286899999999832e+02
9.050000000000000000e+02,4.373274499999999989e+02
9.060000000000000000e+02,4.376241099999999733e+02
9.070000000000000000e+02,4.379187000000000012e+02
9.080000000000000000e+02,4.382112399999999752e+02
9.090000000000000000e+02,4.385017399999999839e+02
9.100000000000000000e+02,4.387902500000000146e+02
9.110000000000000000e+02,4.390767500000000041e+02
9.120000000000000000e+02,4.393612400000000093e+02
9.130000000000000000e+02,4.396437999999999988e+02
9.140000000000000000e+02,4.399243799999999851e+02
9.150000000000000000e+02,4.402029999999999745e+02
9.160000000000000000e+02,4.404797399999999925e+02
9.170000000000000000e+02,4.407545499999999947e+02
9.180000000000000000e+02,4.410274699999999939e+02
9.190000000000000000e+02,4.412985199999999963e+02
9.200000000000000000e+02,4.415677200000000084e+02
9.210000000000000000e+02,4.418350500000000238e+02
9.220000000000000000e+02,4.421005900000000111e+02
9.230000000000000000e+02,4.423643200000000206e+02
9.240000000000000000e+02,4.426261900000000082e+02
9.250000000000000000e+02,4.428863200000000120e+02
9.260000000000000000e+02,4.431446799999999939e+02
9.270000000000000000e+02,4.434012500000000045e+02
9.280000000000000000e+02,4.436560999999999808e+02
9.290000000000000000e+02,4.439091799999999921e+02
9.300000000000000000e+02,4.441605500000000006e+02
9.310000000000000000e+02,4.444102500000000191e+02
9.320000000000000000e+02,4.446582300000000032e+02
9.330000000000000000e+02,4.449045399999999972e+02
9.340000000000000000e+02,4.451491700000000264e+02
9.350000000000000000e+02,4.453921199999999772e+02
9.360000000000000000e+02,4.456334800000000200e+02
9.370000000000000000e+02,4.458731700000000160e+02
9.380000000000000000e+02,4.461112400000000093e+02
9.390000000000000000e+02,4.463477199999999812e+02
9.400000000000000000e+02,4.465825500000000261e+02
9.410000000000000000e+02,4.468158599999999865e+02
9.420000000000000000e+02,4.470475799999999822e+02
9.430000000000000000e+02,4.472777100000000132e+02
9.440000000000000000e+02,4.475062899999999786e+02
9.450000000000000000e+02,4.477333399999999983e+02
9.460000000000000000e+02,4.479588299999999776e+02
9.470000000000000000e+02,4.481828300000000240e+02
9.480000000000000000e+02,4.484053000000000111e+02
9.490000000000000000e+02,4.486262800000000084e+02
9.500000000000000000e+02,4.488457900000000222e+02
9.510000000000000000e+02,4.490638099999999895e+02
9.520000000000000000e+02,4.492803599999999733e+02
9.530000000000000000e+02,4.494954799999999864e+02
9.540000000000000000e+02,4.497091100000000097e+02
9.550000000000000000e+02,4.499213300000000118e+02
9.560000000000000000e+02,4.501320799999999736e+02
9.570000000000000000e+02,4.503414300000000026e+02
9.580000000000000000e+02,4.505493799999999851e+02
9.590000000000000000e+02,4.507559200000000033e+02
9.600000000000000000e+02,4.509610599999999749e+02
9.610000000000000000e+02,4.511648599999999760e+02
9.620000000000000000e+02,4.513672500000000127e+02
9.630000000000000000e+02,4.515682699999999841e+02
9.640000000000000000e+02,4.517679400000000101e+02
9.650000000000000000e+02,4.519663100000000213e+02
9.660000000000000000e+02,4.521632999999999925e+02
9.670000000000000000e+02,4.523589799999999741e+02
9.680000000000000000e+02,4.525533100000000104e+02
9.690000000000000000e+02,4.527463700000000131e+02
9.700000000000000000e+02,4.529381099999999947e+02
9.710000000000000000e+02,4.531285700000000247e+02
9.720000000000000000e+02,4.533177499999999895e+02
9.730000000000000000e+02,4.535056500000000028e+02
9.740000000000000000e+02,4.536922599999999761e+02
9.750000000000000000e+02,4.538776199999999790e+02
9.760000000000000000e+02,4.540617399999999861e+02
9.770000000000000000e+02,4.542446299999999724e+02
9.780000000000000000e+02,4.544262699999999882e+02
9.790000000000000000e+02,4.546066599999999767e+02
9.800000000000000000e+02,4.547858899999999949e+02
9.810000000000000000e+02,4.549638699999999858e+02
9.820000000000000000e+02,4.551406900000000064e+02
9.830000000000000000e+02,4.553162500000000250e+02
9.840000000000000000e+02,4.554906899999999723e+02
9.850000000000000000e+02,4.556639099999999871e+02
9.860000000000000000e+02,4.558359699999999748e+02
9.870000000000000000e+02,4.560068699999999922e+02
9.880000000000000000e+02,4.561766400000000203e+02
9.890000000000000000e+02,4.563452500000000214e+02
9.900000000000000000e+02,4.565126999999999953e+02
9.910000000000000000e+02,4.566790199999999800e+02
9.920000000000000000e+02,4.568442400000000134e+02
9.930000000000000000e+02,4.570083000000000197e+02
9.940000000000000000e+02,4.571712999999999738e+02
9.950000000000000000e+02,4.573331900000000019e+02
9.960000000000000000e+02,4.574939600000000155e+02
9.970000000000000000e+02,4.576536600000000021e+02
9.980000000000000000e+02,4.578122900000000186e+02
9.990000000000000000e+02,4.579698200000000270e+02
1.000000000000000000e+03,4.581263099999999895e+02
1.001000000000000000e+03,4.582817400000000134e+02
1.002000000000000000e+03,4.584361000000000104e+02
1.003000000000000000e+03,4.585894200000000183e+02
1.004000000000000000e+03,4.587416999999999803e+02
1.005000000000000000e+03,4.588929400000000101e+02
1.006000000000000000e+03,4.590431800000000067e+02
1.007000000000000000e+03,4.591923800000000142e+02
1.008000000000000000e+03,4.593405799999999886e+02
1.009000000000000000e+03,4.594877900000000182e+02
1.010000000000000000e+03,4.596340000000000146e+02
1.011000000000000000e+03,4.597792099999999778e+02
1.012000000000000000e+03,4.599234299999999962e+02
1.013000000000000000e+03,4.600666800000000194e+02
1.014000000000000000e+03,4.602089500000000157e+02
1.015000000000000000e+03,4.603502500000000168e+02
1.016000000000000000e+03,4.604905999999999722e+02
1.017000000000000000e+03,4.606299999999999955e+02
1.018000000000000000e+03,4.607684600000000046e+02
1.019000000000000000e+03,4.609059799999999996e+02
1.020000000000000000e+03,4.610425700000000120e+02
1.021000000000000000e+03,4.611782200000000103e+02
1.022000000000000000e+03,4.613129599999999755e+02
1.023000000000000000e+03,4.614467799999999897e+02
1.024000000000000000e+03,4.615796799999999962e+02
1.025000000000000000e+03,4.617117000000000075e+02
1.026000000000000000e+03,4.618428000000000111e+02
1.027000000000000000e+03,4.619730200000000195e+02
1.028000000000000000e+03,4.621023599999999760e+02
1.029000000000000000e+03,4.622308300000000258e+02
1.030000000000000000e+03,4.623584000000000174e+02
1.031000000000000000e+03,4.624851100000000201e+02
1.032000000000000000e+03,4.626109900000000152e+02
1.033000000000000000e+03,4.627359900000000152e+02
1.034000000000000000e+03,4.628601400000000012e+02
1.035000000000000000e+03,4.629834299999999985e+02
1.036000000000000000e+03,4.631059300000000007e+02
1.037000000000000000e+03,4.632275399999999763e+02
1.038000000000000000e+03,4.633483600000000138e+02
1.039000000000000000e+03,4.634683499999999867e+02
1.040000000000000000e+03,4.635875199999999836e+02
1.041000000000000000e+03,4.637058700000000044e+02
1.042000000000000000e+03,4.638234299999999735e+02
1.043000000000000000e+03,4.639401899999999728e+02
1.044000000000000000e+03,4.640561200000000213e+02
1.045000000000000000e+03,4.641712999999999738e+02
1.046000000000000000e+03,4.642857099999999946e+02
1.047000000000000000e+03,4.643992900000000077e+02
1.048000000000000000e+03,4.645121199999999817e+02
1.049000000000000000e+03,4.646242100000000050e+02
1.050000000000000000e+03,4.647355000000000018e+02
1.051000000000000000e+03,4.648460400000000163e+02
1.052000000000000000e+03,4.649558400000000233e+02
1.053000000000000000e+03,4.650648800000000165e+02
1.054000000000000000e+03,4.651731899999999769e+02
1.055000000000000000e+03,4.652807300000000055e+02
1.056000000000000000e+03,4.653875699999999824e+02
1.057000000000000000e+03,4.654936500000000024e+02
1.058000000000000000e+03,4.655990300000000275e+02
1.059000000000000000e+03,4.657036699999999882e+02
1.060000000000000000e+03,4.658076500000000237e+02
1.061000000000000000e+03,4.659108600000000138e+02
1.062000000000000000e+03,4.660133999999999901e+02
1.063000000000000000e+03,4.661152299999999968e+02
1.064000000000000000e+03,4.662163699999999835e+02
1.065000000000000000e+03,4.663168000000000006e+02
1.066000000000000000e+03,4.664165600000000040e+02
1.067000000000000000e+03,4.665156600000000253e+02
1.068000000000000000e+03,4.666140399999999886e+02
1.069000000000000000e+03,4.667117900000000077e+02
1.070000000000000000e+03,4.668088399999999751e+02
1.071000000000000000e+03,4.669052399999999921e+02
1.072000000000000000e+03,4.670009800000000268e+02
1.073000000000000000e+03,4.670960699999999974e+02
1.074000000000000000e+03,4.671905199999999923e+02
1.075000000000000000e+03,4.672842999999999734e+02
1.076000000000000000e+03,4.673774700000000166e+02
1.077000000000000000e+03,4.674699699999999893e+02
1.078000000000000000e+03,4.675618600000000242e+02
1.079000000000000000e+03,4.676531100000000265e+02
1.080000000000000000e+03,4.677437400000000025e+02
1.081000000000000000e+03,4.678337700000000154e+02
1.082000000000000000e+03,4.679231599999999958e+02
1.083000000000000000e+03,4.680119599999999878e+02
1.084000000000000000e+03,4.681001299999999787e+02
1.085000000000000000e+03,4.681877099999999814e+02
1.086000000000000000e+03,4.682747200000000021e+02
1.087000000000000000e+03,4.683610800000000154e+02
1.088000000000000000e+03,4.684468699999999899e+02
1.089000000000000000e+03,4.685320699999999761e+02
1.090000000000000000e+03,4.686166999999999803e+02
1.091000000000000000e+03,4.687007399999999961e+02
1.092000000000000000e+03,4.687842099999999732e+02
1.093000000000000000e+03,4.688671299999999746e+02
1.094000000000000000e+03,4.689494599999999878e+02
1.095000000000000000e+03,4.690312200000000189e+02
1.096000000000000000e+03,4.691124300000000176e+02
1.097000000000000000e+03,4.691930800000000090e+02
1.098000000000000000e+03,4.692731899999999996e+02
1.099000000000000000e+03,4.693527500000000146e+02
1.100000000000000000e+03,4.694317599999999970e+02
1.101000000000000000e+03,4.695102200000000039e+02
1.102000000000000000e+03,4.695881299999999783e+02
1.103000000000000000e+03,4.696655600000000277e+02
1.104000000000000000e+03,4.697423999999999751e+02
1.105000000000000000e+03,4.698187599999999975e+02
1.106000000000000000e+03,4.698945600000000127e+02
1.107000000000000000e+03,4.699698799999999892e+02
1.108000000000000000e+03,4.700446499999999901e+02
1.109000000000000000e+03,4.701189299999999776e+02
1.110000000000000000e+03,4.701926900000000273e+02
1.111000000000000000e+03,4.702659300000000258e+02
1.112000000000000000e+03,4.703386800000000108e+02
1.113000000000000000e+03,4.704109500000000139e+02
1.114000000000000000e+03,4.704827000000000226e+02
1.115000000000000000e+03,4.705539899999999989e+02
1.116000000000000000e+03,4.706247599999999807e+02
1.117000000000000000e+03,4.706950699999999870e+02
1.118000000000000000e+03,4.707648599999999988e+02
1.119000000000000000e+03,4.708342000000000098e+02
1.120000000000000000e+03,4.709030500000000075e+02
1.121000000000000000e+03,4.709714399999999728e+02
1.122000000000000000e+03,4.710393700000000194e+02
1.123000000000000000e+03,4.711068099999999959e+02
1.124000000000000000e+03,4.711738000000000284e+02
1.125000000000000000e+03,4.712403299999999717e+02
1.126000000000000000e+03,4.713063999999999965e+02
1.127000000000000000e+03,4.713720400000000268e+02
1.128000000000000000e+03,4.714371899999999869e+02
1.129000000000000000e+03,4.715019199999999842e+02
1.130000000000000000e+03,4.715661900000000060e+02
1.131000000000000000e+03,4.716300400000000081e+02
1.132000000000000000e+03,4.716934200000000033e+02
1.133000000000000000e+03,4.717564100000000167e+02
1.134000000000000000e+03,4.718189399999999978e+02
1.135000000000000000e+03,4.718810399999999845e+02
1.136000000000000000e+03,4.719427200000000084e+02
1.137000000000000000e+03,4.720039699999999812e+02
1.138000000000000000e+03,4.720647900000000163e+02
1.139000000000000000e+03,4.721252099999999814e+02
1.140000000000000000e+03,4.721852099999999837e+02
1.141000000000000000e+03,4.722448099999999727e+02
1.142000000000000000e+03,4.723039899999999989e+02
1.143000000000000000e+03,4.723627599999999802e+02
1.144000000000000000e+03,4.724211099999999988e+02
1.145000000000000000e+03,4.724791000000000167e+02
1.146000000000000000e+03,4.725366500000000087e+02
1.147000000000000000e+03,4.725938400000000001e+02
1.148000000000000000e+03,4.726506299999999783e+02
1.149000000000000000e+03,4.727070299999999747e+02
1.150000000000000000e+03,4.727630300000000148e+02
1.151000000000000000e+03,4.728186299999999846e+02
1.152000000000000000e+03,4.728738700000000108e+02
1.153000000000000000e+03,4.729287400000000048e+02
1.154000000000000000e+03,4.729832200000000171e+02
1.155000000000000000e+03,4.730373200000000224e+02
1.156000000000000000e+03,4.730910600000000272e+02
1.157000000000000000e+03,4.731444399999999746e+02
1.158000000000000000e+03,4.731974200000000224e+02
1.159000000000000000e+03,4.732500600000000190e+02
1.160000000000000000e+03,4.733023400000000152e+02
1.161000000000000000e+03,4.733542499999999791e+02
1.162000000000000000e+03,4.734058200000000056e+02
1.163000000000000000e+03,4.734570299999999747e+02
1.164000000000000000e+03,4.735078700000000254e+02
1.165000000000000000e+03,4.735583799999999997e+02
1.166000000000000000e+03,4.736085199999999986e+02
1.167000000000000000e+03,4.736583299999999781e+02
1.168000000000000000e+03,4.737077899999999886e+02
1.169000000000000000e+03,4.737569300000000112e+02
1.170000000000000000e+03,4.738057299999999827e+02
1.171000000000000000e+03,4.738541599999999789e+02
1.172000000000000000e+03,4.739022800000000188e+02
1.173000000000000000e+03,4.739500699999999824e+02
1.174000000000000000e+03,4.739975299999999834e+02
1.175000000000000000e+03,4.740446800000000280e+02
1.176000000000000000e+03,4.740914599999999837e+02
1.177000000000000000e+03,4.741379699999999957e+02
1.178000000000000000e+03,4.741841400000000135e+02
1.179000000000000000e+03,4.742299800000000118e+02
1.180000000000000000e+03,4.742755099999999970e+02
1.181000000000000000e+03,4.743207400000000007e+02
1.182000000000000000e+03,4.743656300000000101e+02
1.183000000000000000e+03,4.744102500000000191e+02
1.184000000000000000e+03,4.744545299999999770e+02
1.185000000000000000e+03,4.744985399999999913e+02
1.186000000000000000e+03,4.745422100000000114e+02
1.187000000000000000e+03,4.745855999999999995e+02
1.188000000000000000e+03,4.746286900000000060e+02
1.189000000000000000e+03,4.746714799999999741e+02
1.190000000000000000e+03,4.747139900000000239e+02
1.191000000000000000e+03,4.747561600000000226e+02
1.192000000000000000e+03,4.747980999999999767e+02
1.193000000000000000e+03,4.748397199999999998e+02
1.194000000000000000e+03,4.748810399999999845e+02
1.195000000000000000e+03,4.749220900000000256e+02
1.196000000000000000e+03,4.749628900000000158e+02
1.197000000000000000e+03,4.750033599999999865e+02
1.198000000000000000e+03,4.750435800000000199e+02
1.199000000000000000e+03,4.750835299999999961e+02
1.200000000000000000e+03,4.751231700000000160e+02
