# Time [s], Convective Heat Transfer Coefficient [W/m2K]
1.000000000000000000e+00,0.000000000000000000e+00
2.000000000000000000e+00,0.000000000000000000e+00
3.000000000000000000e+00,0.000000000000000000e+00
4.000000000000000000e+00,0.000000000000000000e+00
5.000000000000000000e+00,1.915079995362458862e-02
6.000000000000000000e+00,3.574028725257893252e-02
7.000000000000000000e+00,5.849721719600613906e-02
8.000000000000000000e+00,8.829354315001436415e-02
9.000000000000000000e+00,1.267611739140729332e-01
1.000000000000000000e+01,1.734535493197884026e-01
1.100000000000000000e+01,2.284046148682476740e-01
1.200000000000000000e+01,2.910007311185013323e-01
1.300000000000000000e+01,3.604378619524604144e-01
1.400000000000000000e+01,4.357787705757391605e-01
1.500000000000000000e+01,5.161417224240244517e-01
1.600000000000000000e+01,6.006308784658829225e-01
1.700000000000000000e+01,6.884447339081715134e-01
1.800000000000000000e+01,7.788604532904297439e-01
1.900000000000000000e+01,8.712461373360030903e-01
2.000000000000000000e+01,9.650619183708442073e-01
2.100000000000000000e+01,1.059836299068104948e+00
2.200000000000000000e+01,1.155179824209032757e+00
2.300000000000000000e+01,1.250754430535728767e+00
2.400000000000000000e+01,1.346285831029175872e+00
2.500000000000000000e+01,1.441541360009375605e+00
2.600000000000000000e+01,1.536324164365642231e+00
2.700000000000000000e+01,1.630480614154847796e+00
2.800000000000000000e+01,1.723876542613411500e+00
2.900000000000000000e+01,1.816409978762076882e+00
3.000000000000000000e+01,1.907989364074513805e+00
3.100000000000000000e+01,1.998550367606153344e+00
3.200000000000000000e+01,2.088038523797088430e+00
3.300000000000000000e+01,2.176412770095460303e+00
3.400000000000000000e+01,2.263641201107706280e+00
3.500000000000000000e+01,2.349700928742251005e+00
3.600000000000000000e+01,2.434577901894353857e+00
3.700000000000000000e+01,2.518264528554883697e+00
3.800000000000000000e+01,2.600758173362266668e+00
3.900000000000000000e+01,2.682058452128329940e+00
4.000000000000000000e+01,2.762171061446564657e+00
4.100000000000000000e+01,2.841103365434377359e+00
4.200000000000000000e+01,2.918862969086357229e+00
4.300000000000000000e+01,2.995465593420294059e+00
4.400000000000000000e+01,3.070925276925819958e+00
4.500000000000000000e+01,3.145254856440027336e+00
4.600000000000000000e+01,3.218472561834967660e+00
4.700000000000000000e+01,3.290596322467923329e+00
4.800000000000000000e+01,3.361640322555536464e+00
4.900000000000000000e+01,3.431625828037536685e+00
5.000000000000000000e+01,3.500572406571726525e+00
5.100000000000000000e+01,3.568497378362217809e+00
5.200000000000000000e+01,3.635418505107366194e+00
5.300000000000000000e+01,3.701356894686688825e+00
5.400000000000000000e+01,3.766330407194707686e+00
5.500000000000000000e+01,3.830357873056465579e+00
5.600000000000000000e+01,3.893457877433726733e+00
5.700000000000000000e+01,3.955649799851741921e+00
5.800000000000000000e+01,4.016951988861001688e+00
5.900000000000000000e+01,4.077383012083002356e+00
6.000000000000000000e+01,4.136958184659248694e+00
6.100000000000000000e+01,4.195697123054129563e+00
6.200000000000000000e+01,4.253616944820386436e+00
6.300000000000000000e+01,4.310732784531224659e+00
6.400000000000000000e+01,4.367062715555415586e+00
6.500000000000000000e+01,4.422621285237156030e+00
6.600000000000000000e+01,4.477424801425194723e+00
6.700000000000000000e+01,4.531489711945959620e+00
6.800000000000000000e+01,4.584830712004909437e+00
6.900000000000000000e+01,4.637460689594399277e+00
7.000000000000000000e+01,4.689397706509263131e+00
7.100000000000000000e+01,4.740652015778385575e+00
7.200000000000000000e+01,4.791240422057082782e+00
7.300000000000000000e+01,4.841173347250429693e+00
7.400000000000000000e+01,4.890465338173491716e+00
7.500000000000000000e+01,4.939129747135225124e+00
7.600000000000000000e+01,4.987178453704682823e+00
7.700000000000000000e+01,5.034622680560531194e+00
7.800000000000000000e+01,5.081475714353978823e+00
7.900000000000000000e+01,5.127747186782222855e+00
8.000000000000000000e+01,5.173450558525089171e+00
8.100000000000000000e+01,5.218594697261593751e+00
8.200000000000000000e+01,5.263192540024340005e+00
8.300000000000000000e+01,5.307253225028779831e+00
8.400000000000000000e+01,5.350785746120820363e+00
8.500000000000000000e+01,5.393802376935542320e+00
8.600000000000000000e+01,5.436311912789126843e+00
8.700000000000000000e+01,5.478322467789898731e+00
8.800000000000000000e+01,5.519845593093237746e+00
8.900000000000000000e+01,5.560888940240707790e+00
9.000000000000000000e+01,5.601460457588795627e+00
9.100000000000000000e+01,5.641570461543746084e+00
9.200000000000000000e+01,5.681227406309920624e+00
9.300000000000000000e+01,5.720437401340594086e+00
9.400000000000000000e+01,5.759209730844824016e+00
9.500000000000000000e+01,5.797552496790101095e+00
9.600000000000000000e+01,5.835473106942046684e+00
9.700000000000000000e+01,5.872977604950309960e+00
9.800000000000000000e+01,5.910074306684413692e+00
9.900000000000000000e+01,5.946770944166282824e+00
1.000000000000000000e+02,5.983073817550071283e+00
1.010000000000000000e+02,6.018988752236583473e+00
1.020000000000000000e+02,6.054523233224578860e+00
1.030000000000000000e+02,6.089684698598559542e+00
1.040000000000000000e+02,6.124478544851494455e+00
1.050000000000000000e+02,6.158909753020120448e+00
1.060000000000000000e+02,6.192986084982253558e+00
1.070000000000000000e+02,6.226713131900331710e+00
1.080000000000000000e+02,6.260096491538289953e+00
1.090000000000000000e+02,6.293141738152710829e+00
1.100000000000000000e+02,6.325853399775300367e+00
1.110000000000000000e+02,6.358238138628006020e+00
1.120000000000000000e+02,6.390301548011664501e+00
1.130000000000000000e+02,6.422048234176663151e+00
1.140000000000000000e+02,6.453482707856916356e+00
1.150000000000000000e+02,6.484609444485103680e+00
1.160000000000000000e+02,6.515434954024130754e+00
1.170000000000000000e+02,6.545963315360078916e+00
1.180000000000000000e+02,6.576199266402717569e+00
1.190000000000000000e+02,6.606146028441865603e+00
1.200000000000000000e+02,6.635809095957685422e+00
1.210000000000000000e+02,6.665193237885178590e+00
1.220000000000000000e+02,6.694302268716433524e+00
1.230000000000000000e+02,6.723140384817079429e+00
1.240000000000000000e+02,6.751710864545755086e+00
1.250000000000000000e+02,6.780018398787532874e+00
1.260000000000000000e+02,6.808067265043860061e+00
1.270000000000000000e+02,6.835860342867612793e+00
1.280000000000000000e+02,6.863401158428553472e+00
1.290000000000000000e+02,6.890694352061006001e+00
1.300000000000000000e+02,6.917743433589365054e+00
1.310000000000000000e+02,6.944551312135557097e+00
1.320000000000000000e+02,6.971120560231984342e+00
1.330000000000000000e+02,6.997456056436444527e+00
1.340000000000000000e+02,7.023561103087592628e+00
1.350000000000000000e+02,7.049437956141939132e+00
1.360000000000000000e+02,7.075089266568458157e+00
1.370000000000000000e+02,7.100518994994256872e+00
1.380000000000000000e+02,7.125730751859198797e+00
1.390000000000000000e+02,7.150725978858986309e+00
1.400000000000000000e+02,7.175507889331318445e+00
1.410000000000000000e+02,7.200080504515498525e+00
1.420000000000000000e+02,7.224445262546465685e+00
1.430000000000000000e+02,7.248604669846854698e+00
1.440000000000000000e+02,7.272562487219698113e+00
1.450000000000000000e+02,7.296320610911065430e+00
1.460000000000000000e+02,7.319881317975838186e+00
1.470000000000000000e+02,7.343248122625902319e+00
1.480000000000000000e+02,7.367655583193628566e+00
1.490000000000000000e+02,7.391068269338544106e+00
1.500000000000000000e+02,7.414094415353470247e+00
1.510000000000000000e+02,7.436869627886840917e+00
1.520000000000000000e+02,7.459418885711632363e+00
1.530000000000000000e+02,7.481758394204397256e+00
1.540000000000000000e+02,7.503897100378237539e+00
1.550000000000000000e+02,7.525843936729966543e+00
1.560000000000000000e+02,7.547603508994765953e+00
1.570000000000000000e+02,7.569179899590015026e+00
1.580000000000000000e+02,7.590577699281340074e+00
1.590000000000000000e+02,7.611800377625197456e+00
1.600000000000000000e+02,7.632851520447376359e+00
1.610000000000000000e+02,7.653734028051879967e+00
1.620000000000000000e+02,7.674449339414151972e+00
1.630000000000000000e+02,7.695001227861410165e+00
1.640000000000000000e+02,7.715391216639258865e+00
1.650000000000000000e+02,7.735622159655850538e+00
1.660000000000000000e+02,7.755695677294522028e+00
1.670000000000000000e+02,7.775612962948727613e+00
1.680000000000000000e+02,7.795377490913213414e+00
1.690000000000000000e+02,7.814989017546721151e+00
1.700000000000000000e+02,7.834450730769173532e+00
1.710000000000000000e+02,7.853763282276719160e+00
1.720000000000000000e+02,7.872928626981930300e+00
1.730000000000000000e+02,7.891947736212655329e+00
1.740000000000000000e+02,7.910822679035057980e+00
1.750000000000000000e+02,7.929554176181217606e+00
1.760000000000000000e+02,7.948143855486764942e+00
1.770000000000000000e+02,7.966592570910686177e+00
1.780000000000000000e+02,7.984902623669515087e+00
1.790000000000000000e+02,8.003074074127230375e+00
1.800000000000000000e+02,8.021109159194296012e+00
1.810000000000000000e+02,8.039008077649624440e+00
1.820000000000000000e+02,8.056772461825476128e+00
1.830000000000000000e+02,8.074403371171207766e+00
1.840000000000000000e+02,8.091901841189242717e+00
1.850000000000000000e+02,8.109268884050546689e+00
1.860000000000000000e+02,8.126505843701709253e+00
1.870000000000000000e+02,8.143613859462307758e+00
1.880000000000000000e+02,8.160593167337905740e+00
1.890000000000000000e+02,8.177445919624201309e+00
1.900000000000000000e+02,8.194171787237351623e+00
1.910000000000000000e+02,8.210772872018129220e+00
1.920000000000000000e+02,8.227249507302216713e+00
1.930000000000000000e+02,8.243602704905955036e+00
1.940000000000000000e+02,8.259833970189001562e+00
1.950000000000000000e+02,8.275942899789750840e+00
1.960000000000000000e+02,8.291931474971189431e+00
1.970000000000000000e+02,8.307800623836460119e+00
1.980000000000000000e+02,8.323550072597660332e+00
1.990000000000000000e+02,8.339181734791964118e+00
2.000000000000000000e+02,8.354696819549761955e+00
2.010000000000000000e+02,8.370094675224891034e+00
2.020000000000000000e+02,8.385376985460080590e+00
2.030000000000000000e+02,8.400544906873420814e+00
2.040000000000000000e+02,8.415598417589711389e+00
2.050000000000000000e+02,8.430538644088372280e+00
2.060000000000000000e+02,8.445366527979880189e+00
2.070000000000000000e+02,8.460082829367861379e+00
2.080000000000000000e+02,8.474688293077326406e+00
2.090000000000000000e+02,8.489182999255039164e+00
2.100000000000000000e+02,8.503568479186363049e+00
2.110000000000000000e+02,8.517845270792806289e+00
2.120000000000000000e+02,8.532014382614509174e+00
2.130000000000000000e+02,8.546075523043537459e+00
2.140000000000000000e+02,8.560030157007913587e+00
2.150000000000000000e+02,8.573878770404016691e+00
2.160000000000000000e+02,8.587622155825224368e+00
2.170000000000000000e+02,8.601261565962303735e+00
2.180000000000000000e+02,8.614797286884048333e+00
2.190000000000000000e+02,8.628229124975915099e+00
2.200000000000000000e+02,8.641558138649831022e+00
2.210000000000000000e+02,8.654785525187092432e+00
2.220000000000000000e+02,8.667911528147191902e+00
2.230000000000000000e+02,8.680936849873777561e+00
2.240000000000000000e+02,8.693862334919229440e+00
2.250000000000000000e+02,8.706688195929285001e+00
2.260000000000000000e+02,8.719415562659596830e+00
2.270000000000000000e+02,8.732044779941569246e+00
2.280000000000000000e+02,8.744576490673141578e+00
2.290000000000000000e+02,8.757011173653593161e+00
2.300000000000000000e+02,8.769349450402442514e+00
2.310000000000000000e+02,8.781592083211844368e+00
2.320000000000000000e+02,8.793739367758629299e+00
2.330000000000000000e+02,8.805792045361087617e+00
2.340000000000000000e+02,8.817750845285729611e+00
2.350000000000000000e+02,8.829616184697673731e+00
2.360000000000000000e+02,8.841388472401739307e+00
2.370000000000000000e+02,8.853068706408672384e+00
2.380000000000000000e+02,8.864657125580732711e+00
2.390000000000000000e+02,8.876154556810696761e+00
2.400000000000000000e+02,8.887560777298462611e+00
2.410000000000000000e+02,8.898877040969779273e+00
2.420000000000000000e+02,8.910103553163281731e+00
2.430000000000000000e+02,8.921240660544423662e+00
2.440000000000000000e+02,8.932288996077408783e+00
2.450000000000000000e+02,8.943249475543725069e+00
2.460000000000000000e+02,8.954121980150942406e+00
2.470000000000000000e+02,8.964907408226528318e+00
2.480000000000000000e+02,8.975606209996316309e+00
2.490000000000000000e+02,8.986218682915293243e+00
2.500000000000000000e+02,8.996745118121356910e+00
2.510000000000000000e+02,9.007186521969536841e+00
2.520000000000000000e+02,9.017542592442135074e+00
2.530000000000000000e+02,9.027814463125453770e+00
2.540000000000000000e+02,9.038002250757685374e+00
2.550000000000000000e+02,9.048106639580378641e+00
2.560000000000000000e+02,9.058127591026160275e+00
2.570000000000000000e+02,9.068065632935855547e+00
2.580000000000000000e+02,9.077921569284303160e+00
2.590000000000000000e+02,9.087695201582480564e+00
2.600000000000000000e+02,9.097387319831293340e+00
2.610000000000000000e+02,9.106998280611849239e+00
2.620000000000000000e+02,9.116528293409411177e+00
2.630000000000000000e+02,9.125977843837464576e+00
2.640000000000000000e+02,9.135346849207703457e+00
2.650000000000000000e+02,9.144636484137489418e+00
2.660000000000000000e+02,9.153846234132435811e+00
2.670000000000000000e+02,9.162976979887439200e+00
2.680000000000000000e+02,9.172028757048607872e+00
2.690000000000000000e+02,9.181001875595448780e+00
2.700000000000000000e+02,9.189896917172355018e+00
2.710000000000000000e+02,9.198713902458857561e+00
2.720000000000000000e+02,9.207452848879466245e+00
2.730000000000000000e+02,9.216114735361870203e+00
2.740000000000000000e+02,9.224699017223791486e+00
2.750000000000000000e+02,9.233206661168761542e+00
2.760000000000000000e+02,9.241637390199601398e+00
2.770000000000000000e+02,9.249992020790388736e+00
2.780000000000000000e+02,9.258269994826360261e+00
2.790000000000000000e+02,9.266472391055058822e+00
2.800000000000000000e+02,9.274598780631391648e+00
2.810000000000000000e+02,9.282649685663516337e+00
2.820000000000000000e+02,9.290625350405159466e+00
2.830000000000000000e+02,9.298525879064538202e+00
2.840000000000000000e+02,9.306351237001667442e+00
2.850000000000000000e+02,9.314102061498610752e+00
2.860000000000000000e+02,9.321778309070833046e+00
2.870000000000000000e+02,9.329380337044643312e+00
2.880000000000000000e+02,9.336907960363324932e+00
2.890000000000000000e+02,9.344361260329757002e+00
2.900000000000000000e+02,9.351741519427591243e+00
2.910000000000000000e+02,9.359047202655725428e+00
2.920000000000000000e+02,9.366280117535776384e+00
2.930000000000000000e+02,9.373439526108006348e+00
2.940000000000000000e+02,9.380525623224956533e+00
2.950000000000000000e+02,9.387538998133761581e+00
2.960000000000000000e+02,9.394479968394596980e+00
2.970000000000000000e+02,9.401347654835136680e+00
2.980000000000000000e+02,9.408143032016438312e+00
2.990000000000000000e+02,9.414866273601864677e+00
3.000000000000000000e+02,9.421517153766044927e+00
3.010000000000000000e+02,9.428095971843013956e+00
3.020000000000000000e+02,9.434603285639466819e+00
3.030000000000000000e+02,9.441039253045511614e+00
3.040000000000000000e+02,9.447414389486496589e+00
3.050000000000000000e+02,9.453712955522838968e+00
3.060000000000000000e+02,9.459940483459719829e+00
3.070000000000000000e+02,9.466097509311737213e+00
3.080000000000000000e+02,9.472184954919621092e+00
3.090000000000000000e+02,9.478202952830585559e+00
3.100000000000000000e+02,9.484152152770128907e+00
3.110000000000000000e+02,9.490033588467701620e+00
3.120000000000000000e+02,9.495847896464688631e+00
3.130000000000000000e+02,9.501595318645888355e+00
3.140000000000000000e+02,9.507276999755100988e+00
3.150000000000000000e+02,9.512893041760724699e+00
3.160000000000000000e+02,9.518443285303357371e+00
3.170000000000000000e+02,9.523928343651487438e+00
3.180000000000000000e+02,9.529347793554332924e+00
3.190000000000000000e+02,9.534701726303893565e+00
3.200000000000000000e+02,9.539989458605054651e+00
3.210000000000000000e+02,9.545211849471781917e+00
3.220000000000000000e+02,9.550368724961817435e+00
3.230000000000000000e+02,9.555459268400410267e+00
3.240000000000000000e+02,9.560483816716967453e+00
3.250000000000000000e+02,9.565442958785421723e+00
3.260000000000000000e+02,9.570336128295101830e+00
3.270000000000000000e+02,9.575163907853506018e+00
3.280000000000000000e+02,9.579926875232414929e+00
3.290000000000000000e+02,9.584624456623799915e+00
3.300000000000000000e+02,9.589257605639639692e+00
3.310000000000000000e+02,9.593826888228381478e+00
3.320000000000000000e+02,9.598331722234890506e+00
3.330000000000000000e+02,9.602773429459890764e+00
3.340000000000000000e+02,9.607152182997381828e+00
3.350000000000000000e+02,9.611468533140573811e+00
3.360000000000000000e+02,9.615723152522836159e+00
3.370000000000000000e+02,9.619915697209746597e+00
3.380000000000000000e+02,9.624047844369711058e+00
3.390000000000000000e+02,9.628119495352148505e+00
3.400000000000000000e+02,9.632131054386205093e+00
3.410000000000000000e+02,9.636083804709251410e+00
3.420000000000000000e+02,9.639977763618983175e+00
3.430000000000000000e+02,9.643813449792942194e+00
3.440000000000000000e+02,9.647591629786628431e+00
3.450000000000000000e+02,9.651313317134453840e+00
3.460000000000000000e+02,9.654978641311993570e+00
3.470000000000000000e+02,9.658588105972654603e+00
3.480000000000000000e+02,9.662143214532244784e+00
3.490000000000000000e+02,9.665643960619833663e+00
3.500000000000000000e+02,9.669090711766743951e+00
3.510000000000000000e+02,9.672484958822794354e+00
3.520000000000000000e+02,9.675826811404293792e+00
3.530000000000000000e+02,9.679117251851797832e+00
3.540000000000000000e+02,9.682357008517676888e+00
3.550000000000000000e+02,9.685546182346708832e+00
3.560000000000000000e+02,9.688686119537566199e+00
3.570000000000000000e+02,9.691777538216202359e+00
3.580000000000000000e+02,9.694820779629399254e+00
3.590000000000000000e+02,9.697816805129260587e+00
3.600000000000000000e+02,9.700766199171820148e+00
3.610000000000000000e+02,9.703669792128337690e+00
3.620000000000000000e+02,9.706528038384977464e+00
3.630000000000000000e+02,9.709342135070567537e+00
3.640000000000000000e+02,9.712112530742622596e+00
3.650000000000000000e+02,9.714840167925407499e+00
3.660000000000000000e+02,9.717525490065089144e+00
3.670000000000000000e+02,9.720169434144494858e+00
3.680000000000000000e+02,9.722772810243407449e+00
3.690000000000000000e+02,9.725336178183356495e+00
3.700000000000000000e+02,9.727860095644208727e+00
3.710000000000000000e+02,9.730345736404720114e+00
3.720000000000000000e+02,9.732793900227408201e+00
3.730000000000000000e+02,9.735204643328565055e+00
3.740000000000000000e+02,9.737651105608346569e+00
3.750000000000000000e+02,9.740025142170944505e+00
3.760000000000000000e+02,9.742356212080876432e+00
3.770000000000000000e+02,9.744652019807254817e+00
3.780000000000000000e+02,9.746914093532074830e+00
3.790000000000000000e+02,9.749142972606803070e+00
3.800000000000000000e+02,9.751340548904469330e+00
3.810000000000000000e+02,9.753507110608518715e+00
3.820000000000000000e+02,9.755642944814225004e+00
3.830000000000000000e+02,9.757749812886103769e+00
3.840000000000000000e+02,9.759827506348560888e+00
3.850000000000000000e+02,9.761877044985194374e+00
3.860000000000000000e+02,9.763898709644120544e+00
3.870000000000000000e+02,9.765893025722409249e+00
3.880000000000000000e+02,9.767860271927169435e+00
3.890000000000000000e+02,9.769801584568833519e+00
3.900000000000000000e+02,9.771716381429804699e+00
3.910000000000000000e+02,9.773606164077614622e+00
3.920000000000000000e+02,9.775471206375836886e+00
3.930000000000000000e+02,9.777311291589649400e+00
3.940000000000000000e+02,9.779127794243594352e+00
3.950000000000000000e+02,9.780921352298291183e+00
3.960000000000000000e+02,9.782692113184882743e+00
3.970000000000000000e+02,9.784440712910093652e+00
3.980000000000000000e+02,9.786168030737165680e+00
3.990000000000000000e+02,9.787874700032825004e+00
4.000000000000000000e+02,9.789560620139265978e+00
4.010000000000000000e+02,9.791227399759216965e+00
4.020000000000000000e+02,9.792874936273362252e+00
4.030000000000000000e+02,9.794503615076420644e+00
4.040000000000000000e+02,9.796114674722227633e+00
4.050000000000000000e+02,9.797708010558313418e+00
4.060000000000000000e+02,9.799284980740040396e+00
4.070000000000000000e+02,9.800845357249571066e+00
4.080000000000000000e+02,9.802390008645678776e+00
4.090000000000000000e+02,9.803918949713544606e+00
4.100000000000000000e+02,9.805433656096997908e+00
4.110000000000000000e+02,9.806933775768147399e+00
4.120000000000000000e+02,9.808420052106217923e+00
4.130000000000000000e+02,9.809892497624367991e+00
4.140000000000000000e+02,9.811352705573849420e+00
4.150000000000000000e+02,9.812799835829268957e+00
4.160000000000000000e+02,9.814234993698287113e+00
4.170000000000000000e+02,9.815658675613905260e+00
4.180000000000000000e+02,9.817071134426516466e+00
4.190000000000000000e+02,9.818472379762726021e+00
4.200000000000000000e+02,9.819863756502437369e+00
4.210000000000000000e+02,9.821244302094584100e+00
4.220000000000000000e+02,9.822615481533176762e+00
4.230000000000000000e+02,9.823977545192301264e+00
4.240000000000000000e+02,9.825330258081562462e+00
4.250000000000000000e+02,9.826674112776034420e+00
4.260000000000000000e+02,9.828009843650853838e+00
4.270000000000000000e+02,9.829337457279123669e+00
4.280000000000000000e+02,9.830657565828204270e+00
4.290000000000000000e+02,9.831970054199778986e+00
4.300000000000000000e+02,9.833275533765794663e+00
4.310000000000000000e+02,9.834574010061388094e+00
4.320000000000000000e+02,9.835866214585641032e+00
4.330000000000000000e+02,9.837151789331922913e+00
4.340000000000000000e+02,9.838431586009440011e+00
4.350000000000000000e+02,9.839705367272566505e+00
4.360000000000000000e+02,9.840974104742464590e+00
4.370000000000000000e+02,9.842390062207986290e+00
4.380000000000000000e+02,9.843719719566427884e+00
4.390000000000000000e+02,9.845024983709471655e+00
4.400000000000000000e+02,9.846320363158097777e+00
4.410000000000000000e+02,9.847606952069734021e+00
4.420000000000000000e+02,9.848886205449232989e+00
4.430000000000000000e+02,9.850158732212481283e+00
4.440000000000000000e+02,9.851425140618356835e+00
4.450000000000000000e+02,9.852685435342618092e+00
4.460000000000000000e+02,9.853940464928335530e+00
4.470000000000000000e+02,9.855190835985251141e+00
4.480000000000000000e+02,9.856436431523112773e+00
4.490000000000000000e+02,9.857677736981356631e+00
4.500000000000000000e+02,9.858914996430117483e+00
4.510000000000000000e+02,9.860148694493911847e+00
4.520000000000000000e+02,9.861378713432458198e+00
4.530000000000000000e+02,9.862605176304530374e+00
4.540000000000000000e+02,9.863828446668609473e+00
4.550000000000000000e+02,9.865049128286262459e+00
4.560000000000000000e+02,9.866266501510402520e+00
4.570000000000000000e+02,9.867481530557196123e+00
4.580000000000000000e+02,9.868694337317203136e+00
4.590000000000000000e+02,9.869905404058085807e+00
4.600000000000000000e+02,9.871113891064323909e+00
4.610000000000000000e+02,9.872321121379302511e+00
4.620000000000000000e+02,9.873526495496694366e+00
4.630000000000000000e+02,9.874730855083699410e+00
4.640000000000000000e+02,9.875933840787084250e+00
4.650000000000000000e+02,9.877135453574965140e+00
4.660000000000000000e+02,9.878336414182665948e+00
4.670000000000000000e+02,9.879537082847324569e+00
4.680000000000000000e+02,9.880736980133457692e+00
4.690000000000000000e+02,9.881935986693441976e+00
4.700000000000000000e+02,9.883135421435707002e+00
4.710000000000000000e+02,9.884334445301629302e+00
4.720000000000000000e+02,9.885532938767994438e+00
4.730000000000000000e+02,9.886731500974621056e+00
4.740000000000000000e+02,9.887930850209222911e+00
4.750000000000000000e+02,9.889129788866252824e+00
4.760000000000000000e+02,9.890329274575131890e+00
4.770000000000000000e+02,9.891529187260914568e+00
4.780000000000000000e+02,9.892730005028335327e+00
4.790000000000000000e+02,9.893931129264908364e+00
4.800000000000000000e+02,9.895132679266673392e+00
4.810000000000000000e+02,9.896335132790291311e+00
4.820000000000000000e+02,9.897538728134719577e+00
4.830000000000000000e+02,9.898743464431518646e+00
4.840000000000000000e+02,9.899948624182320245e+00
4.850000000000000000e+02,9.901154923497482940e+00
4.860000000000000000e+02,9.902362839028745256e+00
4.870000000000000000e+02,9.903571534101157425e+00
4.880000000000000000e+02,9.904781724038731028e+00
4.890000000000000000e+02,9.905993049832039432e+00
4.900000000000000000e+02,9.907205868401923965e+00
4.910000000000000000e+02,9.908419940147602745e+00
4.920000000000000000e+02,9.909635502521439321e+00
4.930000000000000000e+02,9.910852554390114477e+00
4.940000000000000000e+02,9.912071452058805576e+00
4.950000000000000000e+02,9.913291955895218166e+00
4.960000000000000000e+02,9.914513945588609545e+00
4.970000000000000000e+02,9.915737896236340276e+00
4.980000000000000000e+02,9.916963568291663478e+00
4.990000000000000000e+02,9.918190841441660410e+00
5.000000000000000000e+02,9.919419952400140517e+00
5.010000000000000000e+02,9.920933018226262945e+00
5.020000000000000000e+02,9.922290340344451565e+00
5.030000000000000000e+02,9.923608064445906152e+00
5.040000000000000000e+02,9.924913436044173309e+00
5.050000000000000000e+02,9.926208722175889676e+00
5.060000000000000000e+02,9.927497493982258447e+00
5.070000000000000000e+02,9.928780468966211359e+00
5.080000000000000000e+02,9.930060619454440740e+00
5.090000000000000000e+02,9.931338184957438031e+00
5.100000000000000000e+02,9.932614116659570058e+00
5.110000000000000000e+02,9.933889602013051601e+00
5.120000000000000000e+02,9.935164759912671784e+00
5.130000000000000000e+02,9.936440420507032911e+00
5.140000000000000000e+02,9.937715990706029956e+00
5.150000000000000000e+02,9.938992418551384489e+00
5.160000000000000000e+02,9.940270295696842950e+00
5.170000000000000000e+02,9.941548910337777656e+00
5.180000000000000000e+02,9.942828972324969428e+00
5.190000000000000000e+02,9.944110954017553183e+00
5.200000000000000000e+02,9.945394025443793140e+00
5.210000000000000000e+02,9.946679250585878762e+00
5.220000000000000000e+02,9.947966391155633303e+00
5.230000000000000000e+02,9.949255209108644138e+00
5.240000000000000000e+02,9.950546767138911619e+00
5.250000000000000000e+02,9.951840353893851798e+00
5.260000000000000000e+02,9.953136204078477434e+00
5.270000000000000000e+02,9.954434670284470599e+00
5.280000000000000000e+02,9.955735868524413945e+00
5.290000000000000000e+02,9.957039442394398421e+00
5.300000000000000000e+02,9.958345389984263107e+00
5.310000000000000000e+02,9.959654653466696317e+00
5.320000000000000000e+02,9.960966522305001902e+00
5.330000000000000000e+02,9.962280876447222155e+00
5.340000000000000000e+02,9.963598421384022075e+00
5.350000000000000000e+02,9.964918918766697331e+00
5.360000000000000000e+02,9.966242366202207492e+00
5.370000000000000000e+02,9.967568996940705972e+00
5.380000000000000000e+02,9.968898808393962696e+00
5.390000000000000000e+02,9.970231562449093587e+00
5.400000000000000000e+02,9.971567138970396371e+00
5.410000000000000000e+02,9.972906006431250248e+00
5.420000000000000000e+02,9.974248515129941595e+00
5.430000000000000000e+02,9.975593838641946931e+00
5.440000000000000000e+02,9.976942680253252149e+00
5.450000000000000000e+02,9.978294801921563817e+00
5.460000000000000000e+02,9.979650200931329707e+00
5.470000000000000000e+02,9.981008757056613945e+00
5.480000000000000000e+02,9.982371289988261509e+00
5.490000000000000000e+02,9.983736974326200553e+00
5.500000000000000000e+02,9.985105807433720670e+00
5.510000000000000000e+02,9.986478725690187019e+00
5.520000000000000000e+02,9.987854786914223126e+00
5.530000000000000000e+02,9.989234340394570921e+00
5.540000000000000000e+02,9.990617852306799662e+00
5.550000000000000000e+02,9.992004615823967484e+00
5.560000000000000000e+02,9.993395214261205695e+00
5.570000000000000000e+02,9.994789409999278007e+00
5.580000000000000000e+02,9.996187434273384298e+00
5.590000000000000000e+02,9.997589400934039361e+00
5.600000000000000000e+02,9.998994487023619371e+00
5.610000000000000000e+02,1.000040432856895301e+01
5.620000000000000000e+02,1.000181716622722128e+01
5.630000000000000000e+02,1.000323405026500367e+01
5.640000000000000000e+02,1.000465474328511917e+01
5.650000000000000000e+02,1.000607959274030812e+01
5.660000000000000000e+02,1.000750812748414020e+01
5.670000000000000000e+02,1.000894046115440794e+01
5.680000000000000000e+02,1.001037729133794407e+01
5.690000000000000000e+02,1.001181767983197801e+01
5.700000000000000000e+02,1.001326232400878702e+01
5.710000000000000000e+02,1.001471122012569914e+01
5.720000000000000000e+02,1.001667015857417553e+01
5.730000000000000000e+02,1.001832917814389567e+01
5.740000000000000000e+02,1.001990428323432880e+01
5.750000000000000000e+02,1.002145185150989803e+01
5.760000000000000000e+02,1.002298006509538553e+01
5.770000000000000000e+02,1.002449686286697883e+01
5.780000000000000000e+02,1.002600819425892809e+01
5.790000000000000000e+02,1.002751697461278191e+01
5.800000000000000000e+02,1.002902448638318056e+01
5.810000000000000000e+02,1.003053305761996761e+01
5.820000000000000000e+02,1.003204291992656749e+01
5.830000000000000000e+02,1.003355488601953560e+01
5.840000000000000000e+02,1.003506953514642852e+01
5.850000000000000000e+02,1.003658721343447979e+01
5.860000000000000000e+02,1.003810768572070700e+01
5.870000000000000000e+02,1.003963199463817979e+01
5.880000000000000000e+02,1.004116036882796870e+01
5.890000000000000000e+02,1.004269222417245899e+01
5.900000000000000000e+02,1.004422813757379096e+01
5.910000000000000000e+02,1.004576903320669068e+01
5.920000000000000000e+02,1.004731363085125828e+01
5.930000000000000000e+02,1.004886297034274989e+01
5.940000000000000000e+02,1.005041646777874575e+01
5.950000000000000000e+02,1.005197493020036070e+01
5.960000000000000000e+02,1.005353846873266299e+01
5.970000000000000000e+02,1.005510638388108013e+01
5.980000000000000000e+02,1.005667959743216677e+01
5.990000000000000000e+02,1.005825787292146067e+01
6.000000000000000000e+02,1.005984097416394540e+01
6.010000000000000000e+02,1.006142924343219569e+01
6.020000000000000000e+02,1.006302267575415321e+01
6.030000000000000000e+02,1.006462149727038558e+01
6.040000000000000000e+02,1.006622558724058969e+01
6.050000000000000000e+02,1.006783505603617890e+01
6.060000000000000000e+02,1.006945001386882943e+01
6.070000000000000000e+02,1.007107010913374623e+01
6.080000000000000000e+02,1.007269602905061490e+01
6.090000000000000000e+02,1.007432742187782893e+01
6.100000000000000000e+02,1.007596462811998705e+01
6.110000000000000000e+02,1.007760764202537551e+01
6.120000000000000000e+02,1.007925599692166507e+01
6.130000000000000000e+02,1.008090957229333817e+01
6.140000000000000000e+02,1.008256985987651433e+01
6.150000000000000000e+02,1.008423489603500833e+01
6.160000000000000000e+02,1.008590651717030973e+01
6.170000000000000000e+02,1.008758448657231810e+01
6.180000000000000000e+02,1.008926787783128454e+01
6.190000000000000000e+02,1.009095703030642355e+01
6.200000000000000000e+02,1.009265274256526723e+01
6.210000000000000000e+02,1.009435374419882159e+01
6.220000000000000000e+02,1.009606186725734034e+01
6.230000000000000000e+02,1.009777572676588520e+01
6.240000000000000000e+02,1.009949566108201324e+01
6.250000000000000000e+02,1.010122235225715848e+01
6.260000000000000000e+02,1.010295487577063689e+01
6.270000000000000000e+02,1.010469368411069979e+01
6.280000000000000000e+02,1.010643957294102968e+01
6.290000000000000000e+02,1.010819150371157171e+01
6.300000000000000000e+02,1.010995061531628636e+01
6.310000000000000000e+02,1.011171529732397900e+01
6.320000000000000000e+02,1.011348714606712385e+01
6.330000000000000000e+02,1.011526558186873359e+01
6.340000000000000000e+02,1.011705082640774123e+01
6.350000000000000000e+02,1.011884310102088946e+01
6.360000000000000000e+02,1.012064136955311255e+01
6.370000000000000000e+02,1.012244631097580161e+01
6.380000000000000000e+02,1.012425928849179435e+01
6.390000000000000000e+02,1.012607892339385529e+01
6.400000000000000000e+02,1.012790634961201341e+01
6.410000000000000000e+02,1.012974030370660117e+01
6.420000000000000000e+02,1.013158032231176264e+01
6.430000000000000000e+02,1.013342867865844177e+01
6.440000000000000000e+02,1.013528365416127386e+01
6.450000000000000000e+02,1.013714695014460077e+01
6.460000000000000000e+02,1.013901696309961409e+01
6.470000000000000000e+02,1.014089379929949075e+01
6.480000000000000000e+02,1.014277938543460067e+01
6.490000000000000000e+02,1.014467155045872815e+01
6.500000000000000000e+02,1.014657278834112830e+01
6.510000000000000000e+02,1.014939785477700340e+01
6.520000000000000000e+02,1.015160618338305554e+01
6.530000000000000000e+02,1.015364403270134375e+01
6.540000000000000000e+02,1.015564236109981522e+01
6.550000000000000000e+02,1.015762038907598708e+01
6.560000000000000000e+02,1.015959356416584392e+01
6.570000000000000000e+02,1.016156676667317527e+01
6.580000000000000000e+02,1.016354418938052717e+01
6.590000000000000000e+02,1.016552684672599938e+01
6.600000000000000000e+02,1.016751563831436123e+01
6.610000000000000000e+02,1.016951055679777660e+01
6.620000000000000000e+02,1.017151227368983157e+01
6.630000000000000000e+02,1.017352145941883101e+01
6.640000000000000000e+02,1.017553855720744238e+01
6.650000000000000000e+02,1.017756378351401914e+01
6.660000000000000000e+02,1.017959611178269519e+01
6.670000000000000000e+02,1.018163790468726582e+01
6.680000000000000000e+02,1.018368790905187637e+01
6.690000000000000000e+02,1.018574713026560730e+01
6.700000000000000000e+02,1.018781465471400693e+01
6.710000000000000000e+02,1.018989182497787560e+01
6.720000000000000000e+02,1.019197806563384212e+01
6.730000000000000000e+02,1.019407370330952212e+01
6.740000000000000000e+02,1.019617883884215104e+01
6.750000000000000000e+02,1.019829346029267469e+01
6.760000000000000000e+02,1.020041811821129052e+01
6.770000000000000000e+02,1.020255190021012481e+01
6.780000000000000000e+02,1.020469569394850495e+01
6.790000000000000000e+02,1.020684858771458714e+01
6.800000000000000000e+02,1.020901225454830730e+01
6.810000000000000000e+02,1.021118589468535021e+01
6.820000000000000000e+02,1.021336960741789568e+01
6.830000000000000000e+02,1.021556337963161099e+01
6.840000000000000000e+02,1.021776809515938922e+01
6.850000000000000000e+02,1.021998351548588779e+01
6.860000000000000000e+02,1.022220929040858550e+01
6.870000000000000000e+02,1.022444574212819468e+01
6.880000000000000000e+02,1.022669308028227064e+01
6.890000000000000000e+02,1.022895106655051123e+01
6.900000000000000000e+02,1.023122002210485881e+01
6.910000000000000000e+02,1.023349959679682186e+01
6.920000000000000000e+02,1.023579044659065396e+01
6.930000000000000000e+02,1.023809322619850271e+01
6.940000000000000000e+02,1.024040680301195749e+01
6.950000000000000000e+02,1.024273127374483927e+01
6.960000000000000000e+02,1.024506762707546770e+01
6.970000000000000000e+02,1.024741662684240850e+01
6.980000000000000000e+02,1.024977602692552736e+01
6.990000000000000000e+02,1.025214792880563763e+01
7.000000000000000000e+02,1.025453131299406806e+01
7.010000000000000000e+02,1.025692683084556833e+01
7.020000000000000000e+02,1.025933413145491535e+01
7.030000000000000000e+02,1.026175419845931991e+01
7.040000000000000000e+02,1.026418634686475073e+01
7.050000000000000000e+02,1.026663055923194356e+01
7.060000000000000000e+02,1.026908759510246227e+01
7.070000000000000000e+02,1.027155688103455233e+01
7.080000000000000000e+02,1.027403995166808492e+01
7.090000000000000000e+02,1.027653456983633617e+01
7.100000000000000000e+02,1.027904260188278585e+01
7.110000000000000000e+02,1.028156325272729710e+01
7.120000000000000000e+02,1.028409749965492459e+01
7.130000000000000000e+02,1.028664476913196246e+01
7.140000000000000000e+02,1.028920548379831779e+01
7.150000000000000000e+02,1.029178161257569712e+01
7.160000000000000000e+02,1.029436948678580777e+01
7.170000000000000000e+02,1.029697118610096318e+01
7.180000000000000000e+02,1.029958646854480442e+01
7.190000000000000000e+02,1.030221597485760832e+01
7.200000000000000000e+02,1.030486045458345501e+01
7.210000000000000000e+02,1.030751845199893424e+01
7.220000000000000000e+02,1.031019159768709770e+01
7.230000000000000000e+02,1.031287777650178228e+01
7.240000000000000000e+02,1.031557927788155915e+01
7.250000000000000000e+02,1.031829651719358232e+01
7.260000000000000000e+02,1.032102848018869778e+01
7.270000000000000000e+02,1.032377536278154118e+01
7.280000000000000000e+02,1.032653648213607767e+01
7.290000000000000000e+02,1.032931258303941924e+01
7.300000000000000000e+02,1.033210660165685013e+01
7.310000000000000000e+02,1.033491390548632793e+01
7.320000000000000000e+02,1.033773732042391380e+01
7.330000000000000000e+02,1.034057824285664040e+01
7.340000000000000000e+02,1.034343259513233093e+01
7.350000000000000000e+02,1.034630407267009922e+01
7.360000000000000000e+02,1.034919297441253860e+01
7.370000000000000000e+02,1.035209763225638291e+01
7.380000000000000000e+02,1.035501932929085456e+01
7.390000000000000000e+02,1.035795803622550615e+01
7.400000000000000000e+02,1.036091296032385500e+01
7.410000000000000000e+02,1.036388483626547519e+01
7.420000000000000000e+02,1.036687603069093910e+01
7.430000000000000000e+02,1.036988139334039438e+01
7.440000000000000000e+02,1.037290557727418694e+01
7.450000000000000000e+02,1.037594963639006984e+01
7.460000000000000000e+02,1.037900810185585776e+01
7.470000000000000000e+02,1.038355306596554861e+01
7.480000000000000000e+02,1.038697987628447095e+01
7.490000000000000000e+02,1.039015904684541525e+01
7.500000000000000000e+02,1.039333345551812471e+01
7.510000000000000000e+02,1.039650895871445258e+01
7.520000000000000000e+02,1.039969745971188253e+01
7.530000000000000000e+02,1.040290044837787953e+01
7.540000000000000000e+02,1.040612027559633290e+01
7.550000000000000000e+02,1.040935853002899947e+01
7.560000000000000000e+02,1.041261258547939583e+01
7.570000000000000000e+02,1.041588597237296909e+01
7.580000000000000000e+02,1.041917746750251439e+01
7.590000000000000000e+02,1.042248886787398732e+01
7.600000000000000000e+02,1.042581755026210999e+01
7.610000000000000000e+02,1.042916746300868169e+01
7.620000000000000000e+02,1.043253652099968320e+01
7.630000000000000000e+02,1.043592769604416404e+01
7.640000000000000000e+02,1.043933858121779146e+01
7.650000000000000000e+02,1.044276988859324717e+01
7.660000000000000000e+02,1.044622318629807545e+01
7.670000000000000000e+02,1.044969907320762381e+01
7.680000000000000000e+02,1.045319675359751876e+01
7.690000000000000000e+02,1.045671629002663572e+01
7.700000000000000000e+02,1.046025710267000441e+01
7.710000000000000000e+02,1.046382246183207521e+01
7.720000000000000000e+02,1.046740889768850735e+01
7.730000000000000000e+02,1.047101924877979329e+01
7.740000000000000000e+02,1.047465197113338320e+01
7.750000000000000000e+02,1.047830840338833980e+01
7.760000000000000000e+02,1.048198902776806563e+01
7.770000000000000000e+02,1.048569464417805008e+01
7.780000000000000000e+02,1.048942168783346673e+01
7.790000000000000000e+02,1.049317393950630972e+01
7.800000000000000000e+02,1.049695208787292877e+01
7.810000000000000000e+02,1.050075437749049279e+01
7.820000000000000000e+02,1.050458149755313286e+01
7.830000000000000000e+02,1.050843424087056022e+01
7.840000000000000000e+02,1.051231138487950112e+01
7.850000000000000000e+02,1.051621340382906311e+01
7.860000000000000000e+02,1.052014320290446037e+01
7.870000000000000000e+02,1.052409902774240891e+01
7.880000000000000000e+02,1.052807997369366788e+01
7.890000000000000000e+02,1.053208883202159818e+01
7.900000000000000000e+02,1.053612300707341376e+01
7.910000000000000000e+02,1.054018265030009616e+01
7.920000000000000000e+02,1.054427096560957011e+01
7.930000000000000000e+02,1.054838735911037340e+01
7.940000000000000000e+02,1.055253218436130958e+01
7.950000000000000000e+02,1.055670495298788047e+01
7.960000000000000000e+02,1.056090601730544698e+01
7.970000000000000000e+02,1.056513551826169639e+01
7.980000000000000000e+02,1.056939359584202265e+01
7.990000000000000000e+02,1.057368049376696284e+01
8.000000000000000000e+02,1.057799676829428570e+01
8.010000000000000000e+02,1.058234276426477294e+01
8.020000000000000000e+02,1.058671830260761482e+01
8.030000000000000000e+02,1.059112372607687469e+01
8.040000000000000000e+02,1.059555916718328383e+01
8.050000000000000000e+02,1.060002559088540863e+01
8.060000000000000000e+02,1.060452312554125598e+01
8.070000000000000000e+02,1.060905221047833358e+01
8.080000000000000000e+02,1.061361349073240490e+01
8.090000000000000000e+02,1.061820729699745947e+01
8.100000000000000000e+02,1.062283094981945020e+01
8.110000000000000000e+02,1.062748644248828533e+01
8.120000000000000000e+02,1.063217545003552189e+01
8.130000000000000000e+02,1.063689715782058620e+01
8.140000000000000000e+02,1.064165106351062207e+01
8.150000000000000000e+02,1.064643790521553512e+01
8.160000000000000000e+02,1.065125913999321838e+01
8.170000000000000000e+02,1.065611498183547212e+01
8.180000000000000000e+02,1.066100389229558409e+01
8.190000000000000000e+02,1.066592629293293015e+01
8.200000000000000000e+02,1.067088558434988244e+01
8.210000000000000000e+02,1.067588094270388943e+01
8.220000000000000000e+02,1.068091082812135539e+01
8.230000000000000000e+02,1.068597667863392076e+01
8.240000000000000000e+02,1.069107644389122669e+01
8.250000000000000000e+02,1.069621104779881016e+01
8.260000000000000000e+02,1.070138437429349665e+01
8.270000000000000000e+02,1.070659538970756230e+01
8.280000000000000000e+02,1.071184112511479114e+01
8.290000000000000000e+02,1.071712412599119268e+01
8.300000000000000000e+02,1.072244601058328328e+01
8.310000000000000000e+02,1.072780574518000840e+01
8.320000000000000000e+02,1.073320077506762971e+01
8.330000000000000000e+02,1.073863444257159649e+01
8.340000000000000000e+02,1.074410804746018044e+01
8.350000000000000000e+02,1.074961872978694188e+01
8.360000000000000000e+02,1.075516697995345616e+01
8.370000000000000000e+02,1.076075672262745719e+01
8.380000000000000000e+02,1.076638449304005363e+01
8.390000000000000000e+02,1.077204694079080660e+01
8.400000000000000000e+02,1.077775241863909628e+01
8.410000000000000000e+02,1.078349665952210046e+01
8.420000000000000000e+02,1.078927843029876499e+01
8.430000000000000000e+02,1.079509961617409353e+01
8.440000000000000000e+02,1.080095898264555210e+01
8.450000000000000000e+02,1.080685940915195253e+01
8.460000000000000000e+02,1.081279645257019695e+01
8.470000000000000000e+02,1.081877368931426275e+01
8.480000000000000000e+02,1.082478758604592173e+01
8.490000000000000000e+02,1.083084091092289469e+01
8.500000000000000000e+02,1.083693173394192932e+01
8.510000000000000000e+02,1.084305992498402027e+01
8.520000000000000000e+02,1.084922326511679991e+01
8.530000000000000000e+02,1.085542669697391460e+01
8.540000000000000000e+02,1.086166204209878039e+01
8.550000000000000000e+02,1.086793681805901457e+01
8.560000000000000000e+02,1.087424365767860834e+01
8.570000000000000000e+02,1.088058719150662412e+01
8.580000000000000000e+02,1.088696442292688538e+01
8.590000000000000000e+02,1.089337207259824680e+01
8.600000000000000000e+02,1.089981337893855695e+01
8.610000000000000000e+02,1.090628339601975583e+01
8.620000000000000000e+02,1.091278506444546359e+01
8.630000000000000000e+02,1.091931561579735899e+01
8.640000000000000000e+02,1.092587121559415131e+01
8.650000000000000000e+02,1.093245725389881962e+01
8.660000000000000000e+02,1.093906637704949070e+01
8.670000000000000000e+02,1.094569703107500125e+01
8.680000000000000000e+02,1.095235274371856882e+01
8.690000000000000000e+02,1.095902864287448786e+01
8.700000000000000000e+02,1.096572163208156780e+01
8.710000000000000000e+02,1.097243290786859049e+01
8.720000000000000000e+02,1.097915880508281283e+01
8.730000000000000000e+02,1.098589781013333067e+01
8.740000000000000000e+02,1.099264715732787501e+01
8.750000000000000000e+02,1.099940709380612169e+01
8.760000000000000000e+02,1.100617322688355593e+01
8.770000000000000000e+02,1.101294456346368733e+01
8.780000000000000000e+02,1.101971818732363140e+01
8.790000000000000000e+02,1.102649350725024213e+01
8.800000000000000000e+02,1.103326454987750793e+01
8.810000000000000000e+02,1.104003324671077024e+01
8.820000000000000000e+02,1.104679566831426740e+01
8.830000000000000000e+02,1.105354914998982174e+01
8.840000000000000000e+02,1.106028979604573692e+01
8.850000000000000000e+02,1.106701936871070835e+01
8.860000000000000000e+02,1.107373169845583760e+01
8.870000000000000000e+02,1.108042541279991511e+01
8.880000000000000000e+02,1.108709962193572629e+01
8.890000000000000000e+02,1.109375001605056177e+01
8.900000000000000000e+02,1.110037430084316767e+01
8.910000000000000000e+02,1.110697171094286340e+01
8.920000000000000000e+02,1.111353920968455355e+01
8.930000000000000000e+02,1.112007566772864031e+01
8.940000000000000000e+02,1.112657806955200002e+01
8.950000000000000000e+02,1.113304303547369578e+01
8.960000000000000000e+02,1.113947050271112893e+01
8.970000000000000000e+02,1.114585918319555979e+01
8.980000000000000000e+02,1.115220440575041927e+01
8.990000000000000000e+02,1.115850819471933519e+01
9.000000000000000000e+02,1.116476683603441877e+01
9.010000000000000000e+02,1.117097747563836663e+01
9.020000000000000000e+02,1.117714148772127025e+01
9.030000000000000000e+02,1.118325499783956545e+01
9.040000000000000000e+02,1.118931910274433861e+01
9.050000000000000000e+02,1.119533265174750092e+01
9.060000000000000000e+02,1.120129169898146770e+01
9.070000000000000000e+02,1.120719855841306156e+01
9.080000000000000000e+02,1.121305031919818518e+01
9.090000000000000000e+02,1.121884752248099382e+01
9.100000000000000000e+02,1.122458912625623562e+01
9.110000000000000000e+02,1.123027297751541376e+01
9.120000000000000000e+02,1.123590128844244695e+01
9.130000000000000000e+02,1.124147135133071451e+01
9.140000000000000000e+02,1.124698509469535246e+01
9.150000000000000000e+02,1.125244009269403023e+01
9.160000000000000000e+02,1.125783743706565154e+01
9.170000000000000000e+02,1.126317516863621293e+01
9.180000000000000000e+02,1.126845585124091897e+01
9.190000000000000000e+02,1.127367853753628779e+01
9.200000000000000000e+02,1.127884265014594156e+01
9.210000000000000000e+02,1.128394908312547606e+01
9.220000000000000000e+02,1.128899615374024101e+01
9.230000000000000000e+02,1.129398612981551153e+01
9.240000000000000000e+02,1.129891879382236475e+01
9.250000000000000000e+02,1.130379346931633755e+01
9.260000000000000000e+02,1.130861140279765920e+01
9.270000000000000000e+02,1.131337337762336581e+01
9.280000000000000000e+02,1.131807807115962383e+01
9.290000000000000000e+02,1.132272699411437422e+01
9.300000000000000000e+02,1.132732110327534869e+01
9.310000000000000000e+02,1.133185952761924753e+01
9.320000000000000000e+02,1.133634376569690794e+01
9.330000000000000000e+02,1.134077385356710366e+01
9.340000000000000000e+02,1.134515055330318134e+01
9.350000000000000000e+02,1.134947453232777903e+01
9.360000000000000000e+02,1.135374554654958779e+01
9.370000000000000000e+02,1.135796407716211043e+01
9.380000000000000000e+02,1.136213078390712994e+01
9.390000000000000000e+02,1.136624632324885020e+01
9.400000000000000000e+02,1.137031171062126234e+01
9.410000000000000000e+02,1.137432741440407113e+01
9.420000000000000000e+02,1.137829426209396644e+01
9.430000000000000000e+02,1.138221199341269063e+01
9.440000000000000000e+02,1.138608161172476230e+01
9.450000000000000000e+02,1.138990366533209730e+01
9.460000000000000000e+02,1.139367824906112325e+01
9.470000000000000000e+02,1.139740671797450666e+01
9.480000000000000000e+02,1.140108898160167250e+01
9.490000000000000000e+02,1.140472575863814875e+01
9.500000000000000000e+02,1.140831740513379700e+01
9.510000000000000000e+02,1.141186454488169311e+01
9.520000000000000000e+02,1.141536842794910633e+01
9.530000000000000000e+02,1.141882895372538975e+01
9.540000000000000000e+02,1.142224691814212001e+01
9.550000000000000000e+02,1.142562257628763689e+01
9.560000000000000000e+02,1.142895662984102145e+01
9.570000000000000000e+02,1.143224933013698852e+01
9.580000000000000000e+02,1.143550110610428305e+01
9.590000000000000000e+02,1.143871256378360002e+01
9.600000000000000000e+02,1.144188511177603296e+01
9.610000000000000000e+02,1.144501818871356136e+01
9.620000000000000000e+02,1.144811275209978696e+01
9.630000000000000000e+02,1.145116922098846679e+01
9.640000000000000000e+02,1.145418810203069349e+01
9.650000000000000000e+02,1.145716998927304431e+01
9.660000000000000000e+02,1.146011467264864159e+01
9.670000000000000000e+02,1.146302301086686448e+01
9.680000000000000000e+02,1.146589594926369138e+01
9.690000000000000000e+02,1.146873354066496731e+01
9.700000000000000000e+02,1.147153601507288556e+01
9.710000000000000000e+02,1.147430431270869100e+01
9.720000000000000000e+02,1.147703794948025902e+01
9.730000000000000000e+02,1.147973875112444730e+01
9.740000000000000000e+02,1.148240614216461886e+01
9.750000000000000000e+02,1.148504052383484186e+01
9.760000000000000000e+02,1.148764229608102738e+01
9.770000000000000000e+02,1.149021265557283655e+01
9.780000000000000000e+02,1.149275128968764648e+01
9.790000000000000000e+02,1.149525841737654375e+01
9.800000000000000000e+02,1.149773540784722314e+01
9.810000000000000000e+02,1.150018203426960461e+01
9.820000000000000000e+02,1.150259833516096641e+01
9.830000000000000000e+02,1.150498487913653456e+01
9.840000000000000000e+02,1.150734241021953963e+01
9.850000000000000000e+02,1.150967096385759625e+01
9.860000000000000000e+02,1.151197084000872906e+01
9.870000000000000000e+02,1.151424251432545098e+01
9.880000000000000000e+02,1.151648637304327316e+01
9.890000000000000000e+02,1.151870297785657904e+01
9.900000000000000000e+02,1.152089209547298587e+01
9.910000000000000000e+02,1.152305455050220928e+01
9.920000000000000000e+02,1.152519063718317227e+01
9.930000000000000000e+02,1.152730038467845830e+01
9.940000000000000000e+02,1.152938435014016783e+01
9.950000000000000000e+02,1.153144291350997896e+01
9.960000000000000000e+02,1.153347601385168275e+01
9.970000000000000000e+02,1.153548446969461239e+01
9.980000000000000000e+02,1.153746804282997473e+01
9.990000000000000000e+02,1.153942763790280424e+01
1.000000000000000000e+03,1.154136301557798205e+01
1.001000000000000000e+03,1.154327490291842295e+01
1.002000000000000000e+03,1.154516332315358618e+01
1.003000000000000000e+03,1.154702838699878242e+01
1.004000000000000000e+03,1.154887125795160507e+01
1.005000000000000000e+03,1.155069090428784051e+01
1.006000000000000000e+03,1.155248866353917592e+01
1.007000000000000000e+03,1.155426411762203998e+01
1.008000000000000000e+03,1.155601790061775525e+01
1.009000000000000000e+03,1.155775011980346356e+01
1.010000000000000000e+03,1.155946140772810793e+01
1.011000000000000000e+03,1.156115134499973074e+01
1.012000000000000000e+03,1.156282100092717968e+01
1.013000000000000000e+03,1.156446995535503319e+01
1.014000000000000000e+03,1.156609918848202945e+01
1.015000000000000000e+03,1.156770819201835643e+01
1.016000000000000000e+03,1.156929750752206409e+01
1.017000000000000000e+03,1.157086715115534048e+01
1.018000000000000000e+03,1.157241801296694206e+01
1.019000000000000000e+03,1.157394949628999470e+01
1.020000000000000000e+03,1.157546222799946101e+01
1.021000000000000000e+03,1.157695665944973662e+01
1.022000000000000000e+03,1.157843289207965398e+01
1.023000000000000000e+03,1.157989111435325746e+01
1.024000000000000000e+03,1.158133116527693574e+01
1.025000000000000000e+03,1.158275375639167848e+01
1.026000000000000000e+03,1.158415898775005282e+01
1.027000000000000000e+03,1.158554687194199495e+01
1.028000000000000000e+03,1.158691794454095714e+01
1.029000000000000000e+03,1.158827213026985881e+01
1.030000000000000000e+03,1.158960987668302955e+01
1.031000000000000000e+03,1.159093102086468718e+01
1.032000000000000000e+03,1.159223618391125932e+01
1.033000000000000000e+03,1.159352563785860291e+01
1.034000000000000000e+03,1.159479887071766058e+01
1.035000000000000000e+03,1.159605667662857975e+01
1.036000000000000000e+03,1.159729906559908841e+01
1.037000000000000000e+03,1.159852630855838029e+01
1.038000000000000000e+03,1.159973841509207659e+01
1.039000000000000000e+03,1.160093600352697507e+01
1.040000000000000000e+03,1.160211873497535073e+01
1.041000000000000000e+03,1.160328679238868865e+01
1.042000000000000000e+03,1.160444096695870009e+01
1.043000000000000000e+03,1.160558074547802576e+01
1.044000000000000000e+03,1.160670683156034144e+01
1.045000000000000000e+03,1.160781888564244646e+01
1.046000000000000000e+03,1.160891743693530209e+01
1.047000000000000000e+03,1.161000257992906093e+01
1.048000000000000000e+03,1.161107423529337801e+01
1.049000000000000000e+03,1.161213301816948018e+01
1.050000000000000000e+03,1.161317893558037895e+01
1.051000000000000000e+03,1.161421182089562087e+01
1.052000000000000000e+03,1.161523220165221737e+01
1.053000000000000000e+03,1.161623991092047703e+01
1.054000000000000000e+03,1.161723556243769195e+01
1.055000000000000000e+03,1.161821881549946944e+01
1.056000000000000000e+03,1.161919002321702798e+01
1.057000000000000000e+03,1.162014936500334450e+01
1.058000000000000000e+03,1.162109728011829368e+01
1.059000000000000000e+03,1.162203334081395312e+01
1.060000000000000000e+03,1.162295789941178903e+01
1.061000000000000000e+03,1.162387148121609926e+01
1.062000000000000000e+03,1.162477348501979257e+01
1.063000000000000000e+03,1.162566460909065569e+01
1.064000000000000000e+03,1.162654494501901326e+01
1.065000000000000000e+03,1.162741441110986429e+01
1.066000000000000000e+03,1.162827335851876676e+01
1.067000000000000000e+03,1.162912161877802752e+01
1.068000000000000000e+03,1.162995971583837829e+01
1.069000000000000000e+03,1.163078748101492543e+01
1.070000000000000000e+03,1.163160500523316898e+01
1.071000000000000000e+03,1.163241237931369909e+01
1.072000000000000000e+03,1.163321012646813024e+01
1.073000000000000000e+03,1.163399807767500782e+01
1.074000000000000000e+03,1.163477640985835215e+01
1.075000000000000000e+03,1.163554529979974639e+01
1.076000000000000000e+03,1.163630466478272929e+01
1.077000000000000000e+03,1.163705468141315258e+01
1.078000000000000000e+03,1.163779569902208344e+01
1.079000000000000000e+03,1.163852763462112350e+01
1.080000000000000000e+03,1.163925040522180510e+01
1.081000000000000000e+03,1.163996453262378949e+01
1.082000000000000000e+03,1.164066976083876526e+01
1.083000000000000000e+03,1.164136652498437741e+01
1.084000000000000000e+03,1.164205474172727861e+01
1.085000000000000000e+03,1.164273441409387466e+01
1.086000000000000000e+03,1.164340589046163821e+01
1.087000000000000000e+03,1.164406917366168237e+01
1.088000000000000000e+03,1.164472435281743934e+01
1.089000000000000000e+03,1.164537160329675380e+01
1.090000000000000000e+03,1.164601066881288638e+01
1.091000000000000000e+03,1.164664224245214186e+01
1.092000000000000000e+03,1.164726589519705513e+01
1.093000000000000000e+03,1.164788180215063207e+01
1.094000000000000000e+03,1.164849048339899085e+01
1.095000000000000000e+03,1.164909159615130108e+01
1.096000000000000000e+03,1.164968514274734446e+01
1.097000000000000000e+03,1.165027164297087126e+01
1.098000000000000000e+03,1.165085092647279552e+01
1.099000000000000000e+03,1.165142299540289095e+01
1.100000000000000000e+03,1.165198845542547268e+01
1.101000000000000000e+03,1.165254653255386508e+01
1.102000000000000000e+03,1.165309800474158664e+01
1.103000000000000000e+03,1.165364278766558215e+01
1.104000000000000000e+03,1.165418071082382490e+01
1.105000000000000000e+03,1.165471220701349608e+01
1.106000000000000000e+03,1.165523745033516967e+01
1.107000000000000000e+03,1.165575575316086798e+01
1.108000000000000000e+03,1.165626789275297170e+01
1.109000000000000000e+03,1.165677404303308151e+01
1.110000000000000000e+03,1.165727351642260956e+01
1.111000000000000000e+03,1.165776726211911907e+01
1.112000000000000000e+03,1.165825485093815317e+01
1.113000000000000000e+03,1.165873654278435545e+01
1.114000000000000000e+03,1.165921225300429676e+01
1.115000000000000000e+03,1.165968215527365182e+01
1.116000000000000000e+03,1.166014642319451866e+01
1.117000000000000000e+03,1.166060488592553135e+01
1.118000000000000000e+03,1.166105788917946917e+01
1.119000000000000000e+03,1.166150526206815385e+01
1.120000000000000000e+03,1.166194735017847250e+01
1.121000000000000000e+03,1.166238389651116769e+01
1.122000000000000000e+03,1.166281490230953644e+01
1.123000000000000000e+03,1.166324062696280350e+01
1.124000000000000000e+03,1.166366132976970782e+01
1.125000000000000000e+03,1.166407675369091024e+01
1.126000000000000000e+03,1.166448707192453149e+01
1.127000000000000000e+03,1.166489271569519026e+01
1.128000000000000000e+03,1.166529308381116437e+01
1.129000000000000000e+03,1.166568869346513182e+01
1.130000000000000000e+03,1.166607954562432248e+01
1.131000000000000000e+03,1.166646546923128014e+01
1.132000000000000000e+03,1.166684680926652007e+01
1.133000000000000000e+03,1.166722339463755453e+01
1.134000000000000000e+03,1.166759522626433210e+01
1.135000000000000000e+03,1.166796290694550464e+01
1.136000000000000000e+03,1.166832574963309810e+01
1.137000000000000000e+03,1.166868418509764460e+01
1.138000000000000000e+03,1.166903838608769561e+01
1.139000000000000000e+03,1.166938783759362508e+01
1.140000000000000000e+03,1.166973331409255543e+01
1.141000000000000000e+03,1.167007455843019059e+01
1.142000000000000000e+03,1.167041165729667718e+01
1.143000000000000000e+03,1.167074478329659115e+01
1.144000000000000000e+03,1.167107367929417983e+01
1.145000000000000000e+03,1.167139860380530791e+01
1.146000000000000000e+03,1.167171955749280876e+01
1.147000000000000000e+03,1.167203662693564858e+01
1.148000000000000000e+03,1.167234964092693517e+01
1.149000000000000000e+03,1.167265911560980030e+01
1.150000000000000000e+03,1.167296453608271278e+01
1.151000000000000000e+03,1.167326624660665857e+01
1.152000000000000000e+03,1.167356433365838875e+01
1.153000000000000000e+03,1.167385845420253432e+01
1.154000000000000000e+03,1.167414946777080864e+01
1.155000000000000000e+03,1.167443643004835607e+01
1.156000000000000000e+03,1.167472028636567138e+01
1.157000000000000000e+03,1.167500052189117987e+01
1.158000000000000000e+03,1.167527756652923898e+01
1.159000000000000000e+03,1.167555090549807950e+01
1.160000000000000000e+03,1.167582105452983221e+01
1.161000000000000000e+03,1.167608784233757646e+01
1.162000000000000000e+03,1.167635144110351142e+01
1.163000000000000000e+03,1.167661185125931311e+01
1.164000000000000000e+03,1.167686890152488743e+01
1.165000000000000000e+03,1.167712302159128690e+01
1.166000000000000000e+03,1.167737404014922475e+01
1.167000000000000000e+03,1.167762187175630295e+01
1.168000000000000000e+03,1.167786651681809218e+01
1.169000000000000000e+03,1.167810857658003698e+01
1.170000000000000000e+03,1.167834745054293499e+01
1.171000000000000000e+03,1.167858348240970301e+01
1.172000000000000000e+03,1.167881632922632740e+01
1.173000000000000000e+03,1.167904650630102381e+01
1.174000000000000000e+03,1.167927384231351873e+01
1.175000000000000000e+03,1.167949850922461152e+01
1.176000000000000000e+03,1.167972007828553416e+01
1.177000000000000000e+03,1.167993932212175601e+01
1.178000000000000000e+03,1.168015555455556864e+01
1.179000000000000000e+03,1.168036954813745787e+01
1.180000000000000000e+03,1.168058053092521931e+01
1.181000000000000000e+03,1.168078927540565637e+01
1.182000000000000000e+03,1.168099526706306435e+01
1.183000000000000000e+03,1.168119876355740949e+01
1.184000000000000000e+03,1.168139976514936151e+01
1.185000000000000000e+03,1.168159852944758192e+01
1.186000000000000000e+03,1.168179479933779774e+01
1.187000000000000000e+03,1.168198857507134747e+01
1.188000000000000000e+03,1.168217994267154047e+01
1.189000000000000000e+03,1.168236915969221812e+01
1.190000000000000000e+03,1.168255579749389028e+01
1.191000000000000000e+03,1.168274028515854468e+01
1.192000000000000000e+03,1.168292245136121998e+01
1.193000000000000000e+03,1.168310255360395544e+01
1.194000000000000000e+03,1.168328050631853010e+01
1.195000000000000000e+03,1.168345613818837592e+01
1.196000000000000000e+03,1.168362962093056368e+01
1.197000000000000000e+03,1.168380078323367677e+01
1.198000000000000000e+03,1.168397013979510746e+01
1.199000000000000000e+03,1.168413734778598645e+01
1.200000000000000000e+03,1.168430240739072978e+01
