Loop,Time,r0-A,r1-A,r2-A,p0-C0,p1-C0,p0-Cpa,p1-Cpa,p0-Cpb,p1-Cpb,r0-E,r1-E,r2-E,r0-Hp,r1-Hp,r2-Hp,p0-K,p1-K,Value,r0-Xi,r1-Xi,r2-Xi,p0-eps,p1-eps,p0-ka,p1-ka,p0-kb,p1-kb,r0-n,r1-n,r2-n,r0-nO2,r1-nO2,r2-nO2,p0-rho,p1-rho,
-1,0,2.37e+12,7.61e+13,9.93e+12,1.0,0.0,1158.9900036154281,1393.505152474254,0.04622161280546488,0.47452459455949747,1.75e+05,1.94e+05,1.69e+05,180761.24372387675,491068.02962639264,386697.63789021765,30028.715050697414,100000000.0,0.0010845497362751563,0.705232795398455,0.4684691824884169,0.3171098160525041,0.8453201845986217,0.94,0.19043752306279413,0.3675214507976797,2.9195613263024832e-05,0.0006625064120640478,0.9583482187234793,1.6053019218504012,3.2983930138669506,0.0,0.0,0.0,1683.0,1235.0,
0,363.5550,2.24e+12,7.32e+13,8.49e+12,1.0,0.0,889.879135836643,1669.1209858758912,0.11804496108185084,0.5329863941311148,1.76e+05,2.04e+05,1.70e+05,216072.1854922629,311499.22609046777,420105.8137251862,20314.842510165527,100000000.0,0.0008706649170629078,0.7483914610537138,0.5152489232265929,0.3045910665335538,0.8234016328691216,0.94,0.2905599488439674,0.13525514184793552,4.816556697669016e-05,0.00046525176920562256,1.0147047591931133,1.5601310068684726,3.1024676977823127,0.0,0.0,0.0,1683.0,1235.0,
1,780.5565,2.24e+12,7.32e+13,8.49e+12,1.0,0.0,889.879135836643,1669.1209858758912,0.11804496108185084,0.5329863941311148,1.76e+05,2.04e+05,1.70e+05,216072.1854922629,311499.22609046777,420105.8137251862,20314.842510165527,100000000.0,0.0008706649170629078,0.7483914610537138,0.5152489232265929,0.3045910665335538,0.8234016328691216,0.94,0.2905599488439674,0.13525514184793552,4.816556697669016e-05,0.00046525176920562256,1.0147047591931133,1.5601310068684726,3.1024676977823127,0.0,0.0,0.0,1683.0,1235.0,
2,1277.5904,2.32e+12,7.66e+13,9.11e+12,1.0,0.0,1065.9253945962141,2331.0415556862918,0.13711695391827639,0.6702264793867796,1.75e+05,2.00e+05,1.70e+05,131134.00503870496,570984.3923336222,410769.02481633273,16173.47671306576,100000000.0,0.0002264497831348392,0.7603294151022515,0.4934111053746013,0.3054820710760551,0.8808798323221869,0.94,0.3500815352952539,0.24411891751079617,3.630051722290341e-05,0.00030529731783263375,0.9922030171947034,1.555682234598325,3.0180707856540137,0.0,0.0,0.0,1683.0,1235.0,
3,1804.3760,2.32e+12,7.66e+13,9.11e+12,1.0,0.0,1065.9253945962141,2331.0415556862918,0.13711695391827639,0.6702264793867796,1.75e+05,2.00e+05,1.70e+05,131134.00503870496,570984.3923336222,410769.02481633273,16173.47671306576,100000000.0,0.0002264497831348392,0.7603294151022515,0.4934111053746013,0.3054820710760551,0.8808798323221869,0.94,0.3500815352952539,0.24411891751079617,3.630051722290341e-05,0.00030529731783263375,0.9922030171947034,1.555682234598325,3.0180707856540137,0.0,0.0,0.0,1683.0,1235.0,
4,2354.6900,2.32e+12,7.66e+13,9.11e+12,1.0,0.0,1065.9253945962141,2331.0415556862918,0.13711695391827639,0.6702264793867796,1.75e+05,2.00e+05,1.70e+05,131134.00503870496,570984.3923336222,410769.02481633273,16173.47671306576,100000000.0,0.0002264497831348392,0.7603294151022515,0.4934111053746013,0.3054820710760551,0.8808798323221869,0.94,0.3500815352952539,0.24411891751079617,3.630051722290341e-05,0.00030529731783263375,0.9922030171947034,1.555682234598325,3.0180707856540137,0.0,0.0,0.0,1683.0,1235.0,
5,2932.9470,2.32e+12,7.66e+13,9.11e+12,1.0,0.0,1065.9253945962141,2331.0415556862918,0.13711695391827639,0.6702264793867796,1.75e+05,2.00e+05,1.70e+05,131134.00503870496,570984.3923336222,410769.02481633273,16173.47671306576,100000000.0,0.0002264497831348392,0.7603294151022515,0.4934111053746013,0.3054820710760551,0.8808798323221869,0.94,0.3500815352952539,0.24411891751079617,3.630051722290341e-05,0.00030529731783263375,0.9922030171947034,1.555682234598325,3.0180707856540137,0.0,0.0,0.0,1683.0,1235.0,
6,3485.1290,2.32e+12,7.66e+13,9.11e+12,1.0,0.0,1065.9253945962141,2331.0415556862918,0.13711695391827639,0.6702264793867796,1.75e+05,2.00e+05,1.70e+05,131134.00503870496,570984.3923336222,410769.02481633273,16173.47671306576,100000000.0,0.0002264497831348392,0.7603294151022515,0.4934111053746013,0.3054820710760551,0.8808798323221869,0.94,0.3500815352952539,0.24411891751079617,3.630051722290341e-05,0.00030529731783263375,0.9922030171947034,1.555682234598325,3.0180707856540137,0.0,0.0,0.0,1683.0,1235.0,
7,4003.2430,2.34e+12,7.51e+13,9.15e+12,1.0,0.0,1063.683954574618,1927.0177275103883,0.0849210789129284,0.5283281519189865,1.79e+05,1.84e+05,1.71e+05,203624.1766019382,315211.020431524,397351.5361966152,20577.984498255675,100000000.0,0.0001862740076330017,0.7501771357471552,0.49373333296903776,0.2987859392655935,0.8524655522536881,0.94,0.30238377316584464,0.1254204194278517,6.393752596043694e-05,0.0004433566670581448,0.9943114798828252,1.5107907429632195,3.013741636089806,0.0,0.0,0.0,1683.0,1235.0,
8,4475.5760,2.34e+12,7.53e+13,9.05e+12,1.0,0.0,1085.628882046996,1893.9628008493505,0.09481356355354364,0.55743541341864,1.82e+05,1.83e+05,1.71e+05,192175.62146588613,315957.6876667313,404795.14897507965,21199.464817801803,100000000.0,0.00011764339959885632,0.7518620542318049,0.48977372327784274,0.30375648799059424,0.8809060956434009,0.94,0.2971978886475821,0.14670674385150945,5.870166808012169e-05,0.0004979179419114001,1.0022298493700847,1.4823345527797176,3.005874142649213,0.0,0.0,0.0,1683.0,1235.0,
9,4995.3970,2.33e+12,7.49e+13,9.04e+12,1.0,0.0,1125.6544271036146,1940.4301424633422,0.09348023805454858,0.5393045580091833,1.81e+05,1.83e+05,1.71e+05,208977.37134690915,296168.88669957814,401470.32818296645,20481.439919662298,100000000.0,0.00010262553331856103,0.7467790745337415,0.4908097818962285,0.3048222062109419,0.9027575500117042,0.94,0.2973982445166069,0.13890684391267138,5.748543210730448e-05,0.0004805022589533535,0.9954422701883114,1.4935817233153186,3.0280562408526333,0.0,0.0,0.0,1683.0,1235.0,
10,5573.0480,2.34e+12,7.49e+13,9.06e+12,1.0,0.0,1112.7622666520765,1955.8299243980068,0.0882207135263686,0.5405332712022353,1.81e+05,1.83e+05,1.71e+05,216824.01095380902,293658.7701035971,397170.8264408796,21202.770092438495,100000000.0,9.92115832486247e-05,0.7435442353253336,0.4916877096563397,0.3021690849816256,0.8954437818425732,0.94,0.2919833027727262,0.13896648065068584,6.4606486017495e-05,0.0004907534861997361,0.9948359602198054,1.486454821843374,3.001035809459217,0.0,0.0,0.0,1683.0,1235.0,
11,6155.4020,2.34e+12,7.50e+13,9.11e+12,1.0,0.0,1100.3282783411014,1953.3869163214,0.09186727957929006,0.5568068244044861,1.80e+05,1.83e+05,1.71e+05,208880.94298062834,306045.52351990796,397482.9928481296,20360.370669450167,100000000.0,7.593523341151438e-05,0.7442416688564283,0.49276685258884995,0.302903532566523,0.8968345761024781,0.94,0.2997694419574821,0.1334232170022526,6.120736100600021e-05,0.0004888768215162089,0.9948035364373607,1.4906701236015438,2.999858637096897,0.0,0.0,0.0,1683.0,1235.0,
12,6748.8450,2.34e+12,7.50e+13,9.10e+12,1.0,0.0,1108.3685213074327,1931.5442752812862,0.08870040023482992,0.5499208155962056,1.80e+05,1.83e+05,1.71e+05,206924.35229331584,308822.1982753103,397735.0984370267,20766.70913070392,100000000.0,6.173468799540223e-05,0.7443527476285658,0.4928354325241119,0.30302004260982957,0.8936791690450043,0.94,0.3035893357384925,0.13838285026435043,6.180700220900103e-05,0.0004817487798160358,0.9949633102764301,1.4896835440835723,3.001815077823877,0.0,0.0,0.0,1683.0,1235.0,
13,7341.4970,2.34e+12,7.51e+13,9.10e+12,1.0,0.0,1104.672711339405,1934.7008294578309,0.09054702811367285,0.5554683994002663,1.80e+05,1.83e+05,1.71e+05,207909.9796258303,307973.967723627,398156.7570485527,20614.000262038237,100000000.0,5.6628794768206204e-05,0.7452666896950757,0.49204161458851914,0.30341498052634713,0.8958453472513089,0.94,0.3027897179998802,0.1382731759846087,6.137249448517093e-05,0.0004848029706724183,0.9958675624297253,1.49023830334191,3.0026136214749863,0.0,0.0,0.0,1683.0,1235.0,
14,7926.2640,2.34e+12,7.51e+13,9.10e+12,1.0,0.0,1103.6525682614406,1941.5928419787556,0.08944139278855358,0.5510410404937487,1.80e+05,1.83e+05,1.71e+05,206544.19164912996,311411.7139483972,397621.6282235984,20684.967412978855,100000000.0,5.408626231770392e-05,0.7454869834292526,0.49259742624415087,0.303234713032275,0.8943013358825904,0.94,0.3011586247165538,0.1387082475351572,6.107658281586005e-05,0.0004881189003972617,0.9949306881557358,1.491375115322302,3.0023138175925146,0.0,0.0,0.0,1683.0,1235.0,
15,8501.1890,2.34e+12,7.51e+13,9.11e+12,1.0,0.0,1102.7094479492098,1923.7954203081467,0.08974920021798755,0.5522088856137248,1.80e+05,1.83e+05,1.71e+05,206084.95686267148,310930.60959829844,397664.834655328,20738.139713509405,100000000.0,5.2990171919628326e-05,0.7450996585187243,0.49286312927720743,0.30316494384956205,0.8942330219044521,0.94,0.3018811199196799,0.138508403844816,6.134640111674158e-05,0.00048281800224866565,0.9945869121798038,1.4914739981377156,3.0034213140174524,0.0,0.0,0.0,1683.0,1235.0,
16,9066.8390,2.34e+12,7.51e+13,9.10e+12,1.0,0.0,1099.8034859387012,1930.743531297534,0.08997788763221219,0.5514385821056134,1.80e+05,1.83e+05,1.71e+05,205134.45498346697,312348.06338275736,397706.37185281364,20826.982823549777,100000000.0,5.2584614880891744e-05,0.7452652422551119,0.49269460587380054,0.30300869869515845,0.8945676643493686,0.94,0.30189616008022724,0.13793581323396925,6.095126238731299e-05,0.00048344427285544747,0.994835631036652,1.4903991444583342,3.001691219311165,0.0,0.0,0.0,1683.0,1235.0,
17,9613.7690,2.34e+12,7.51e+13,9.10e+12,1.0,0.0,1098.9500002469301,1918.765547525931,0.08961376850603373,0.5485710532427712,1.80e+05,1.84e+05,1.71e+05,205604.98392747564,312103.4762971258,398068.3478278542,20806.735222422816,100000000.0,5.217489161887092e-05,0.7456628540357944,0.49250368621496454,0.30317236507282896,0.8943472896654645,0.94,0.30240267857651115,0.1382716741827101,6.057878802499663e-05,0.00048287584515240283,0.9947455798436822,1.4895532415245258,3.000939277297114,0.0,0.0,0.0,1683.0,1235.0,
18,10107.2300,2.34e+12,7.51e+13,9.10e+12,1.0,0.0,1100.4358264852826,1907.9956482426287,0.08945497561892637,0.5499106859470108,1.80e+05,1.84e+05,1.71e+05,205963.98850606082,310851.05622397806,397826.18733592296,20748.125872597666,100000000.0,5.151066984416043e-05,0.745548226974506,0.4929957975389496,0.3029204664087287,0.8945699834982127,0.94,0.30308191775358495,0.1379474944408395,6.127441856869146e-05,0.0004791468606818901,0.9947369839166372,1.490870303598088,3.0018392859913385,0.0,0.0,0.0,1683.0,1235.0,
19,10511.5770,2.34e+12,7.51e+13,9.11e+12,1.0,0.0,1099.4200201783324,1868.074574815463,0.08936899955562769,0.5419105637376186,1.80e+05,1.84e+05,1.71e+05,204151.74335058552,311718.4131247647,397616.34876894567,20751.872365805597,100000000.0,5.0029343485669213e-05,0.7457636124887022,0.4936347794469693,0.3026198283026672,0.8962491054867038,0.94,0.3033518033504807,0.1369200059621899,6.138304315557355e-05,0.0004770346913765528,0.9945188150415976,1.4899976875448981,2.9994508254381183,0.0,0.0,0.0,1683.0,1235.0,
20,10765.4770,2.34e+12,7.49e+13,9.12e+12,1.0,0.0,1097.657843251175,1723.426571438514,0.08867529081889461,0.5202246589044769,1.80e+05,1.84e+05,1.71e+05,199837.4325423286,312078.8727244272,397032.116641391,20803.660198440215,100000000.0,4.621609729716028e-05,0.746396581797515,0.49603955518005444,0.300901495418483,0.8957223199160026,0.94,0.30209339038351146,0.1354035093457242,6.191609420627e-05,0.00045944700672714015,0.9928547762411535,1.487845954108763,2.995033487482856,0.0,0.0,0.0,1683.0,1235.0,
21,11036.6570,2.34e+12,7.47e+13,9.15e+12,1.0,0.0,1094.8475302884722,1517.1651971163826,0.08642174108487322,0.48875655451507405,1.79e+05,1.85e+05,1.71e+05,194175.93143964934,306272.46974377905,396324.3043103949,20631.584284388075,100000000.0,4.022684184392839e-05,0.7469122602797627,0.5000673341309826,0.29872451291326746,0.8992110759469409,0.94,0.30317804349885136,0.12969521813655155,6.343163864064166e-05,0.00042744263258321204,0.9912231004364178,1.4855160423983251,2.9844971671658973,0.0,0.0,0.0,1683.0,1235.0,
22,11348.5180,2.34e+12,7.46e+13,9.18e+12,1.0,0.0,1094.6424801052476,1302.6231649234085,0.08497733292213183,0.4574530951126121,1.79e+05,1.86e+05,1.72e+05,189729.75763147575,305959.364226255,395802.8681509668,20712.88807700791,100000000.0,3.2673312073718745e-05,0.7478986488601341,0.5037378294506074,0.29696899443229496,0.9060800893365081,0.94,0.3024571758047896,0.1255263023507157,6.524335515668127e-05,0.00040579756295559485,0.9886404771292626,1.4791266575561393,2.973088810782987,0.0,0.0,0.0,1683.0,1235.0,
23,11639.6890,2.34e+12,7.42e+13,9.19e+12,1.0,0.0,1088.4318607762634,1042.300798457049,0.08152702887754744,0.42196519102935504,1.79e+05,1.87e+05,1.72e+05,181817.41552992066,301302.43074213626,395445.3294289813,20786.07513631729,100000000.0,2.647376707213138e-05,0.748491055873139,0.508128444881541,0.2942875279871918,0.9058962196021159,0.94,0.3014631012066745,0.12090944550006488,6.824055158935797e-05,0.00036122722952553377,0.9861165233402185,1.4766574256668275,2.9603750652292997,0.0,0.0,0.0,1683.0,1235.0,
24,11971.4840,2.34e+12,7.43e+13,9.21e+12,1.0,0.0,1089.384812394595,997.6003968535481,0.08003435927138344,0.41274892950189357,1.79e+05,1.87e+05,1.72e+05,180184.46269995492,296459.5589709012,395036.6123036959,20708.94373249029,100000000.0,2.4623858468006993e-05,0.7488619606338436,0.5102772318735753,0.29437429651921365,0.9067429760660419,0.94,0.3005769032946593,0.12070360149692216,6.783667803985468e-05,0.0003509133966677128,0.9866982689906336,1.4775689421083726,2.9567048037934596,0.0,0.0,0.0,1683.0,1235.0,
25,12335.4950,2.35e+12,7.42e+13,9.21e+12,1.0,0.0,1086.7043246315925,967.8823711366672,0.08056635813892261,0.407006478104016,1.79e+05,1.88e+05,1.72e+05,178670.72022600455,298353.8459976445,395442.9866632398,20785.81435100769,100000000.0,2.410700238695935e-05,0.7493707128307254,0.5102964913776106,0.29369419566982047,0.9071069924648985,0.94,0.3006933026106973,0.11997864241548623,6.790618365859259e-05,0.0003474221135762541,0.9849065896669893,1.4769558719478186,2.955998745012555,0.0,0.0,0.0,1683.0,1235.0,
26,12677.3020,2.34e+12,7.41e+13,9.21e+12,1.0,0.0,1083.7061174307505,871.0218252616701,0.07944958515418579,0.3907092343844826,1.79e+05,1.88e+05,1.72e+05,173853.07185980421,297417.9496441565,395377.78310486465,20877.120953077956,100000000.0,2.2206528996788143e-05,0.7494038149746115,0.5117061241185351,0.2926211886201301,0.9043928932786462,0.94,0.30120439414099165,0.11696600233063514,6.9012138086044e-05,0.0003330858533754469,0.9854041078780547,1.4746964396141427,2.948401199031973,0.0,0.0,0.0,1683.0,1235.0,
27,13022.5110,2.34e+12,7.41e+13,9.21e+12,1.0,0.0,1083.0470682738505,838.8398291561264,0.07853019914924256,0.3887709317495998,1.79e+05,1.88e+05,1.72e+05,174196.46265805518,294748.7432377285,395086.55425466737,20782.372161024963,100000000.0,2.2001361288852905e-05,0.7496819674293121,0.5127062022514521,0.2923789856955464,0.9059893818833769,0.94,0.300773446632007,0.11446905722700837,6.937313398769571e-05,0.0003298485037593388,0.9855804013792442,1.4753706564937836,2.9471166087980767,0.0,0.0,0.0,1683.0,1235.0,
28,13378.1310,2.34e+12,7.40e+13,9.22e+12,1.0,0.0,1081.5949383970992,792.4562664232911,0.07858819538062128,0.3827130932505639,1.79e+05,1.88e+05,1.72e+05,172710.78330193931,295797.44509376975,395002.39806954167,20825.472290363075,100000000.0,2.1715883155329156e-05,0.7495578094509231,0.5131052898641213,0.29196554107266204,0.9051841019708524,0.94,0.3001263877665581,0.11441332293231152,6.98711194240495e-05,0.00032427330179265996,0.9851747239040536,1.4741648320422334,2.9459918912784926,0.0,0.0,0.0,1683.0,1235.0,
29,13756.5010,2.34e+12,7.41e+13,9.22e+12,1.0,0.0,1082.5801389246058,825.4043466755168,0.07903459288865475,0.3861399997461244,1.79e+05,1.88e+05,1.72e+05,173411.487651285,296531.9496891643,395077.1062357483,20779.76350443389,100000000.0,2.1526407394077827e-05,0.7494392199433222,0.5125169078059175,0.29242448044443564,0.9061068775314363,0.94,0.30032834433462435,0.11523683428122748,6.930970635051338e-05,0.00033084771552352866,0.9852497976257502,1.4742996351278643,2.9476745671312647,0.0,0.0,0.0,1683.0,1235.0,
30,14121.6250,2.34e+12,7.40e+13,9.22e+12,1.0,0.0,1080.7355111339673,799.2203843972591,0.07909211339485457,0.382906608650768,1.79e+05,1.88e+05,1.72e+05,171810.4977589122,295795.0021552037,394922.1359206793,20733.529719377162,100000000.0,2.1219911946968063e-05,0.7493529924338811,0.5127761040131769,0.29210648890177066,0.9060936632605898,0.94,0.30041264929501177,0.11462954102134648,7.000987278066327e-05,0.0003247478214084456,0.9844931772736105,1.4740982900071828,2.9455386048250043,0.0,0.0,0.0,1683.0,1235.0,
31,14451.7160,2.34e+12,7.40e+13,9.22e+12,1.0,0.0,1082.3927780575677,830.9809349688585,0.07898107938262591,0.3880400854608392,1.79e+05,1.88e+05,1.72e+05,174191.56690706077,293797.22144731076,394796.24539264117,20648.500234710227,100000000.0,2.0885802460780842e-05,0.7494528255302266,0.512965021745263,0.2924485396015431,0.9077354337078642,0.94,0.30014640644890467,0.11474297707316003,6.978874185890286e-05,0.0003299125839017472,0.9853548455774446,1.4747591369945001,2.9468915092570516,0.0,0.0,0.0,1683.0,1235.0,
32,14732.4800,2.34e+12,7.40e+13,9.23e+12,1.0,0.0,1081.0965325689633,780.7258394867475,0.07882053960689844,0.37934792813224594,1.79e+05,1.89e+05,1.73e+05,172532.98664148344,291097.13551595807,394390.953367678,20469.425107789884,100000000.0,2.0530898722554816e-05,0.7495821981484316,0.5143029532552565,0.29198341520681126,0.9095424937412828,0.94,0.3000842383139415,0.1129086850867341,7.0391948810562e-05,0.00032299852680821154,0.9852048660811035,1.4733595729641853,2.943839893115472,0.0,0.0,0.0,1683.0,1235.0,
33,15008.8980,2.34e+12,7.39e+13,9.24e+12,1.0,0.0,1080.2464560595806,790.3796711816312,0.07931031331023808,0.3819002238781054,1.79e+05,1.89e+05,1.73e+05,174227.5006307182,286054.68278352125,393882.1063872869,20087.803015925427,100000000.0,1.9749116806035537e-05,0.749111917263915,0.5150248897844966,0.29207903732109747,0.9126309913458919,0.94,0.29915923571366887,0.11191719523066138,7.127533930739557e-05,0.00032381174297899394,0.9854223618388133,1.4729559929733855,2.942139940232793,0.0,0.0,0.0,1683.0,1235.0,
34,15279.8900,2.35e+12,7.38e+13,9.25e+12,1.0,0.0,1077.785557123047,828.5618655909072,0.0802135455121526,0.3872389776598659,1.80e+05,1.89e+05,1.73e+05,176284.74150914652,278753.5790826862,393074.6819892965,19658.95118641037,100000000.0,1.8476266492041078e-05,0.7490094349548164,0.5157139749966673,0.2921812390815334,0.9145354788187449,0.94,0.2983231054291714,0.10892498696745331,7.228863447304644e-05,0.000325729063775377,0.9871465193613509,1.4727373402405264,2.943597276183347,0.0,0.0,0.0,1683.0,1235.0,
35,15559.5200,2.35e+12,7.37e+13,9.28e+12,1.0,0.0,1074.342385218872,797.7078850933456,0.08030630546400783,0.3823637695936833,1.80e+05,1.90e+05,1.73e+05,174326.32266457187,273914.5777379953,392413.36653278396,19600.650598641216,100000000.0,1.767485013760662e-05,0.7485004934395579,0.5173694387795271,0.2914946684665621,0.9141334076997737,0.94,0.29749269978026494,0.10792472021863748,7.390832925702804e-05,0.000316797250716697,0.9879240126967306,1.4726242528180071,2.9374575397176046,0.0,0.0,0.0,1683.0,1235.0,
36,15867.7600,2.35e+12,7.36e+13,9.28e+12,1.0,0.0,1073.2294790477372,816.3115334547413,0.08147954647917878,0.38639939171831217,1.80e+05,1.90e+05,1.73e+05,175434.83058073046,270361.37017905025,391863.6113770805,19362.693477827317,100000000.0,1.714207543243547e-05,0.7488799687430745,0.5174782343344205,0.29161799749766804,0.9154911573343018,0.94,0.297165215137942,0.1060455217925564,7.490955128338451e-05,0.00031733014895895986,0.9894969174558628,1.4710929373872845,2.9387364618177667,0.0,0.0,0.0,1683.0,1235.0,
37,16191.0520,2.35e+12,7.36e+13,9.30e+12,1.0,0.0,1072.2051433702975,790.3901823015617,0.08160691107575405,0.3813493602407365,1.80e+05,1.90e+05,1.73e+05,173852.64216858128,268417.11803636013,391527.26590558444,19285.316481324004,100000000.0,1.6871025245326383e-05,0.747997157702357,0.5181929248640904,0.29097173163802925,0.9164984831190864,0.94,0.29658411888800223,0.10504862854200143,7.557580913811074e-05,0.00031316263214440206,0.9893588450327176,1.472164566072292,2.934456440998205,0.0,0.0,0.0,1683.0,1235.0,
38,16499.2310,2.35e+12,7.35e+13,9.31e+12,1.0,0.0,1070.4374694759204,791.9644514899699,0.08237586040132944,0.38389410162865456,1.80e+05,1.90e+05,1.74e+05,173308.38880283714,263632.2514138287,391058.07807954226,18995.436408087953,100000000.0,1.6365626206271553e-05,0.7479940794138025,0.518643778892362,0.29086637182033936,0.918474716604867,0.94,0.2956933767265336,0.10313009153485846,7.654301650786693e-05,0.0003123322798229658,0.9908107585297954,1.4704317655238621,2.9310263234257405,0.0,0.0,0.0,1683.0,1235.0,
39,16796.3400,2.35e+12,7.35e+13,9.33e+12,1.0,0.0,1069.087072402695,746.0698462243028,0.08296416338739697,0.3828828974318469,1.80e+05,1.90e+05,1.74e+05,170665.55753408017,263678.1512036335,391040.21075736807,19219.670224720314,100000000.0,1.5548337712728622e-05,0.7463973757083882,0.5181676202065588,0.29030914361257754,0.9186521766228337,0.94,0.2952917525639789,0.10265550538026348,7.758613241927952e-05,0.00030595642733456023,0.9903915702663739,1.4699551745403903,2.9237847875727847,0.0,0.0,0.0,1683.0,1235.0,
40,17078.0220,2.35e+12,7.34e+13,9.35e+12,1.0,0.0,1067.2845367685568,715.7303515488668,0.08454388991236181,0.38113305954916643,1.80e+05,1.90e+05,1.74e+05,166908.75384506688,261815.4512263771,390984.3278829695,19212.69963220517,100000000.0,1.4756982480584865e-05,0.7441463039747327,0.5173003729794047,0.28985995685967525,0.9212902520336059,0.94,0.29446242991684063,0.09977016648422983,7.94171463829332e-05,0.0003031811425084831,0.9920841973355503,1.4686344029885365,2.9165906805410677,0.0,0.0,0.0,1683.0,1235.0,
41,17385.4080,2.35e+12,7.34e+13,9.34e+12,1.0,0.0,1068.02481772199,771.7536044417589,0.08482472628999675,0.39182502916959017,1.81e+05,1.90e+05,1.74e+05,168138.43131040555,258136.72432640172,391047.77622683125,18771.240749677927,100000000.0,1.4550590377706315e-05,0.7454052163018845,0.5167745882397321,0.2902409331421414,0.9242911885059426,0.94,0.2945236688348344,0.09952409401606177,7.950836681520406e-05,0.0003104433975276926,0.9927089015183299,1.4680404532174811,2.9193638786426535,0.0,0.0,0.0,1683.0,1235.0,
42,17696.5880,2.35e+12,7.33e+13,9.35e+12,1.0,0.0,1065.1850325211594,736.1425726073355,0.08523575120009214,0.39403769332048444,1.81e+05,1.90e+05,1.74e+05,166282.64244705078,255853.10291986284,391034.5892502191,18811.4332910185,100000000.0,1.3693156129799387e-05,0.7437098565855925,0.5164578478126,0.289760587295674,0.9242358240900514,0.94,0.29394370020759986,0.09809663381449032,8.018480129185233e-05,0.0003034721460029659,0.9944944621699898,1.466712950424315,2.910268792751718,0.0,0.0,0.0,1683.0,1235.0,
43,17987.3970,2.35e+12,7.34e+13,9.37e+12,1.0,0.0,1065.7889196014223,742.4673852380488,0.08635255659119616,0.4022570838999004,1.81e+05,1.90e+05,1.74e+05,163742.95027502134,262569.8635451371,391839.43560645496,19298.25182740352,100000000.0,1.2382843619184185e-05,0.7412754752495807,0.5129496364694784,0.28982593994696826,0.9231658041189226,0.94,0.2946035475246371,0.0988362247403988,8.029007110240148e-05,0.00030563069756809626,0.9941039830873282,1.4669075830629903,2.904698741398126,0.0,0.0,0.0,1683.0,1235.0,
44,18283.2740,2.35e+12,7.34e+13,9.37e+12,1.0,0.0,1065.9148433683145,753.9135769821661,0.08652950727850109,0.4034730104465245,1.81e+05,1.90e+05,1.74e+05,163232.33432540347,262027.01928212983,392139.18056702847,19413.160333146414,100000000.0,1.1858944768673976e-05,0.7412077425790865,0.5123821647017672,0.2897960753961112,0.9230613509997336,0.94,0.29417689341978104,0.09856955678359935,8.091670316020584e-05,0.0003059051799553007,0.9945999075848077,1.4692864434383281,2.9062756524521793,0.0,0.0,0.0,1683.0,1235.0,
45,18608.3070,2.35e+12,7.36e+13,9.38e+12,1.0,0.0,1066.2890371114659,762.7558663101597,0.08678619060321194,0.40855798272050226,1.81e+05,1.89e+05,1.74e+05,160391.26524774026,264862.37214704434,392619.23358315224,19399.623233708546,100000000.0,1.1605054545129328e-05,0.739570861387332,0.5107698352618872,0.28979155096465026,0.9222136861464176,0.94,0.2951244604706885,0.09827546038818803,7.97060693696326e-05,0.0003077263969954562,0.9949511497679954,1.4709237984566652,2.897270251179902,0.0,0.0,0.0,1683.0,1235.0,
46,18973.9020,2.35e+12,7.36e+13,9.38e+12,1.0,0.0,1066.1438223308514,774.1121277081029,0.0874336853935526,0.4086088071406832,1.81e+05,1.89e+05,1.74e+05,160852.67390353995,264493.8034743505,392556.86338315957,19367.866030825455,100000000.0,1.15514427239313e-05,0.7399290195542494,0.5109188974573287,0.2899937853958735,0.9225766211022406,0.94,0.2948518194583165,0.098758040658802,8.001878909257333e-05,0.0003084443745489322,0.9953330178652287,1.4695093918653945,2.8993701849281415,0.0,0.0,0.0,1683.0,1235.0,
47,19366.4210,2.35e+12,7.35e+13,9.39e+12,1.0,0.0,1066.159124544773,776.4222897110246,0.08803728203249167,0.41268485660889564,1.81e+05,1.89e+05,1.74e+05,159679.73383953646,262616.9690698167,392406.5981374108,19329.004064301596,100000000.0,1.1436171487944135e-05,0.7389597528780352,0.5107521094666054,0.29014848792764125,0.9246798169757888,0.94,0.29478288817218323,0.09879892087147912,8.060465890675216e-05,0.00030799039487448626,0.9959211212545069,1.4716531762909324,2.895329748646928,0.0,0.0,0.0,1683.0,1235.0,
48,19740.8440,2.35e+12,7.36e+13,9.40e+12,1.0,0.0,1065.4149111937231,773.5635728178802,0.08806523400481259,0.4101865238022497,1.81e+05,1.89e+05,1.74e+05,160703.31770611016,261895.6963832862,392391.94613940956,19204.50158571556,100000000.0,1.137843108091076e-05,0.7388062536585878,0.510877759976585,0.28996900631169564,0.9244908580529313,0.94,0.29456081809894064,0.0976576470390906,8.059004181024892e-05,0.00030819044317794656,0.995887623223617,1.4697485576932483,2.8935262240319637,0.0,0.0,0.0,1683.0,1235.0,
49,20110.7560,2.35e+12,7.35e+13,9.39e+12,1.0,0.0,1065.8796332971722,772.3891502293934,0.08755032286802863,0.41024147929172694,1.81e+05,1.89e+05,1.74e+05,161059.51166366722,262657.6597274196,392352.18569879595,19245.65676317346,100000000.0,1.1342156766805147e-05,0.739359272990026,0.5110566074195337,0.2900245989144489,0.9237264357503631,0.94,0.2947115886077599,0.09784509005979303,8.030253774802426e-05,0.0003085442478228431,0.9953673973766939,1.469869380333276,2.896863231476427,0.0,0.0,0.0,1683.0,1235.0,
50,20475.7480,2.35e+12,7.35e+13,9.39e+12,1.0,0.0,1065.566419903349,773.1928044407624,0.08770942528690011,0.4090841515021798,1.81e+05,1.89e+05,1.74e+05,160676.6188863239,262142.38051989075,392338.33745522314,19243.88125732031,100000000.0,1.1327987095117365e-05,0.7394943324544658,0.5112835503720415,0.28998184374103675,0.9238773904518696,0.94,0.29460974757345954,0.09757928764445858,8.03389561067391e-05,0.0003086950120968153,0.9957199299301575,1.4700895468646367,2.8968931726352714,0.0,0.0,0.0,1683.0,1235.0,
51,20842.9950,2.35e+12,7.36e+13,9.39e+12,1.0,0.0,1065.8683234426412,774.5354267563434,0.0875579681131383,0.41094757523730463,1.81e+05,1.90e+05,1.74e+05,161223.16372726992,261832.54012248619,392264.86358414986,19130.26443934467,100000000.0,1.1320845431510054e-05,0.7395122536833915,0.5113466378066995,0.2901009669837348,0.9242838285417878,0.94,0.2946933011260974,0.0979051745397157,8.026855158381732e-05,0.0003086847278864422,0.9952581384219783,1.4697343938602812,2.896008903345263,0.0,0.0,0.0,1683.0,1235.0,
52,21197.1550,2.35e+12,7.35e+13,9.39e+12,1.0,0.0,1065.6542672347873,773.771167415535,0.08782779603159446,0.410851129781512,1.81e+05,1.89e+05,1.74e+05,160944.99556147467,261982.67682787555,392339.65186138975,19156.92008318923,100000000.0,1.1311953079178242e-05,0.7391847617695237,0.511064430864459,0.29006415426190446,0.9242756505181231,0.94,0.29462886131672317,0.09746809868277156,8.034814800682552e-05,0.0003088680081745045,0.995691424425083,1.4695104226851057,2.8949501620510993,0.0,0.0,0.0,1683.0,1235.0,
53,21558.5070,2.35e+12,7.35e+13,9.39e+12,1.0,0.0,1065.574022215938,774.148420206981,0.08780375182698502,0.41023564941541113,1.81e+05,1.89e+05,1.74e+05,160916.9274512601,261673.63295216748,392323.1101211703,19185.54786416403,100000000.0,1.130717073560734e-05,0.739352353265444,0.5111709066340948,0.29001030555935975,0.9243609087940106,0.94,0.2945915575695677,0.09750242752377006,8.035048172273179e-05,0.0003087116055180924,0.9957998047492194,1.4698000268172766,2.8958792704791354,0.0,0.0,0.0,1683.0,1235.0,
54,21911.9590,2.35e+12,7.35e+13,9.39e+12,1.0,0.0,1065.8016674587036,775.6733570025797,0.08763674131430746,0.41065769152034115,1.81e+05,1.89e+05,1.74e+05,161266.13200672605,261186.44828333,392362.2837084964,19104.909420926568,100000000.0,1.1299992920974743e-05,0.7395798861048974,0.5113347913879747,0.29010200224615734,0.9245407828707419,0.94,0.2947044591846296,0.09710410235648789,8.014372216335136e-05,0.00030950709315352904,0.9958606239247394,1.4696201644410087,2.8960039688964088,0.0,0.0,0.0,1683.0,1235.0,
55,22250.3550,2.35e+12,7.35e+13,9.39e+12,1.0,0.0,1065.687563557477,774.1123714689736,0.08771917863990566,0.4105445150734713,1.81e+05,1.89e+05,1.74e+05,160895.5935049721,261149.522936837,392408.60042147676,19096.742469189317,100000000.0,1.1290731940619757e-05,0.7395108901442604,0.5112450867278467,0.290038195051012,0.9245640835211821,0.94,0.29469869174658025,0.09677248489975013,8.006289347601784e-05,0.00030949315447217603,0.9961569779534252,1.4697211300762132,2.8951495494683774,0.0,0.0,0.0,1683.0,1235.0,
56,22563.0480,2.35e+12,7.35e+13,9.39e+12,1.0,0.0,1065.7962251164167,778.5202998870518,0.08737503894810618,0.4121712858101674,1.81e+05,1.89e+05,1.74e+05,161409.01936763665,260364.76364844368,392588.1678038156,18970.782153531538,100000000.0,1.1277211272387833e-05,0.7397966823849984,0.511362554143318,0.2901444203082308,0.9244928850808889,0.94,0.2948644036207287,0.09618515438124575,7.958866012206882e-05,0.0003105063876226383,0.9964371008583194,1.4693366547284215,2.894462002559303,0.0,0.0,0.0,1683.0,1235.0,
57,22864.7320,2.35e+12,7.35e+13,9.39e+12,1.0,0.0,1065.8169813504849,780.4133675108881,0.08735726758626551,0.4125484082123567,1.81e+05,1.89e+05,1.74e+05,161452.1050614777,259983.48587848427,392687.7451820986,18945.87558470085,100000000.0,1.1271676372130305e-05,0.7397536049498752,0.5113642558992477,0.29019492233046656,0.9246045674144643,0.94,0.2949321456477134,0.09575641410812147,7.93968939747231e-05,0.00031118642529711396,0.9968579024370571,1.469556763043538,2.893817250022617,0.0,0.0,0.0,1683.0,1235.0,
58,23170.8370,2.35e+12,7.35e+13,9.39e+12,1.0,0.0,1065.8633821184326,781.3018261695634,0.08714043924764311,0.411984948096254,1.81e+05,1.89e+05,1.74e+05,161840.12319463558,259551.89207794517,392823.4341308322,18903.19368270169,100000000.0,1.1263472921104035e-05,0.7399395877628329,0.5114416263250259,0.2901773354973449,0.9245659053652793,0.94,0.29505920291744664,0.09489970539818063,7.907297270543713e-05,0.00031224493174524177,0.997199829147494,1.469421412280337,2.8941283980053036,0.0,0.0,0.0,1683.0,1235.0,
59,23458.3380,2.35e+12,7.35e+13,9.39e+12,1.0,0.0,1065.9813232116476,785.352802711541,0.08713096852595814,0.413357718661026,1.81e+05,1.89e+05,1.74e+05,162062.94619576557,259251.35544252332,392962.9008443154,18845.531751337563,100000000.0,1.124876249558172e-05,0.7401919262597028,0.5114275658071777,0.2902614832492895,0.9246049259817319,0.94,0.29520118658128025,0.09481274834574145,7.887943905712005e-05,0.0003129094919958657,0.9974557708949339,1.4692702267504183,2.8942338247081496,0.0,0.0,0.0,1683.0,1235.0,
60,23720.1640,2.35e+12,7.34e+13,9.40e+12,1.0,0.0,1066.1020221087174,786.0992890436039,0.08642925252031895,0.4145493795918054,1.81e+05,1.89e+05,1.74e+05,163862.72506570385,257006.33198918536,393297.0266049369,18624.514361726768,100000000.0,1.1196540367630178e-05,0.7404175801871702,0.5120221546343338,0.2905142430600727,0.9248027814976661,0.94,0.2955327634896563,0.0931587482065003,7.81545667028304e-05,0.00031458718452940365,0.9980607619309896,1.4684741891201667,2.893129918827706,0.0,0.0,0.0,1683.0,1235.0,
61,24028.8360,2.35e+12,7.34e+13,9.40e+12,1.0,0.0,1066.2640460347327,787.583813639759,0.08641792164444052,0.41500815755722203,1.81e+05,1.89e+05,1.75e+05,164375.4892568371,256674.07972448954,393463.0718499105,18535.569929509387,100000000.0,1.1159011496179117e-05,0.7404664688723639,0.5120081003700563,0.290666308599592,0.9249541900657794,0.94,0.2957805699598418,0.09216712990897186,7.788205215547738e-05,0.00031612938328398556,0.9986349346746247,1.4681095939480349,2.892542991798922,0.0,0.0,0.0,1683.0,1235.0,
62,24341.7220,2.35e+12,7.34e+13,9.40e+12,1.0,0.0,1066.224274172578,783.8456949507711,0.08615100673377771,0.41459500321097564,1.81e+05,1.89e+05,1.75e+05,164527.86251196777,256423.38210365898,393502.48585129145,18488.768303653287,100000000.0,1.1115619550977259e-05,0.7404137569893228,0.5120960955718314,0.29058982426916474,0.9248752866806835,0.94,0.29579869121093233,0.0918293878294557,7.794183134380435e-05,0.00031574472909947065,0.99863705580722,1.4677958972882252,2.892398013012827,0.0,0.0,0.0,1683.0,1235.0,
63,24618.6090,2.35e+12,7.33e+13,9.41e+12,1.0,0.0,1066.797485608693,788.8704858549215,0.08541562303889746,0.41649739034169847,1.81e+05,1.89e+05,1.75e+05,166486.21248727327,254359.73701975436,394093.0346223903,18194.06863569651,100000000.0,1.1053120401233907e-05,0.7411041113990853,0.5126016073080135,0.29095800329293575,0.9251860547069926,0.94,0.2965545043109278,0.08944303088440476,7.683607932395189e-05,0.0003194562776426785,0.9997578563109227,1.4667957870372637,2.8919500688512385,0.0,0.0,0.0,1683.0,1235.0,
64,24929.5920,2.34e+12,7.33e+13,9.41e+12,1.0,0.0,1066.8690966909808,792.1699798949775,0.08547276664278904,0.4157917248599181,1.81e+05,1.89e+05,1.75e+05,166124.80688692222,253863.17891310196,394190.2071305999,18110.23432314601,100000000.0,1.1006056774821465e-05,0.7412102739668858,0.5127846312637135,0.29102324056143986,0.92516302150249,0.94,0.29671590857783686,0.08847304284246527,7.639417688483697e-05,0.00032070963741909534,1.0003957959159906,1.4670552338323677,2.8911119917423935,0.0,0.0,0.0,1683.0,1235.0,
65,25269.9000,2.34e+12,7.33e+13,9.42e+12,1.0,0.0,1066.8168105526047,791.2862238986495,0.08513983119463656,0.4179067738108436,1.81e+05,1.89e+05,1.75e+05,166526.70088795392,252985.45893151232,394342.84811540635,18045.699809191196,100000000.0,1.1002095483694936e-05,0.741152159635988,0.5128758723315747,0.2911132505416318,0.9253104235721005,0.94,0.29676917480711,0.08820966799649521,7.633471634154438e-05,0.000320533814673761,1.0006605573183602,1.4671007512411687,2.890212817182579,0.0,0.0,0.0,1683.0,1235.0,
66,25630.8930,2.35e+12,7.33e+13,9.42e+12,1.0,0.0,1066.9708365672955,791.3387475676373,0.08497509196039296,0.41818379924220367,1.81e+05,1.89e+05,1.75e+05,167434.42397577805,252408.85124232544,394391.5957090331,18003.699630820185,100000000.0,1.0983662659229338e-05,0.7413201777118681,0.5130762737154658,0.2912268848966035,0.9252747814824954,0.94,0.2968571599910462,0.08739539065191947,7.597070653637413e-05,0.0003216301988424145,1.0007985202240963,1.4670306112722455,2.8903982558520314,0.0,0.0,0.0,1683.0,1235.0,
67,25985.8840,2.34e+12,7.33e+13,9.42e+12,1.0,0.0,1066.9051248672279,796.8166444654639,0.08503518840145052,0.419232037702741,1.81e+05,1.89e+05,1.75e+05,166983.978882386,252613.78137180413,394526.61665398395,17991.086626713462,100000000.0,1.096713889084075e-05,0.7412017960380758,0.5128787574926128,0.2912615670336176,0.9249259935241856,0.94,0.2969894454261768,0.08698840651944469,7.573205437651887e-05,0.0003226499887699848,1.0011015684456002,1.4674326219275433,2.8894512430518677,0.0,0.0,0.0,1683.0,1235.0,
68,26289.3150,2.34e+12,7.33e+13,9.42e+12,1.0,0.0,1066.834875367888,798.2613359650023,0.08506915499223316,0.4202820618454583,1.81e+05,1.89e+05,1.75e+05,166702.91518958274,251562.42739286978,394725.990352091,17841.756070877527,100000000.0,1.09474198682802e-05,0.7412440164429859,0.5129099403079491,0.29132347984361473,0.9253122769901649,0.94,0.29713474170457865,0.08614341064891679,7.533290111631662e-05,0.00032315865547229454,1.0019920616094997,1.4674079726082736,2.8872300691625306,0.0,0.0,0.0,1683.0,1235.0,
69,26590.5110,2.34e+12,7.33e+13,9.43e+12,1.0,0.0,1066.945562296533,801.2184819354082,0.08491857250762927,0.4216381507779329,1.81e+05,1.89e+05,1.75e+05,167090.95945119864,250997.48135518626,394877.3991965818,17809.406454192485,100000000.0,1.0915932438682923e-05,0.7409564696256288,0.5128995006738493,0.2914489314661385,0.9254598453739877,0.94,0.2972464560561019,0.08551782252333465,7.522395531432501e-05,0.0003241537188205819,1.0021796741848958,1.4678692678265635,2.886859526823118,0.0,0.0,0.0,1683.0,1235.0,
70,26880.6860,2.34e+12,7.32e+13,9.43e+12,1.0,0.0,1067.248780304999,802.836183512958,0.08472636003405487,0.4224121892132764,1.81e+05,1.89e+05,1.75e+05,167722.61990142654,250436.44623484203,395306.30708728614,17662.141006037527,100000000.0,1.0899482364796218e-05,0.741190029166106,0.5129856509039095,0.29163587818364467,0.9251746917831523,0.94,0.29777726974383223,0.08356170030179016,7.429517812927573e-05,0.00032704032938094083,1.0034600107342924,1.4677506146235073,2.8853559707281558,0.0,0.0,0.0,1683.0,1235.0,
71,27180.4740,2.34e+12,7.32e+13,9.44e+12,1.0,0.0,1067.311377019493,805.780295373457,0.08425499801512312,0.42322763540497527,1.81e+05,1.89e+05,1.75e+05,168873.95683424646,249378.96027565835,395502.04038626485,17587.096119967282,100000000.0,1.0868551351726578e-05,0.7410409749686253,0.5131813119034461,0.29174008116822625,0.9252529294288472,0.94,0.2979376360497709,0.08266223259240489,7.394443089167203e-05,0.00032843915791332936,1.0034716733031734,1.4678924570505454,2.8851735074514284,0.0,0.0,0.0,1683.0,1235.0,
72,27480.2580,2.34e+12,7.31e+13,9.45e+12,1.0,0.0,1067.5464746681012,813.7320910852711,0.0836928393131885,0.42550900331175157,1.82e+05,1.89e+05,1.75e+05,170573.26977334125,245893.9604691944,396475.78333211015,17220.55607307434,100000000.0,1.0774474141600116e-05,0.7410663359224081,0.5136301598406748,0.2922022609046287,0.925660637177038,0.94,0.29880336213282954,0.07922150480935546,7.23178743314149e-05,0.00033246672440994014,1.0062632297858527,1.468632819397567,2.8815479046183032,0.0,0.0,0.0,1683.0,1235.0,
73,27782.4010,2.34e+12,7.30e+13,9.46e+12,1.0,0.0,1067.8214343371542,818.5307811794767,0.08348264573141811,0.4268630739537459,1.82e+05,1.89e+05,1.75e+05,170782.44486230586,244409.18873419467,396829.2111184853,16929.586701893968,100000000.0,1.0764856175173365e-05,0.7410376725705473,0.5137751369416268,0.29236854231246096,0.9258678131521043,0.94,0.29939209259454674,0.0750134077948208,7.104289056098268e-05,0.0003380836573852992,1.00827179565293,1.4694092813134714,2.878680390023787,0.0,0.0,0.0,1683.0,1235.0,
74,28101.5930,2.34e+12,7.30e+13,9.47e+12,1.0,0.0,1067.674890848309,814.8789356636837,0.0830429638132475,0.4304339231010583,1.82e+05,1.89e+05,1.75e+05,171497.02927831694,242730.89145684167,397003.8151560959,16748.86222410255,100000000.0,1.0749878693645196e-05,0.740748522645763,0.5140262306111343,0.29257414209288,0.9264712048745809,0.94,0.2994119446281931,0.07503386246430169,7.095328744994426e-05,0.00033694676077093374,1.0079954143842857,1.4692419226215119,2.876245947227726,0.0,0.0,0.0,1683.0,1235.0,
75,28435.1680,2.34e+12,7.29e+13,9.46e+12,1.0,0.0,1067.682457023771,816.3882771284307,0.08313420880178699,0.4290151699562734,1.82e+05,1.89e+05,1.75e+05,171387.46109015876,242441.152274877,397232.2490455315,16717.585692051063,100000000.0,1.0743115584046207e-05,0.7409777369136697,0.5140802148089457,0.29259345800921954,0.9264175076363915,0.94,0.29963826915478137,0.07488620016644865,7.06114226412657e-05,0.00033707489870131425,1.0086824465075603,1.469632277636357,2.876471578276436,0.0,0.0,0.0,1683.0,1235.0,
76,28813.6850,2.34e+12,7.29e+13,9.46e+12,1.0,0.0,1068.1454762259507,818.2259974350956,0.08288818146869509,0.42812592076191125,1.82e+05,1.89e+05,1.75e+05,171956.2803538203,242845.9546428166,397256.0028838328,16819.66988986708,100000000.0,1.0738211060812299e-05,0.7409004532397132,0.5139673263210235,0.2925735086565697,0.9262649240230576,0.94,0.29984130392961966,0.07397974029067611,7.033397003945483e-05,0.0003390221371744129,1.0090070266053033,1.4704554340131235,2.8785121092644634,0.0,0.0,0.0,1683.0,1235.0,
77,29183.5340,2.34e+12,7.29e+13,9.46e+12,1.0,0.0,1068.0445341744603,818.2208014947312,0.08281393396398322,0.42835551759407725,1.82e+05,1.89e+05,1.75e+05,171933.64072413204,242281.0801336884,397273.50464063825,16695.222979860253,100000000.0,1.0735183536636767e-05,0.7411676467544388,0.5141346797245758,0.29261043345612237,0.9263293491843508,0.94,0.29984145624904124,0.07336946092552588,7.020681097854454e-05,0.0003394701161431729,1.0093291187288935,1.470001576891863,2.8777542703610384,0.0,0.0,0.0,1683.0,1235.0,
78,29545.9280,2.34e+12,7.29e+13,9.46e+12,1.0,0.0,1068.0445341744603,818.2208014947312,0.08281393396398322,0.42835551759407725,1.82e+05,1.89e+05,1.75e+05,171933.64072413204,242281.0801336884,397273.50464063825,16695.222979860253,100000000.0,1.0735183536636767e-05,0.7411676467544388,0.5141346797245758,0.29261043345612237,0.9263293491843508,0.94,0.29984145624904124,0.07336946092552588,7.020681097854454e-05,0.0003394701161431729,1.0093291187288935,1.470001576891863,2.8777542703610384,0.0,0.0,0.0,1683.0,1235.0,
79,29936.2670,2.34e+12,7.29e+13,9.46e+12,1.0,0.0,1068.0416481857346,818.5542339983982,0.0828274071479337,0.4280249168233978,1.82e+05,1.89e+05,1.75e+05,172003.92426138188,242582.4642419052,397255.46633452387,16790.45304475468,100000000.0,1.0734641868465936e-05,0.741055438771036,0.5140812387798147,0.2925854052565078,0.9262674456690884,0.94,0.29976783968373105,0.07424304859115641,7.041684235986316e-05,0.0003384555296861091,1.0088502700018211,1.4701673054305329,2.878504722280191,0.0,0.0,0.0,1683.0,1235.0,
80,30342.3670,2.34e+12,7.29e+13,9.46e+12,1.0,0.0,1067.9955636447698,816.7272283426646,0.08287311300848887,0.4275970097943528,1.82e+05,1.89e+05,1.75e+05,172008.70992006152,242497.08498497496,397223.04641112185,16766.86306172276,100000000.0,1.0733769387489158e-05,0.7409775622367372,0.5141286745661036,0.29259778882681287,0.9262956707280343,0.94,0.2997702848500172,0.07390297599884392,7.040578293101345e-05,0.00033863843971227965,1.0089443055030016,1.4701001813566024,2.8781158778563123,0.0,0.0,0.0,1683.0,1235.0,
81,30760.9760,2.34e+12,7.29e+13,9.46e+12,1.0,0.0,1067.9955636447698,816.7272283426646,0.08287311300848887,0.4275970097943528,1.82e+05,1.89e+05,1.75e+05,172008.70992006152,242497.08498497496,397223.04641112185,16766.86306172276,100000000.0,1.0733769387489158e-05,0.7409775622367372,0.5141286745661036,0.29259778882681287,0.9262956707280343,0.94,0.2997702848500172,0.07390297599884392,7.040578293101345e-05,0.00033863843971227965,1.0089443055030016,1.4701001813566024,2.8781158778563123,0.0,0.0,0.0,1683.0,1235.0,
82,31163.6000,2.34e+12,7.29e+13,9.46e+12,1.0,0.0,1067.9955636447698,816.7272283426646,0.08287311300848887,0.4275970097943528,1.82e+05,1.89e+05,1.75e+05,172008.70992006152,242497.08498497496,397223.04641112185,16766.86306172276,100000000.0,1.0733769387489158e-05,0.7409775622367372,0.5141286745661036,0.29259778882681287,0.9262956707280343,0.94,0.2997702848500172,0.07390297599884392,7.040578293101345e-05,0.00033863843971227965,1.0089443055030016,1.4701001813566024,2.8781158778563123,0.0,0.0,0.0,1683.0,1235.0,
83,31571.5170,2.34e+12,7.29e+13,9.46e+12,1.0,0.0,1067.9955636447698,816.7272283426646,0.08287311300848887,0.4275970097943528,1.82e+05,1.89e+05,1.75e+05,172008.70992006152,242497.08498497496,397223.04641112185,16766.86306172276,100000000.0,1.0733769387489158e-05,0.7409775622367372,0.5141286745661036,0.29259778882681287,0.9262956707280343,0.94,0.2997702848500172,0.07390297599884392,7.040578293101345e-05,0.00033863843971227965,1.0089443055030016,1.4701001813566024,2.8781158778563123,0.0,0.0,0.0,1683.0,1235.0,
84,31972.1320,2.34e+12,7.29e+13,9.46e+12,1.0,0.0,1067.9955636447698,816.7272283426646,0.08287311300848887,0.4275970097943528,1.82e+05,1.89e+05,1.75e+05,172008.70992006152,242497.08498497496,397223.04641112185,16766.86306172276,100000000.0,1.0733769387489158e-05,0.7409775622367372,0.5141286745661036,0.29259778882681287,0.9262956707280343,0.94,0.2997702848500172,0.07390297599884392,7.040578293101345e-05,0.00033863843971227965,1.0089443055030016,1.4701001813566024,2.8781158778563123,0.0,0.0,0.0,1683.0,1235.0,
85,32361.7480,2.34e+12,7.29e+13,9.46e+12,1.0,0.0,1068.0280603967944,817.5708386946656,0.08293698020197865,0.42764457533531974,1.82e+05,1.89e+05,1.75e+05,171798.0259614122,242771.20394423624,397226.6460561381,16770.959706573114,100000000.0,1.073237134054597e-05,0.7410137830007792,0.5140143560904635,0.2925597082109739,0.9262714906679799,0.94,0.2997848012137848,0.07388483955422678,7.039569534753252e-05,0.00033887831446612955,1.0089992391557923,1.4701081801558566,2.878104216438837,0.0,0.0,0.0,1683.0,1235.0,
86,32729.7290,2.34e+12,7.29e+13,9.46e+12,1.0,0.0,1068.0414508494048,818.5751941853673,0.0830002701970655,0.42711239200347695,1.82e+05,1.89e+05,1.75e+05,171885.38990227482,242646.9450752397,397228.08749831043,16789.61488926159,100000000.0,1.073080715883421e-05,0.7411112302765093,0.5140555405838485,0.29257555673102276,0.9262901339419779,0.94,0.2998126269665713,0.07370140473434394,7.032462501888308e-05,0.00033920776159626853,1.0092720716605803,1.4704160545757232,2.879012842800858,0.0,0.0,0.0,1683.0,1235.0,
87,33065.8570,2.34e+12,7.28e+13,9.46e+12,1.0,0.0,1068.083069092549,819.2886815348922,0.08313173052260553,0.4253869410874985,1.82e+05,1.89e+05,1.75e+05,172035.03147680213,242653.47950293275,397223.54066355195,16820.462466221754,100000000.0,1.0725978965778777e-05,0.7411791875041756,0.5140492441478963,0.2925757664192868,0.9262559931979408,0.94,0.2998814011476981,0.07309846508063189,7.021203820979782e-05,0.00034006074621256813,1.0097544792886295,1.4707152808400314,2.8803060835566283,0.0,0.0,0.0,1683.0,1235.0,
88,33464.0099,2.33e+12,7.28e+13,9.46e+12,1.0,0.0,1068.2001558877691,819.3097439286746,0.08323509504439368,0.42386254909375365,1.82e+05,1.89e+05,1.75e+05,172061.83405044477,243081.6694871117,397195.66620098153,16896.0587530957,100000000.0,1.0721763929415826e-05,0.7411523502130586,0.5139062181212379,0.29252324837264954,0.9261040777955751,0.94,0.29995894459816785,0.07222049956926735,7.00987070910544e-05,0.0003414213894956236,1.010258647459553,1.4713634991175004,2.881534816559679,0.0,0.0,0.0,1683.0,1235.0,
89,33870.5106,2.33e+12,7.27e+13,9.45e+12,1.0,0.0,1068.1735736990504,818.7498704728393,0.08348446653482758,0.4208417915844227,1.82e+05,1.89e+05,1.75e+05,172203.74167484013,243256.50364531606,397109.7342092713,16973.105100823916,100000000.0,1.071288841073907e-05,0.7412605966723503,0.5139161621453717,0.29249516591987923,0.9259731437277423,0.94,0.2999865697094836,0.07167809328780637,7.00335085412498e-05,0.00034207382147741433,1.0108970257431733,1.4721354296764906,2.884185969058588,0.0,0.0,0.0,1683.0,1235.0,
90,34267.2245,2.33e+12,7.26e+13,9.45e+12,1.0,0.0,1068.2349278935844,819.7250500052237,0.08402733581708088,0.4157776784413907,1.82e+05,1.89e+05,1.75e+05,172301.98850448726,243966.1227279451,397028.7825912407,17205.91593100175,100000000.0,1.0703093032410615e-05,0.7413729435322307,0.513774354862637,0.29247660966601585,0.9254944218762533,0.94,0.30009495764157873,0.07016326887898575,6.991975348829519e-05,0.00034436309928715763,1.0123142063181347,1.4736764782261476,2.8884292023963027,0.0,0.0,0.0,1683.0,1235.0,
91,34644.9830,2.33e+12,7.24e+13,9.44e+12,1.0,0.0,1068.261226157278,814.6883842283592,0.08435495019853925,0.4055767793922264,1.82e+05,1.89e+05,1.75e+05,173521.7671379641,243655.05191404006,396911.34957834973,17478.749810673613,100000000.0,1.067520011504873e-05,0.7413732273208343,0.5139118490688631,0.2923370421928117,0.9250127813559065,0.94,0.3002963849049416,0.06694307960892305,6.939554265916472e-05,0.0003474109394669847,1.0147852829204886,1.476725851629753,2.8965934393324977,0.0,0.0,0.0,1683.0,1235.0,
92,35037.7230,2.32e+12,7.23e+13,9.43e+12,1.0,0.0,1068.246837914125,814.6890096101299,0.08480300241256175,0.39843001802245426,1.82e+05,1.89e+05,1.74e+05,174057.68005184294,244086.4193132959,396887.6700516578,17736.783455451543,100000000.0,1.0663557889865428e-05,0.7415562603444558,0.5138267712203136,0.2922916349045078,0.9243768207910004,0.94,0.30040803172072383,0.06514726458417852,6.913546330586487e-05,0.00034968621347713266,1.0166825242803137,1.4786587462192968,2.9026296140314742,0.0,0.0,0.0,1683.0,1235.0,
93,35521.6170,2.32e+12,7.22e+13,9.43e+12,1.0,0.0,1068.1840865748868,813.9696015258205,0.08499888938206235,0.39641444720783386,1.82e+05,1.89e+05,1.74e+05,173989.6684817428,243609.515993505,396934.2174922755,17773.25930766417,100000000.0,1.0659930330498353e-05,0.7416262685646162,0.5138828457994962,0.2922679666750667,0.9245386799304554,0.94,0.300452291939843,0.06474230171221765,6.90143605949565e-05,0.0003497424047522882,1.0173495150387555,1.4795935368297655,2.9045137294752768,0.0,0.0,0.0,1683.0,1235.0,
94,35998.9340,2.32e+12,7.22e+13,9.43e+12,1.0,0.0,1068.1221123117393,813.0543419172493,0.08510572038457115,0.39680399205661443,1.82e+05,1.89e+05,1.74e+05,173683.4829093704,243958.4899634465,396884.41334983625,17816.957382671113,100000000.0,1.0659536246295762e-05,0.741767873825947,0.5138217516793924,0.2922542330260164,0.9244110042812648,0.94,0.300364496646667,0.06486559874600176,6.917466816972647e-05,0.00034965885188505087,1.0173035731425046,1.4794825300620538,2.904885766829764,0.0,0.0,0.0,1683.0,1235.0,
95,36488.2420,2.32e+12,7.22e+13,9.43e+12,1.0,0.0,1068.2112825526278,814.5365472287237,0.08515045159188749,0.39587356557590503,1.82e+05,1.89e+05,1.74e+05,173986.8202032296,244046.08579013252,396845.04530419805,17852.662509281217,100000000.0,1.0656057018261687e-05,0.7416323164174919,0.5138723265407195,0.292275145167681,0.9244985463482687,0.94,0.30036315278080716,0.0652789365394446,6.927768914937481e-05,0.0003494527323157755,1.0170784878752201,1.4793459800829378,2.9055049913269677,0.0,0.0,0.0,1683.0,1235.0,
96,36936.9720,2.32e+12,7.21e+13,9.42e+12,1.0,0.0,1068.096371711171,813.7785541054438,0.08565969856054134,0.39038245592018384,1.81e+05,1.89e+05,1.74e+05,174011.78474428676,244272.81439536763,396878.98287610617,18085.328610082393,100000000.0,1.0651736650905433e-05,0.7417964312359058,0.5137613183519212,0.29218825297111795,0.9241105669154466,0.94,0.3004136614165811,0.0644101032569104,6.91085711459984e-05,0.0003502058961455184,1.0186130375101379,1.4812588039382208,2.9104857199433223,0.0,0.0,0.0,1683.0,1235.0,
97,37325.0630,2.32e+12,7.20e+13,9.41e+12,1.0,0.0,1068.051509996985,816.1188895276122,0.08590684928410958,0.3881106742858772,1.82e+05,1.89e+05,1.74e+05,173841.4708792639,244040.3711421016,396947.24510044453,18152.657564202906,100000000.0,1.0645676168921568e-05,0.741887473141155,0.5138161833468309,0.2921327418695362,0.9243102948339468,0.94,0.300418233577189,0.06529996688702058,6.91306777625356e-05,0.000348989345590311,1.0190771462663695,1.481953119833634,2.912962703620352,0.0,0.0,0.0,1683.0,1235.0,
98,37733.0290,2.32e+12,7.18e+13,9.39e+12,1.0,0.0,1067.8001558959572,817.2262705806602,0.08687671152127505,0.37962287960422636,1.81e+05,1.89e+05,1.74e+05,173756.21765756924,244186.6426834928,397059.87937042664,18507.249145263835,100000000.0,1.0639623245581758e-05,0.7424119605653157,0.5137767300876454,0.2920391168052122,0.9240340304974639,0.94,0.3003682215857042,0.06576310730341521,6.931317415304597e-05,0.0003480187687163346,1.0209769354688767,1.4838488909945764,2.9212220643818085,0.0,0.0,0.0,1683.0,1235.0,
99,38149.9650,2.32e+12,7.17e+13,9.38e+12,1.0,0.0,1067.4718928952193,817.5292008198721,0.08754006130229491,0.37448965044235727,1.82e+05,1.89e+05,1.74e+05,173581.05371251696,244312.51540935755,397140.6959777699,18764.744895831314,100000000.0,1.0626819931203231e-05,0.7423084678756047,0.5136688075811737,0.29186953511447,0.9242206123256784,0.94,0.3001994356196269,0.0681456911117124,6.978893976388549e-05,0.0003443482441556288,1.0213971567517124,1.4849888914800962,2.9259649282228586,0.0,0.0,0.0,1683.0,1235.0,
100,38508.8250,2.31e+12,7.14e+13,9.34e+12,1.0,0.0,1066.7642898004237,818.7777891322332,0.0889828046673184,0.36073783010580207,1.82e+05,1.89e+05,1.74e+05,172430.5958762365,243953.7605537918,397506.616623856,19316.28229192699,100000000.0,1.0602836100987333e-05,0.7431466026381941,0.513524603985926,0.2914211835376094,0.9243034199758156,0.94,0.29997529252171296,0.07080134350728495,7.022760770919665e-05,0.00033918857569160954,1.024443452855674,1.4883868052499527,2.9396311331649585,0.0,0.0,0.0,1683.0,1235.0,
101,38857.2990,2.30e+12,7.09e+13,9.28e+12,1.0,0.0,1065.558911766525,820.7523586299424,0.09197953535266022,0.33697913603881113,1.82e+05,1.89e+05,1.74e+05,171071.04772445094,244364.6965706944,397836.0075790299,20393.286587862953,100000000.0,1.0570591076741338e-05,0.7436432611723801,0.5131601993174932,0.290796773365564,0.9242985949198832,0.94,0.29959314787067565,0.07517475703570924,7.122477259770074e-05,0.00033137416636553946,1.0292550948663983,1.4943226041078794,2.960952413290413,0.0,0.0,0.0,1683.0,1235.0,
102,39245.8910,2.29e+12,7.04e+13,9.21e+12,1.0,0.0,1064.0199538167758,823.0629532755961,0.09471529577589896,0.3196165681258639,1.82e+05,1.89e+05,1.74e+05,167981.23218176368,243854.23261873866,398572.52785255393,21241.3077236529,100000000.0,1.0531790176700162e-05,0.7442784801531148,0.5126692518988789,0.2900734559049974,0.9251158906729762,0.94,0.2989898200960321,0.08327608420678237,7.256655904447267e-05,0.0003178249083344184,1.0332155149104658,1.49944450279818,2.9787438399009027,0.0,0.0,0.0,1683.0,1235.0,
103,39647.0500,2.29e+12,7.01e+13,9.16e+12,1.0,0.0,1062.4697276465968,826.5468423115598,0.09659218329822171,0.309286781763979,1.82e+05,1.89e+05,1.74e+05,164994.9954604463,243280.73354214017,399155.639754723,21801.85602242116,100000000.0,1.0510324801541966e-05,0.7454201349755779,0.5121522994305546,0.28929244739490323,0.926037181078262,0.94,0.2982596571170068,0.09015081868458255,7.394292789482721e-05,0.00030640085057858805,1.035384679220284,1.5013989853201468,2.989586715920142,0.0,0.0,0.0,1683.0,1235.0,
104,40053.8600,2.29e+12,6.98e+13,9.13e+12,1.0,0.0,1061.6036658456,830.2615120171312,0.09807547337292136,0.29967185750568054,1.82e+05,1.89e+05,1.74e+05,163274.35921002622,242710.5119760764,399553.6318987432,22166.01450070914,100000000.0,1.0493819613621958e-05,0.7460634796060077,0.512017881474973,0.28888186132714566,0.9264727211201278,0.94,0.29804197172127456,0.0920647570625959,7.423615767139968e-05,0.0003027294730773506,1.0381939393830617,1.5035086337643453,2.9973669978277293,0.0,0.0,0.0,1683.0,1235.0,
105,40515.9060,2.27e+12,6.91e+13,9.04e+12,1.0,0.0,1059.6368285873345,833.1652548352195,0.10188456270005669,0.27301059534209593,1.82e+05,1.89e+05,1.74e+05,159833.65386448568,242100.9709460705,400393.1927831806,23263.23700225597,100000000.0,1.0486878138759483e-05,0.747440093953602,0.5116027811672021,0.2879787790155171,0.9273958873444679,0.94,0.2972873601311105,0.10113617827718997,7.601431563195304e-05,0.00028723259649487173,1.0438558261747364,1.5092929628387943,3.02248835726485,0.0,0.0,0.0,1683.0,1235.0,
106,41032.9130,2.28e+12,6.93e+13,9.07e+12,1.0,0.0,1060.3536260876137,830.1530895157164,0.1009296651740938,0.2784167471748493,1.82e+05,1.89e+05,1.74e+05,161367.24396991753,242330.4198580085,400016.706179645,23037.54073134781,100000000.0,1.0483717841224696e-05,0.746735761947561,0.5117569543742742,0.2883315367100778,0.9270463196832048,0.94,0.29759296576520267,0.097729779836315,7.535734842455228e-05,0.00029270429617409,1.0424813897177132,1.509081714061435,3.0178057771123656,0.0,0.0,0.0,1683.0,1235.0,
107,41561.5070,2.27e+12,6.91e+13,9.04e+12,1.0,0.0,1059.6371598883409,832.4535248757156,0.10229816974397637,0.2687111997364702,1.82e+05,1.89e+05,1.74e+05,159954.52348863013,242307.4657330814,400306.6123243701,23450.16319119783,100000000.0,1.0479738028417916e-05,0.7471869982895638,0.5116015402852032,0.2879554610534989,0.9273404160351244,0.94,0.2973656761777693,0.10062597137256868,7.590031974589914e-05,0.00028782029939732555,1.0445762151219053,1.511158089184856,3.0260010065938983,0.0,0.0,0.0,1683.0,1235.0,
108,42068.2500,2.27e+12,6.91e+13,9.04e+12,1.0,0.0,1059.8807790683288,833.476215090096,0.1015897078288143,0.27355965494651424,1.82e+05,1.89e+05,1.74e+05,160043.20046981756,242479.88750466533,400298.16520215373,23237.675138007657,100000000.0,1.047746435501348e-05,0.7473182504983336,0.5114992245857108,0.28794592075789927,0.9273983572786018,0.94,0.29737659817636863,0.10054661905606291,7.586320689326127e-05,0.0002885703006564081,1.0436070751583184,1.5097891002763455,3.022521591972561,0.0,0.0,0.0,1683.0,1235.0,
109,42565.1770,2.27e+12,6.90e+13,9.03e+12,1.0,0.0,1059.3465046134734,833.2367521137728,0.10267687105332979,0.2645961689000573,1.82e+05,1.89e+05,1.74e+05,159761.87903668,242197.7897053907,400421.75983134005,23597.586562666715,100000000.0,1.047698487248356e-05,0.7472577863206495,0.5115250982729755,0.2877658829649063,0.92750971406688,0.94,0.29720457050586174,0.10210692728265379,7.626030001114173e-05,0.00028535470201424923,1.0452240402703152,1.5118454121300924,3.029541107287198,0.0,0.0,0.0,1683.0,1235.0,
110,43060.1200,2.27e+12,6.91e+13,9.04e+12,1.0,0.0,1059.6273557204436,832.6706116050643,0.10218874656233548,0.26998374864984975,1.82e+05,1.89e+05,1.74e+05,159938.0985853987,242272.5870418534,400307.0667114026,23399.696981480083,100000000.0,1.0474951868885133e-05,0.7471006789936088,0.5115729925911732,0.2879647848883488,0.9274241508395886,0.94,0.29732823423633714,0.10077609960062198,7.597114944290633e-05,0.0002877264321054703,1.0442503209592722,1.5109788105319995,3.0249679920454233,0.0,0.0,0.0,1683.0,1235.0,
111,43547.4330,2.27e+12,6.91e+13,9.04e+12,1.0,0.0,1059.675205324322,834.4252529885969,0.10226843404344263,0.2686077341431945,1.82e+05,1.89e+05,1.74e+05,160243.75592793687,242248.98225797742,400314.4702395833,23425.32922095181,100000000.0,1.0473767122250155e-05,0.7471082640053605,0.5116381477095051,0.28800068026133174,0.927238848343008,0.94,0.29741331738593557,0.09985370763918454,7.581714144712109e-05,0.00028914925168330955,1.0449676523769873,1.5112196100764372,3.025481754069919,0.0,0.0,0.0,1683.0,1235.0,
112,43957.9040,2.27e+12,6.90e+13,9.05e+12,1.0,0.0,1059.8280890101753,832.6662129659758,0.10229864667720047,0.26750107474119056,1.82e+05,1.89e+05,1.74e+05,160998.86689389136,242088.8241673333,400307.1546172468,23503.888524767433,100000000.0,1.0470041610341766e-05,0.7466989563440837,0.511672195939233,0.2881213988379399,0.9270477985127351,0.94,0.29756123586795824,0.09813114922622773,7.555127085192873e-05,0.0002913293461886007,1.0458129015958337,1.5124214691957079,3.026469289184104,0.0,0.0,0.0,1683.0,1235.0,
113,44388.8660,2.27e+12,6.88e+13,9.03e+12,1.0,0.0,1059.3361313988048,835.2316405121244,0.10345424054206484,0.25856028254807084,1.82e+05,1.89e+05,1.74e+05,160328.16215208694,241781.8734381397,400573.46973212494,23857.704306673004,100000000.0,1.0468731166391186e-05,0.7470328100162481,0.5116255870387649,0.28790194555607146,0.927146197556685,0.94,0.29750141678973296,0.09900666101094568,7.571207733532748e-05,0.0002893663612032768,1.0483665284535242,1.5146113591777624,3.0337584926832397,0.0,0.0,0.0,1683.0,1235.0,
114,44934.1550,2.27e+12,6.88e+13,9.03e+12,1.0,0.0,1059.3361313988048,835.2316405121244,0.10345424054206484,0.25856028254807084,1.82e+05,1.89e+05,1.74e+05,160328.16215208694,241781.8734381397,400573.46973212494,23857.704306673004,100000000.0,1.0468731166391186e-05,0.7470328100162481,0.5116255870387649,0.28790194555607146,0.927146197556685,0.94,0.29750141678973296,0.09900666101094568,7.571207733532748e-05,0.0002893663612032768,1.0483665284535242,1.5146113591777624,3.0337584926832397,0.0,0.0,0.0,1683.0,1235.0,
115,45482.5070,2.27e+12,6.89e+13,9.03e+12,1.0,0.0,1059.4411566131303,834.9666212241658,0.10318225323579155,0.26151167456165175,1.82e+05,1.89e+05,1.74e+05,160346.13543800655,241805.4945339585,400549.7451536082,23760.386617551136,100000000.0,1.046819277868771e-05,0.7468258500714675,0.5116337759768512,0.287998016266325,0.9271949705130043,0.94,0.29750682433881315,0.09934397733540978,7.573537523353911e-05,0.00028915617735014596,1.0474801366816804,1.514118025269691,3.0315245204422228,0.0,0.0,0.0,1683.0,1235.0,
116,46000.5960,2.27e+12,6.89e+13,9.04e+12,1.0,0.0,1059.4399840503875,833.5796719785417,0.10306467432241745,0.2641966314903924,1.82e+05,1.89e+05,1.74e+05,160603.3102173237,241669.31552253634,400504.3394195245,23726.541768953924,100000000.0,1.04673178407862e-05,0.7464052805318373,0.5116902517806563,0.288125835119312,0.9272401077262167,0.94,0.29747352561757995,0.09946797134376231,7.580828353002527e-05,0.0002889694168938681,1.046845024025699,1.5137670322998682,3.0289972179924334,0.0,0.0,0.0,1683.0,1235.0,
117,46518.2790,2.27e+12,6.89e+13,9.04e+12,1.0,0.0,1059.470527858672,833.1184963399025,0.10309428078727408,0.2643816301838733,1.82e+05,1.89e+05,1.74e+05,160877.08427636238,241456.67928092353,400464.52735514374,23714.01898533463,100000000.0,1.0466091253099448e-05,0.7461874958996508,0.5117552369553708,0.28822395949156854,0.9272437525460375,0.94,0.2975066710777673,0.09891667082337162,7.573297739171174e-05,0.0002896389124709115,1.0468811141491325,1.5140661440259477,3.0289865464506374,0.0,0.0,0.0,1683.0,1235.0,
118,47000.7790,2.28e+12,6.91e+13,9.06e+12,1.0,0.0,1059.6934052164452,830.2762489436998,0.10253787011006021,0.2723659715142228,1.82e+05,1.89e+05,1.74e+05,162042.12965872634,241145.4813745229,400280.8447205575,23565.162069677746,100000000.0,1.0464660556787467e-05,0.744934207707072,0.5119203280816762,0.28868776866826795,0.9271866410608636,0.94,0.29753541926226723,0.09846552441048842,7.570107685087688e-05,0.000290563385886878,1.0448203836684833,1.513317663267988,3.0224718498231757,0.0,0.0,0.0,1683.0,1235.0,
119,47469.5560,2.28e+12,6.92e+13,9.07e+12,1.0,0.0,1059.6654321061608,828.6715511762155,0.10251172306990725,0.2742810537481388,1.82e+05,1.89e+05,1.74e+05,162358.14713192385,240885.43958955602,400233.36868800735,23568.321756886362,100000000.0,1.046357406886699e-05,0.7443742930804053,0.5119747586975097,0.28882829115123043,0.9272731150884047,0.94,0.29751469878846526,0.098443879554025,7.571624029018108e-05,0.0002904600353037654,1.0442473289996241,1.5136140858937068,3.0208496486465477,0.0,0.0,0.0,1683.0,1235.0,
120,47947.6680,2.28e+12,6.92e+13,9.08e+12,1.0,0.0,1059.777212696505,827.3452971685902,0.10245910936955896,0.27493640865847896,1.82e+05,1.89e+05,1.74e+05,162992.36911163587,240607.41064496734,400148.0072387207,23573.04473225361,100000000.0,1.0462133728389423e-05,0.7438915752557457,0.5121016603432996,0.2890095028404086,0.9272588135552162,0.94,0.2975808788271508,0.09748331618690254,7.560889559390371e-05,0.00029172870669138737,1.0441474488457199,1.514202492838066,3.0204406200176797,0.0,0.0,0.0,1683.0,1235.0,
121,48339.3400,2.28e+12,6.91e+13,9.08e+12,1.0,0.0,1059.6785918225073,825.4738780153511,0.10291065432599633,0.2730850352575487,1.82e+05,1.89e+05,1.74e+05,163823.5999629321,240185.79234231502,400111.1378881728,23777.24164584647,100000000.0,1.0459471755575853e-05,0.7432879516743289,0.512197957271811,0.2892030127292527,0.9272049394732751,0.94,0.29758027454180136,0.0971735917102729,7.56347927281458e-05,0.0002917493250779764,1.0446102255607712,1.515823096896146,3.0230950495622286,0.0,0.0,0.0,1683.0,1235.0,
122,48728.1170,2.28e+12,6.90e+13,9.08e+12,1.0,0.0,1059.018336535121,822.4577916791759,0.10446197458584247,0.2651133874911756,1.82e+05,1.89e+05,1.74e+05,166278.42177194895,238778.6251810614,400085.0194310084,24453.10409062211,100000000.0,1.0453089506554905e-05,0.7410689837661006,0.512499440400262,0.28966874086346794,0.9271709377348245,0.94,0.2973757143381321,0.09825615739038115,7.612446744372609e-05,0.00028882266774196187,1.0454624281360807,1.5203768670870956,3.031195731218939,0.0,0.0,0.0,1683.0,1235.0,
123,49146.1590,2.28e+12,6.90e+13,9.08e+12,1.0,0.0,1059.1525832752905,823.0833606389253,0.10459624860039377,0.2626631755702208,1.82e+05,1.89e+05,1.74e+05,166743.24070403655,238857.37216547522,400057.0658430902,24613.160247997344,100000000.0,1.0451815170813574e-05,0.7406844927822404,0.5125851712690813,0.2897649293704597,0.9269394722258157,0.94,0.2974737669904035,0.09747323156850418,7.596962392784873e-05,0.0002900442588418341,1.0459183178298939,1.5217464714292221,3.032882435840203,0.0,0.0,0.0,1683.0,1235.0,
124,49625.6320,2.28e+12,6.90e+13,9.07e+12,1.0,0.0,1058.950236406432,824.7342979637153,0.10470822624917993,0.2627531022603608,1.82e+05,1.89e+05,1.74e+05,165258.37083603616,239239.20089710155,400177.98207892245,24537.208840090636,100000000.0,1.0451057800422006e-05,0.7414768672328674,0.5123682458253149,0.2894746009351793,0.9272005434666043,0.94,0.2973479447837105,0.09941800266335885,7.622205123031711e-05,0.0002873912340629751,1.045955119785912,1.5207681545874283,3.033045271258035,0.0,0.0,0.0,1683.0,1235.0,
125,50120.7620,2.28e+12,6.90e+13,9.07e+12,1.0,0.0,1058.818684511255,824.2147271243088,0.10482753958805335,0.2638282192690704,1.82e+05,1.89e+05,1.74e+05,165009.10487319803,238899.4869778716,400225.558533113,24551.970152987262,100000000.0,1.0449756933296486e-05,0.7411565867899148,0.5123870970357125,0.28954613982386623,0.9274701932051643,0.94,0.29726577218222694,0.10040675826399989,7.640960337110535e-05,0.0002858285113759203,1.0456401819068364,1.520988985791853,3.0323017446350473,0.0,0.0,0.0,1683.0,1235.0,
126,50578.6120,2.28e+12,6.90e+13,9.07e+12,1.0,0.0,1058.5552347871123,822.6605726074363,0.10537687356461135,0.26139248534176673,1.82e+05,1.89e+05,1.74e+05,165781.6401349735,238343.94374036466,400239.9095955816,24807.607180927014,100000000.0,1.0448960620118452e-05,0.7403140338969455,0.5124495992802669,0.2897091003843873,0.9275477902709124,0.94,0.2971602717520646,0.10143021788041143,7.665837709916633e-05,0.00028379012775325157,1.0456784835328972,1.5227356207052014,3.0352552450465735,0.0,0.0,0.0,1683.0,1235.0,
127,50996.6560,2.28e+12,6.89e+13,9.07e+12,1.0,0.0,1058.4706223398084,822.260905305312,0.10568646393205999,0.26030630039309877,1.82e+05,1.89e+05,1.74e+05,166055.692690432,238203.2987550879,400263.8567922317,24940.39996285863,100000000.0,1.0447107667208025e-05,0.7400656842062243,0.5124260179882748,0.28977604112857686,0.9275156460184795,0.94,0.2971442583427296,0.10097395290559524,7.671587528506807e-05,0.00028426490359201084,1.0462426646088594,1.5234250750081482,3.03647566203706,0.0,0.0,0.0,1683.0,1235.0,
128,51410.9840,2.29e+12,6.90e+13,9.07e+12,1.0,0.0,1058.3987296121047,821.4605774766845,0.10578640565053646,0.26065906108658876,1.82e+05,1.89e+05,1.74e+05,166394.48533063306,237860.98147985837,400223.26362514636,24981.009066168117,100000000.0,1.0445808535637777e-05,0.7393275932366508,0.512505215746126,0.28994562269510427,0.927629598891166,0.94,0.2970966926663085,0.101609104683978,7.682993822557139e-05,0.0002831646581881136,1.045611193402678,1.524174902784715,3.036284946975338,0.0,0.0,0.0,1683.0,1235.0,
129,51836.4140,2.29e+12,6.90e+13,9.08e+12,1.0,0.0,1058.5241835196616,821.037013133061,0.10579361428156939,0.2609631621216256,1.82e+05,1.89e+05,1.74e+05,167792.3580387113,237457.59399177006,400171.00823339843,25062.15962706847,100000000.0,1.0444343990116533e-05,0.7386127160606125,0.512630617333627,0.29020447702530483,0.9274860884535941,0.94,0.2971658685117935,0.10064204585709134,7.673433736795558e-05,0.0002845091871019318,1.0454422284104288,1.5245915706120448,3.0361265573752396,0.0,0.0,0.0,1683.0,1235.0,
130,52262.8180,2.29e+12,6.90e+13,9.10e+12,1.0,0.0,1058.4208682351075,819.9415695138129,0.10635869361089968,0.2599807485525677,1.82e+05,1.89e+05,1.74e+05,168761.89246466773,236829.75302619778,400141.2940445102,25323.19872503406,100000000.0,1.0442367954039399e-05,0.7373564398659948,0.5127469706644443,0.2905647499369399,0.9274413744353539,0.94,0.29716026436270215,0.09926255413067775,7.681096688611877e-05,0.00028605078066838295,1.0458972052400175,1.5261738997448102,3.0367970039020715,0.0,0.0,0.0,1683.0,1235.0,
131,52682.2250,2.29e+12,6.91e+13,9.11e+12,1.0,0.0,1058.5963470158492,818.5825814146713,0.1058986559008457,0.26280532043159677,1.82e+05,1.89e+05,1.74e+05,168818.42822828388,236889.71472782956,400042.28590832796,25149.372945577816,100000000.0,1.0440390707376449e-05,0.7373398144426653,0.5128391472187972,0.2906453134742106,0.9273470092797511,0.94,0.2972201108029321,0.09856476310185416,7.666099644186507e-05,0.000287142465596188,1.0452749049189198,1.525508684024282,3.0340899356729834,0.0,0.0,0.0,1683.0,1235.0,
132,53092.3460,2.29e+12,6.92e+13,9.12e+12,1.0,0.0,1058.7769099980917,817.6142609354329,0.10574369899841864,0.2638011148184348,1.82e+05,1.89e+05,1.74e+05,169713.77558483166,236476.28220847386,399927.71081162896,25143.259453728075,100000000.0,1.043881822743177e-05,0.7364551981947106,0.5130436317770346,0.29096353354212673,0.9271909216273957,0.94,0.2973103436394904,0.09702933324268637,7.649401064542462e-05,0.0002892331728749923,1.0449428662955833,1.526135245480274,3.0329867509492585,0.0,0.0,0.0,1683.0,1235.0,
133,53510.4250,2.30e+12,6.95e+13,9.16e+12,1.0,0.0,1059.5360918702295,816.525466679845,0.10424641727206174,0.27509440284460573,1.82e+05,1.89e+05,1.74e+05,170892.44231819568,235957.19110960417,399735.35233161575,24699.81275540636,100000000.0,1.0436655741188501e-05,0.735552618776412,0.5132803642233871,0.2915170452595579,0.9271101060427526,0.94,0.29756013870173936,0.09417122669636713,7.598240653992383e-05,0.00029393503848992506,1.042294598470674,1.5239674306153774,3.022129961827145,0.0,0.0,0.0,1683.0,1235.0,
134,53916.3690,2.29e+12,6.93e+13,9.13e+12,1.0,0.0,1058.629932506554,816.7798050055776,0.10585686714094912,0.2646302511042632,1.82e+05,1.89e+05,1.74e+05,170535.12204269756,235373.0880051832,400006.44124347117,25298.75120028774,100000000.0,1.0433412420724279e-05,0.7352566724589106,0.5131667751778146,0.291249072988345,0.9276051878931815,0.94,0.29717305362572943,0.09882588664321168,7.682448604120606e-05,0.0002862204117088012,1.0437558814726524,1.5273328529749706,3.032891501692804,0.0,0.0,0.0,1683.0,1235.0,
135,54337.1770,2.30e+12,6.96e+13,9.16e+12,1.0,0.0,1059.0445117842182,815.2545014663028,0.10489500324092628,0.2714563583235916,1.82e+05,1.89e+05,1.74e+05,171262.30481498252,234698.36670748825,399901.94601579726,25070.600467712833,100000000.0,1.0431210189884722e-05,0.7341650853967919,0.513462504815837,0.29168743016306176,0.927696885935741,0.94,0.2972477914920264,0.09802707903719407,7.670121280902353e-05,0.00028756791879791527,1.0415204444805832,1.5266762120762196,3.026634211766588,0.0,0.0,0.0,1683.0,1235.0,
136,54754.3970,2.30e+12,6.96e+13,9.17e+12,1.0,0.0,1059.0147125951207,815.4085047466049,0.10501682703508398,0.27241305743929134,1.82e+05,1.89e+05,1.74e+05,171266.05470707652,234705.34727248957,399851.6840773677,25113.957241601594,100000000.0,1.0429567011697119e-05,0.7336411443395727,0.5134712331815523,0.29181302096235134,0.9276489555332585,0.94,0.29724301923713314,0.09737651316823313,7.672111854481134e-05,0.0002885208602445761,1.0414297983750467,1.526799627912229,3.0250552672911644,0.0,0.0,0.0,1683.0,1235.0,
137,55183.2640,2.30e+12,6.99e+13,9.20e+12,1.0,0.0,1059.493270981041,814.385666378411,0.10396165890184186,0.27674904796540123,1.82e+05,1.89e+05,1.74e+05,172427.6450449993,233677.99189220738,399799.35245644767,24929.21445718611,100000000.0,1.0427783449847703e-05,0.7323679823371347,0.5137823272495063,0.2922223655962415,0.9277890516563613,0.94,0.2973717082351769,0.09620174990841265,7.644094074139005e-05,0.00029014889663385836,1.0395622487102938,1.527054875794926,3.020729402879292,0.0,0.0,0.0,1683.0,1235.0,
138,55607.0550,2.30e+12,6.99e+13,9.22e+12,1.0,0.0,1059.5074133710057,813.738103062167,0.10435261603318179,0.27516287614467705,1.82e+05,1.89e+05,1.74e+05,173380.046211044,233463.4567292065,399717.1236369106,25160.34424737507,100000000.0,1.0425963029027453e-05,0.7316924659369697,0.5139092528727611,0.29245539395218134,0.9276214837727983,0.94,0.2974106826534173,0.09555996776705554,7.644575300475183e-05,0.0002909583963939722,1.0396073936098778,1.528061355761193,3.022586516307531,0.0,0.0,0.0,1683.0,1235.0,
139,56027.2770,2.31e+12,7.01e+13,9.23e+12,1.0,0.0,1059.7537011173845,814.5104934144192,0.10398948643485711,0.2764997830375321,1.82e+05,1.89e+05,1.74e+05,174215.49417309367,232990.91710089307,399713.8263481264,25151.30319664933,100000000.0,1.0424079314016625e-05,0.7307905308910525,0.5140470477137628,0.29275682115908325,0.9274799615844561,0.94,0.29748478479148,0.09424320846056342,7.632518576761497e-05,0.0002928575995768396,1.0392970847326237,1.5284479306009762,3.020322091594427,0.0,0.0,0.0,1683.0,1235.0,
140,56453.5710,2.31e+12,7.01e+13,9.24e+12,1.0,0.0,1059.432163303538,813.9633591326362,0.10466545284846096,0.27248580957058544,1.82e+05,1.89e+05,1.74e+05,174301.67922529043,232526.33098712817,399771.33533541614,25414.832733718064,100000000.0,1.0422521672095676e-05,0.7298875969236513,0.5141247451833186,0.2928680742743853,0.9275986538636023,0.94,0.29733827248520533,0.0955003385503185,7.668952224130016e-05,0.00029043362248216877,1.0394391072448017,1.530397695356275,3.023776145590788,0.0,0.0,0.0,1683.0,1235.0,
141,56900.6960,2.31e+12,7.03e+13,9.26e+12,1.0,0.0,1059.5726534811956,813.794290283852,0.1044338683377401,0.2736315031942407,1.82e+05,1.89e+05,1.74e+05,175146.23151854024,231752.10495410505,399740.54988194787,25494.78952143754,100000000.0,1.042068463270932e-05,0.7287719985744702,0.5143861785673771,0.293244313295856,0.9275951994446784,0.94,0.29735427214667975,0.09474435121863486,7.669187796336809e-05,0.0002913543096831416,1.0383705687674252,1.5309184547679,3.02220742624087,0.0,0.0,0.0,1683.0,1235.0,
142,57363.7580,2.31e+12,7.04e+13,9.28e+12,1.0,0.0,1059.8384010145069,813.8208773370636,0.10400462918081269,0.2737557670396229,1.82e+05,1.89e+05,1.74e+05,176013.96687422795,231273.0608740013,399734.5315272334,25522.236332256467,100000000.0,1.0419951638814286e-05,0.728072900553133,0.5145363510785735,0.29343974521033533,0.9276124631736176,0.94,0.29741562956575607,0.09472285505038391,7.6617415225384e-05,0.00029140136703349913,1.0376129529419553,1.5317059808822973,3.0218200092428673,0.0,0.0,0.0,1683.0,1235.0,
143,57851.7280,2.31e+12,7.05e+13,9.29e+12,1.0,0.0,1059.8841183267177,814.9501523705483,0.10409022037170683,0.272192215222719,1.82e+05,1.89e+05,1.74e+05,176404.69125547106,230674.65752926673,399800.3229297191,25667.97011104398,100000000.0,1.0418327664565839e-05,0.7270899969546767,0.5146818705207337,0.2936513257841825,0.927621124757927,0.94,0.2974101076724211,0.09407837968440261,7.667872556246856e-05,0.0002920340542303638,1.0377916769202304,1.532838855702457,3.0223205601155314,0.0,0.0,0.0,1683.0,1235.0,
144,58314.1690,2.31e+12,7.06e+13,9.30e+12,1.0,0.0,1059.782903180336,814.9789378621485,0.1041819377677798,0.27183182894515956,1.82e+05,1.89e+05,1.74e+05,176523.52624047155,230099.2659746298,399806.2420544275,25775.528416394973,100000000.0,1.041693434418088e-05,0.7263705450393776,0.5147733054809316,0.2938037046676048,0.9278765712134682,0.94,0.29733412292377304,0.09542946904324381,7.684830894161165e-05,0.0002898475867026994,1.0368971921701946,1.5336594175632285,3.0229654299222672,0.0,0.0,0.0,1683.0,1235.0,
145,58758.0710,2.32e+12,7.07e+13,9.32e+12,1.0,0.0,1059.9417370531878,813.7492209249926,0.10422065143314571,0.2706729893657612,1.82e+05,1.89e+05,1.74e+05,178105.14722654858,229691.045598013,399655.22298641107,26012.87784477311,100000000.0,1.041427050584772e-05,0.7251895151985747,0.5149626623404431,0.2941528937964255,0.927612361414021,0.94,0.29741464855746286,0.09424126998651292,7.672646534281446e-05,0.0002914249385495304,1.0360371788247815,1.5351764146886417,3.0245919899157334,0.0,0.0,0.0,1683.0,1235.0,
146,59201.8690,2.32e+12,7.09e+13,9.34e+12,1.0,0.0,1060.2749604192306,814.7681749281414,0.10347081378419411,0.2717913176140142,1.82e+05,1.89e+05,1.74e+05,178536.39363957773,229062.06703540217,399668.3090913187,25907.501026009482,100000000.0,1.0412832947111954e-05,0.7245996885971162,0.5150893293856971,0.294284465060495,0.9277549256557878,0.94,0.29749466485469295,0.09392217231855664,7.654581867612848e-05,0.0002918404108759286,1.0347508282325775,1.535217069262074,3.022875332152484,0.0,0.0,0.0,1683.0,1235.0,
147,59664.4990,2.32e+12,7.10e+13,9.35e+12,1.0,0.0,1060.1055829805518,813.4649789648768,0.10396543130634005,0.268305340741487,1.82e+05,1.89e+05,1.74e+05,178924.01850707858,228443.59574038893,399695.95459774946,26222.7470516639,100000000.0,1.0411108544344534e-05,0.7234393248175187,0.5151677248767398,0.29449515507977975,0.9279115343655789,0.94,0.2973950137152393,0.09470971981067323,7.683172068418291e-05,0.0002901120401229443,1.0345243631189445,1.537554365203174,3.02602186109,0.0,0.0,0.0,1683.0,1235.0,
