Loop,Time,r0-A,r1-A,p0-C0,p1-C0,p0-Cpa,p1-Cpa,p0-Cpb,p1-Cpb,r0-E,r1-E,r0-Hp,r1-Hp,p0-K,p1-K,Value,r0-Xi,r1-Xi,p0-eps,p1-eps,p0-ka,p1-ka,p0-kb,p1-kb,r0-n,r1-n,r0-nO2,r1-nO2,p0-rho,p1-rho,
-1,0,6.86e+11,2.03e+13,1.0,0.0,3255.535930334845,1731.010522543002,0.13575579993705642,0.775343013303188,1.16e+05,6.58e+05,43195.951979922145,531056.0461619941,8812.419995102427,100000000.0,0.008774242402956538,0.5755789086275055,0.28335781995062137,0.6195721194788224,0.94,0.13843130835257803,0.2529368390553867,1.4751233662418648e-05,0.0010659488058436287,3.3179683174416623,5.3017119187124155,0.0,0.0,1683.0,1235.0,
0,538.9710,9.80e+11,2.94e+13,1.0,0.0,2306.9027159192274,1882.3265502305162,0.134055851142253,0.4644560821231135,4.92e+05,1.49e+05,168229.55981028767,414792.47149763687,17793.732117457435,100000000.0,0.005585357692193146,0.5723828651752738,0.5807141395302811,0.7121408520212109,0.94,0.711604942182403,0.18442422299580963,6.346942560822706e-05,0.00041075945302131156,2.5984588541365046,1.0801109914099492,0.0,0.0,1683.0,1235.0,
1,1090.7750,3.68e+12,5.32e+13,1.0,0.0,1763.92608607191,2714.5310503781375,0.05066896255215163,0.47681128014327134,1.50e+05,4.99e+05,196908.53183090704,473428.48313254956,29730.883625880437,100000000.0,0.0045808793462968605,0.5797465001651625,0.578117480827754,0.6311516921321033,0.94,0.46666319239482545,0.22202178818963125,3.8038344348625166e-05,0.0006832041159692535,2.846274582522,2.6108332108111694,0.0,0.0,1683.0,1235.0,
2,1651.1820,3.68e+12,5.32e+13,1.0,0.0,1763.92608607191,2714.5310503781375,0.05066896255215163,0.47681128014327134,1.50e+05,4.99e+05,196908.53183090704,473428.48313254956,29730.883625880437,100000000.0,0.0045808793462968605,0.5797465001651625,0.578117480827754,0.6311516921321033,0.94,0.46666319239482545,0.22202178818963125,3.8038344348625166e-05,0.0006832041159692535,2.846274582522,2.6108332108111694,0.0,0.0,1683.0,1235.0,
3,2235.4950,4.69e+12,7.23e+13,1.0,0.0,1441.7553656644643,2701.9033320554327,0.07840340637550273,0.6225370555779609,1.54e+05,4.66e+05,182774.50711050976,509233.0795109325,20468.163994111583,100000000.0,0.003182623060039547,0.5813627263755771,0.6421690380474905,0.7588753836811536,0.94,0.24923954563087236,0.1481191360539856,5.1573160703928594e-05,0.0002512943703389248,1.4543367246158545,4.275823203661473,0.0,0.0,1683.0,1235.0,
4,2837.2590,4.69e+12,7.23e+13,1.0,0.0,1441.7553656644643,2701.9033320554327,0.07840340637550273,0.6225370555779609,1.54e+05,4.66e+05,182774.50711050976,509233.0795109325,20468.163994111583,100000000.0,0.003182623060039547,0.5813627263755771,0.6421690380474905,0.7588753836811536,0.94,0.24923954563087236,0.1481191360539856,5.1573160703928594e-05,0.0002512943703389248,1.4543367246158545,4.275823203661473,0.0,0.0,1683.0,1235.0,
5,3444.7360,4.69e+12,7.23e+13,1.0,0.0,1441.7553656644643,2701.9033320554327,0.07840340637550273,0.6225370555779609,1.54e+05,4.66e+05,182774.50711050976,509233.0795109325,20468.163994111583,100000000.0,0.003182623060039547,0.5813627263755771,0.6421690380474905,0.7588753836811536,0.94,0.24923954563087236,0.1481191360539856,5.1573160703928594e-05,0.0002512943703389248,1.4543367246158545,4.275823203661473,0.0,0.0,1683.0,1235.0,
6,4044.6300,2.47e+12,1.25e+14,1.0,0.0,2005.5391721132132,2002.3840287533549,0.0840402629996472,0.4413902993342218,1.31e+05,1.84e+05,185674.6561533403,416379.95883254346,19244.499838399395,100000000.0,0.003090704848322773,0.5788775738982483,0.4560480937926017,0.5840786707212118,0.94,0.4886110105324396,0.12716239923423525,5.522744371082589e-05,0.0003483709683753726,2.2916998276516916,3.0182807216689214,0.0,0.0,1683.0,1235.0,
7,4646.9420,2.47e+12,1.25e+14,1.0,0.0,2005.5391721132132,2002.3840287533549,0.0840402629996472,0.4413902993342218,1.31e+05,1.84e+05,185674.6561533403,416379.95883254346,19244.499838399395,100000000.0,0.003090704848322773,0.5788775738982483,0.4560480937926017,0.5840786707212118,0.94,0.4886110105324396,0.12716239923423525,5.522744371082589e-05,0.0003483709683753726,2.2916998276516916,3.0182807216689214,0.0,0.0,1683.0,1235.0,
8,5259.7060,3.82e+12,1.51e+14,1.0,0.0,1410.023895046641,2391.2490239210038,0.07146334253434937,0.5178052652409681,2.05e+05,1.60e+05,174291.4712305094,199922.3038607362,17543.058848785982,100000000.0,0.0023993074299529815,0.6038929661633172,0.5806868153314622,0.7139929681092043,0.94,0.4426984603981676,0.1717503822353692,3.064800303901702e-05,0.00040298618992787977,2.2414771587159192,3.8027308540760303,0.0,0.0,1683.0,1235.0,
9,5861.5650,3.82e+12,1.51e+14,1.0,0.0,1410.023895046641,2391.2490239210038,0.07146334253434937,0.5178052652409681,2.05e+05,1.60e+05,174291.4712305094,199922.3038607362,17543.058848785982,100000000.0,0.0023993074299529815,0.6038929661633172,0.5806868153314622,0.7139929681092043,0.94,0.4426984603981676,0.1717503822353692,3.064800303901702e-05,0.00040298618992787977,2.2414771587159192,3.8027308540760303,0.0,0.0,1683.0,1235.0,
10,6478.7550,3.82e+12,1.51e+14,1.0,0.0,1410.023895046641,2391.2490239210038,0.07146334253434937,0.5178052652409681,2.05e+05,1.60e+05,174291.4712305094,199922.3038607362,17543.058848785982,100000000.0,0.0023993074299529815,0.6038929661633172,0.5806868153314622,0.7139929681092043,0.94,0.4426984603981676,0.1717503822353692,3.064800303901702e-05,0.00040298618992787977,2.2414771587159192,3.8027308540760303,0.0,0.0,1683.0,1235.0,
11,7129.4940,3.82e+12,1.51e+14,1.0,0.0,1410.023895046641,2391.2490239210038,0.07146334253434937,0.5178052652409681,2.05e+05,1.60e+05,174291.4712305094,199922.3038607362,17543.058848785982,100000000.0,0.0023993074299529815,0.6038929661633172,0.5806868153314622,0.7139929681092043,0.94,0.4426984603981676,0.1717503822353692,3.064800303901702e-05,0.00040298618992787977,2.2414771587159192,3.8027308540760303,0.0,0.0,1683.0,1235.0,
12,7882.6360,3.82e+12,1.51e+14,1.0,0.0,1410.023895046641,2391.2490239210038,0.07146334253434937,0.5178052652409681,2.05e+05,1.60e+05,174291.4712305094,199922.3038607362,17543.058848785982,100000000.0,0.0023993074299529815,0.6038929661633172,0.5806868153314622,0.7139929681092043,0.94,0.4426984603981676,0.1717503822353692,3.064800303901702e-05,0.00040298618992787977,2.2414771587159192,3.8027308540760303,0.0,0.0,1683.0,1235.0,
13,8528.2340,3.82e+12,1.51e+14,1.0,0.0,1410.023895046641,2391.2490239210038,0.07146334253434937,0.5178052652409681,2.05e+05,1.60e+05,174291.4712305094,199922.3038607362,17543.058848785982,100000000.0,0.0023993074299529815,0.6038929661633172,0.5806868153314622,0.7139929681092043,0.94,0.4426984603981676,0.1717503822353692,3.064800303901702e-05,0.00040298618992787977,2.2414771587159192,3.8027308540760303,0.0,0.0,1683.0,1235.0,
14,9141.0520,3.82e+12,1.51e+14,1.0,0.0,1410.023895046641,2391.2490239210038,0.07146334253434937,0.5178052652409681,2.05e+05,1.60e+05,174291.4712305094,199922.3038607362,17543.058848785982,100000000.0,0.0023993074299529815,0.6038929661633172,0.5806868153314622,0.7139929681092043,0.94,0.4426984603981676,0.1717503822353692,3.064800303901702e-05,0.00040298618992787977,2.2414771587159192,3.8027308540760303,0.0,0.0,1683.0,1235.0,
15,9754.6590,3.82e+12,1.51e+14,1.0,0.0,1410.023895046641,2391.2490239210038,0.07146334253434937,0.5178052652409681,2.05e+05,1.60e+05,174291.4712305094,199922.3038607362,17543.058848785982,100000000.0,0.0023993074299529815,0.6038929661633172,0.5806868153314622,0.7139929681092043,0.94,0.4426984603981676,0.1717503822353692,3.064800303901702e-05,0.00040298618992787977,2.2414771587159192,3.8027308540760303,0.0,0.0,1683.0,1235.0,
16,10364.2740,3.82e+12,1.51e+14,1.0,0.0,1410.023895046641,2391.2490239210038,0.07146334253434937,0.5178052652409681,2.05e+05,1.60e+05,174291.4712305094,199922.3038607362,17543.058848785982,100000000.0,0.0023993074299529815,0.6038929661633172,0.5806868153314622,0.7139929681092043,0.94,0.4426984603981676,0.1717503822353692,3.064800303901702e-05,0.00040298618992787977,2.2414771587159192,3.8027308540760303,0.0,0.0,1683.0,1235.0,
17,10959.5840,3.82e+12,1.51e+14,1.0,0.0,1410.023895046641,2391.2490239210038,0.07146334253434937,0.5178052652409681,2.05e+05,1.60e+05,174291.4712305094,199922.3038607362,17543.058848785982,100000000.0,0.0023993074299529815,0.6038929661633172,0.5806868153314622,0.7139929681092043,0.94,0.4426984603981676,0.1717503822353692,3.064800303901702e-05,0.00040298618992787977,2.2414771587159192,3.8027308540760303,0.0,0.0,1683.0,1235.0,
18,11545.4950,3.82e+12,1.51e+14,1.0,0.0,1410.023895046641,2391.2490239210038,0.07146334253434937,0.5178052652409681,2.05e+05,1.60e+05,174291.4712305094,199922.3038607362,17543.058848785982,100000000.0,0.0023993074299529815,0.6038929661633172,0.5806868153314622,0.7139929681092043,0.94,0.4426984603981676,0.1717503822353692,3.064800303901702e-05,0.00040298618992787977,2.2414771587159192,3.8027308540760303,0.0,0.0,1683.0,1235.0,
19,12123.9810,1.77e+12,1.07e+14,1.0,0.0,1647.388489450465,2336.5529948072017,0.07786349936584852,0.7543916590810074,1.52e+05,3.32e+05,163563.89914974137,283871.410792154,17653.15587437254,100000000.0,0.002340275180983592,0.579715104118614,0.4611258881855209,0.8622237333395782,0.94,0.5099042848710322,0.14241050725962634,6.555539995896972e-05,0.0005125420179922087,2.858224836454304,3.4053300997886184,0.0,0.0,1683.0,1235.0,
20,12691.0386,1.80e+12,1.17e+14,1.0,0.0,1864.6623481973156,2355.200282280554,0.10389699399864591,0.5007131208483133,1.33e+05,2.21e+05,274156.4797532883,394161.37122697383,27731.53754501627,100000000.0,0.0022383495217362707,0.5814433834560695,0.43955407568372007,0.6960962487316653,0.94,0.6337327742247693,0.2104594417635503,9.956320351961511e-05,0.0004125864410952635,3.337126173243385,1.8056638364598037,0.0,0.0,1683.0,1235.0,
21,13249.8696,1.51e+12,1.16e+14,1.0,0.0,1858.90839553975,2252.6953057956143,0.0875287953076021,0.623494582960417,1.38e+05,2.23e+05,216178.00402020276,320737.86004989845,24482.39815442059,100000000.0,0.001916544865898544,0.5808041662382324,0.38532234310810654,0.7476644177793785,0.94,0.6094780390183834,0.17777114775760083,9.323567872096997e-05,0.00042889219370082,3.411097583445647,2.1249899688856377,0.0,0.0,1683.0,1235.0,
22,13792.1700,1.86e+12,7.71e+13,1.0,0.0,1936.4080794827346,1713.2243350316994,0.08482824367317117,0.6763942731870396,1.50e+05,3.51e+05,159636.36874241004,283469.50249019876,28314.029557807495,100000000.0,0.0015819696143525603,0.5793849364166616,0.38411403730428917,0.9359682691908305,0.94,0.7273845329177616,0.21103790221152335,8.833016568545954e-05,0.0004062609120314779,3.665400758064007,2.212372063328698,0.0,0.0,1683.0,1235.0,
23,14340.2870,1.59e+12,8.98e+13,1.0,0.0,1977.4821787036021,1918.0414456205954,0.07016427120612198,0.71281306993184,1.51e+05,3.54e+05,132106.5297312027,264633.7588325351,25413.9510364735,100000000.0,0.0015439993391668963,0.5784007061893478,0.35180335242665683,0.9538523108978417,0.94,0.6648355368392603,0.21300533216992382,8.164269481266854e-05,0.0004489001620960214,3.631204166727288,2.7801200947867235,0.0,0.0,1683.0,1235.0,
24,14877.2170,1.54e+12,8.17e+13,1.0,0.0,2017.4485625759442,1939.591530519089,0.08021115879806204,0.7324606761640649,1.50e+05,3.84e+05,138295.38027706058,279152.5443941081,26894.495951310742,100000000.0,0.0012221489770436592,0.578596818419771,0.371222703891291,0.9676210881769153,0.94,0.7230844043451189,0.22711654751852509,8.213675025640041e-05,0.000415615659295909,3.7915430250655158,2.601238100764699,0.0,0.0,1683.0,1235.0,
25,15404.9020,1.77e+12,8.24e+13,1.0,0.0,1898.6696565678942,1786.7961362908613,0.07756703564705264,0.7229685630294738,1.54e+05,3.90e+05,137996.368567003,249538.4918440769,26862.588489651484,100000000.0,0.0010814564885866583,0.5784246984498436,0.4070559788693556,0.9852862214711288,0.94,0.6977172073328642,0.22143495796877766,7.492413538834928e-05,0.000366206018530839,3.69734733920892,2.745730124547082,0.0,0.0,1683.0,1235.0,
26,15933.7180,1.77e+12,8.24e+13,1.0,0.0,1898.6696565678942,1786.7961362908613,0.07756703564705264,0.7229685630294738,1.54e+05,3.90e+05,137996.368567003,249538.4918440769,26862.588489651484,100000000.0,0.0010814564885866583,0.5784246984498436,0.4070559788693556,0.9852862214711288,0.94,0.6977172073328642,0.22143495796877766,7.492413538834928e-05,0.000366206018530839,3.69734733920892,2.745730124547082,0.0,0.0,1683.0,1235.0,
27,16476.2220,1.66e+12,7.88e+13,1.0,0.0,1902.287420978566,1970.5153993760177,0.07561756310615374,0.7757799188457808,1.55e+05,3.90e+05,123996.24585612962,232638.2555470843,26102.912824033694,100000000.0,0.0010387410301748697,0.5783348296696522,0.3791136577231977,0.9997967823427408,0.94,0.7045157393760375,0.21841672702393938,7.688477306871469e-05,0.00039483761875389067,3.651447236174823,2.973294660474881,0.0,0.0,1683.0,1235.0,
28,17016.5130,1.70e+12,8.12e+13,1.0,0.0,1840.3025845120733,2031.4459425261293,0.07761476191936692,0.7626946453363657,1.56e+05,3.82e+05,128775.3498070979,233611.82108567323,26049.30293738163,100000000.0,0.0010147137140705275,0.5784357331377321,0.383667801872916,0.986915109633669,0.94,0.70173735576816,0.2161160382326358,7.726828694182096e-05,0.00039588829971537844,3.589789803561943,3.060132561944372,0.0,0.0,1683.0,1235.0,
29,17558.5910,1.78e+12,8.18e+13,1.0,0.0,1825.0041100731705,2033.5410893084695,0.07515058063728249,0.7639818066904953,1.56e+05,3.86e+05,128742.27772910806,218812.98663554614,25498.90576594905,100000000.0,0.0009526638092256659,0.5784245147278129,0.3869879301477508,0.9944244351060764,0.94,0.7133099509593763,0.21470544233010497,7.430019815193294e-05,0.00038324728107254726,3.5866972672520085,3.0630195696395193,0.0,0.0,1683.0,1235.0,
30,18090.4960,1.55e+12,8.59e+13,1.0,0.0,1788.7634150207173,2049.40187929694,0.07901450007958181,0.7928627092313838,1.55e+05,3.79e+05,134655.30777834996,191681.11423757835,26254.356355579577,100000000.0,0.0008781151715249683,0.5783354576999662,0.3549284192026505,0.9827902729732202,0.94,0.7457131596001942,0.20607063139251058,7.619435554847142e-05,0.00036727683556426474,3.648722136624668,2.985674554687078,0.0,0.0,1683.0,1235.0,
31,18616.1980,1.72e+12,9.12e+13,1.0,0.0,1703.2642453103167,2132.4608826575704,0.07985727854178873,0.7736255914787923,1.56e+05,3.72e+05,139615.01334294054,174962.7931537382,26104.025790364467,100000000.0,0.0008650817553638487,0.5783665798529161,0.36752756652487417,0.9812626023514079,0.94,0.759773639624321,0.20491120118700046,7.342685287713615e-05,0.0003451431944114054,3.615694957196561,3.056505223045436,0.0,0.0,1683.0,1235.0,
32,19157.7080,1.72e+12,9.01e+13,1.0,0.0,1708.21624025036,2146.2648366840335,0.07994478908364494,0.779864922633269,1.56e+05,3.74e+05,136034.7175598979,177966.65422704397,25997.039237779776,100000000.0,0.0008524429651202302,0.5783711431588439,0.3671660535426811,0.9818831758162828,0.94,0.7538502161986795,0.20390653351260193,7.360662010124088e-05,0.00035598086679701957,3.604225454726792,3.095468914294072,0.0,0.0,1683.0,1235.0,
33,19696.4860,1.72e+12,8.93e+13,1.0,0.0,1709.0390624164752,2151.2240225584446,0.07990713866249827,0.7793915373309022,1.56e+05,3.74e+05,135433.3977847107,180717.43456709338,26022.61948451121,100000000.0,0.0008458500436721362,0.578367238450444,0.36793664166059126,0.9825008270321418,0.94,0.7503920381972322,0.20512199791934227,7.394551635871217e-05,0.0003575805026966408,3.5973779346597774,3.122302246117844,0.0,0.0,1683.0,1235.0,
34,20261.9190,1.71e+12,8.90e+13,1.0,0.0,1712.7634321175528,2122.186770184988,0.07961585208444019,0.7805285615393018,1.56e+05,3.75e+05,134706.62212966097,180805.62023159472,26097.764969695607,100000000.0,0.0008443684501954232,0.5783628741686889,0.3688019869948424,0.9832918300330864,0.94,0.7484001248256376,0.20470555952053748,7.363637374522921e-05,0.0003574935502335889,3.6015873283159765,3.1142372535494056,0.0,0.0,1683.0,1235.0,
35,20792.2220,1.71e+12,8.81e+13,1.0,0.0,1719.8621385715192,2108.17774120825,0.07940765999096623,0.7784623848206343,1.56e+05,3.76e+05,134145.86480529408,184829.67976153118,26109.85519790154,100000000.0,0.0008403594369055477,0.5783739948615187,0.3705825119008316,0.9836109879952746,0.94,0.743949873034694,0.20566833426264203,7.38560089510695e-05,0.00036124151170269746,3.5981735471944134,3.119386170884604,0.0,0.0,1683.0,1235.0,
36,21338.9110,1.70e+12,8.79e+13,1.0,0.0,1710.5554817940588,2095.682386760386,0.07957055707741265,0.7780562199437872,1.57e+05,3.76e+05,133772.12493160745,184473.24006566705,26205.70613512522,100000000.0,0.0008368535378808933,0.5783688209109301,0.3720098215797868,0.9830167158444953,0.94,0.7418905384038608,0.20533585799479595,7.363385993073143e-05,0.0003609913795786519,3.5944362394722726,3.140036613613816,0.0,0.0,1683.0,1235.0,
37,21911.2560,1.71e+12,8.83e+13,1.0,0.0,1693.90972734653,2102.4781890825675,0.0799173450409025,0.7766929283034312,1.57e+05,3.75e+05,133984.09273686574,182469.14564147886,26257.782233438462,100000000.0,0.000834175014449779,0.5783751264566879,0.3731843803392162,0.9817049559979331,0.94,0.7420648611160928,0.20478936807582238,7.34296950507363e-05,0.00036049875592857863,3.585158051557211,3.1695800395608247,0.0,0.0,1683.0,1235.0,
38,22496.5890,1.71e+12,8.80e+13,1.0,0.0,1693.6462485090442,2091.2836313429093,0.0799647029156329,0.7758935216045114,1.57e+05,3.76e+05,133276.33800751023,183868.80206857366,26309.803905866043,100000000.0,0.0008328501018036805,0.5783749492291806,0.37472892697635984,0.9818502488915992,0.94,0.7396073749020572,0.20486472597982394,7.334310118596083e-05,0.0003619334021363741,3.5844968221600384,3.1759869690341516,0.0,0.0,1683.0,1235.0,
39,23066.7960,1.71e+12,8.79e+13,1.0,0.0,1671.9197533461052,2080.8703285356146,0.08029653272161427,0.7736489078918163,1.57e+05,3.76e+05,132787.3511049123,183099.20102395126,26440.639995695914,100000000.0,0.0008304003763445439,0.578381946705461,0.3783902605783276,0.9806693368077487,0.94,0.7357112068705159,0.2044536122026448,7.29252075328666e-05,0.0003627656454200074,3.5692467166626622,3.2283163856022004,0.0,0.0,1683.0,1235.0,
40,23630.6990,1.71e+12,8.64e+13,1.0,0.0,1642.057390159984,2034.707427158944,0.08042112019250171,0.7689012284841544,1.58e+05,3.77e+05,130458.97461397594,185183.5017228864,26716.847447762106,100000000.0,0.0008185620885029083,0.5783905002472438,0.3864537461030631,0.9799530984263263,0.94,0.7237036410248959,0.20447057084464298,7.225971610195414e-05,0.00036851995944324034,3.5412342360119093,3.3253985712818492,0.0,0.0,1683.0,1235.0,
41,24192.2070,1.68e+12,8.12e+13,1.0,0.0,1541.366539008346,1872.900630669758,0.08128426732989599,0.7534575441519663,1.61e+05,3.82e+05,122669.52446307908,193955.00953483125,27745.770529254158,100000000.0,0.0007975458301445411,0.5784185625323386,0.41329804934804315,0.9760365520420693,0.94,0.6816529575068908,0.20444843892199452,7.029975565948523e-05,0.0003896381973909653,3.4484905215663946,3.6545750503837287,0.0,0.0,1683.0,1235.0,
42,24760.2590,1.67e+12,7.78e+13,1.0,0.0,1497.0881205170335,1775.623346686028,0.08151162206646428,0.7428989774870697,1.62e+05,3.85e+05,117436.46108952817,202493.74439906978,28297.979121965538,100000000.0,0.0007848157902902008,0.5784371325892328,0.42961510527976265,0.974736256752768,0.94,0.6549605641230971,0.20533616637100474,6.939196580573672e-05,0.00040498458867555725,3.3990706718675496,3.8281041033865666,0.0,0.0,1683.0,1235.0,
43,25333.7490,1.65e+12,7.45e+13,1.0,0.0,1494.473005343216,1697.6988541493156,0.08112132781272355,0.736736188799241,1.63e+05,3.89e+05,113264.07028153146,214536.31112756202,28590.43776323721,100000000.0,0.0007646535955631283,0.5784531430905278,0.44047263061976044,0.9755640974828739,0.94,0.6332182504940274,0.20736445704728917,6.927369740395e-05,0.00041922904397362473,3.3728396773060516,3.914195807403676,0.0,0.0,1683.0,1235.0,
44,25903.4210,1.62e+12,7.01e+13,1.0,0.0,1461.4992619731997,1582.3454236675539,0.08101437829186384,0.7270875177830692,1.64e+05,3.93e+05,107489.94963424621,226135.11966978022,29152.246708124454,100000000.0,0.0007592848160709204,0.5784687478087421,0.4569257846664331,0.9752386879590504,0.94,0.6033784299447549,0.2089761494512246,6.857578227050749e-05,0.0004370115834280997,3.3253590358031144,4.081500086863996,0.0,0.0,1683.0,1235.0,
45,26477.1720,1.63e+12,7.23e+13,1.0,0.0,1496.4842273526692,1648.2219358742796,0.08073735790755733,0.7334052002573526,1.63e+05,3.91e+05,110703.21670622588,221351.6179893009,28758.44996764727,100000000.0,0.0007572203667633622,0.5784540325122722,0.4460606308865601,0.9765711219925235,0.94,0.6208977665496784,0.20869885400724264,6.926524569741971e-05,0.0004277869787598984,3.360872253733179,3.9561607817515823,0.0,0.0,1683.0,1235.0,
46,27042.7060,1.62e+12,7.00e+13,1.0,0.0,1482.4468915630248,1585.7505113226762,0.08063218233362969,0.7279226441352958,1.64e+05,3.94e+05,107466.45582267085,228220.94463932823,29055.214165174722,100000000.0,0.0007537689048645834,0.5784614359360588,0.4551726469327352,0.9767138678307176,0.94,0.604596103802971,0.20968798749306153,6.888283098325964e-05,0.00043731171788738177,3.3373968414023425,4.039432026632175,0.0,0.0,1683.0,1235.0,
47,27620.0320,1.62e+12,6.99e+13,1.0,0.0,1487.4622658776664,1583.2595539975487,0.0805667764783567,0.7281087911763215,1.64e+05,3.94e+05,107617.23337228445,228699.65981558076,29055.559009208555,100000000.0,0.0007519981308795663,0.5784583666377412,0.45448005486769244,0.9767857647290064,0.94,0.604649795878946,0.20988586852019303,6.900547153439608e-05,0.0004372518944637749,3.3408494553261887,4.029597290888766,0.0,0.0,1683.0,1235.0,
48,28183.6960,1.62e+12,6.93e+13,1.0,0.0,1483.8071316923017,1564.5748765977182,0.08059029359413367,0.7259454550924342,1.64e+05,3.95e+05,106852.09072166047,231156.46615955705,29153.650409714064,100000000.0,0.0007488173026925335,0.5784612490992038,0.4572855647549294,0.9765006366947024,0.94,0.5996165373472547,0.21026399532578294,6.892983208335457e-05,0.00043979431748979484,3.3345232438139227,4.051583318986797,0.0,0.0,1683.0,1235.0,
49,28750.1790,1.61e+12,6.89e+13,1.0,0.0,1478.658923854051,1547.8096778110107,0.08066352364145335,0.724343527043245,1.64e+05,3.95e+05,106596.18962311558,231949.38125783182,29259.53303963771,100000000.0,0.0007443686871041802,0.5784520095493516,0.45877722159194434,0.9758767580977226,0.94,0.5964472270846866,0.21040754352702756,6.888492959848102e-05,0.0004408708798621184,3.3305551396378132,4.069193849355776,0.0,0.0,1683.0,1235.0,
50,29319.5360,1.59e+12,6.78e+13,1.0,0.0,1463.313375070597,1511.6238528824506,0.08084655957485132,0.7200323918254457,1.65e+05,3.96e+05,105313.23194512745,234876.16398959473,29492.32393819525,100000000.0,0.0007385712269572301,0.5784554165076522,0.46393175030575484,0.9746909336657634,0.94,0.587198293903882,0.21083855516566968,6.868407981045635e-05,0.0004453713689297036,3.3152541740939045,4.1264473482902195,0.0,0.0,1683.0,1235.0,
51,29878.8660,1.59e+12,6.64e+13,1.0,0.0,1456.357895943455,1471.8227240023616,0.08080823807764384,0.7159982552306839,1.65e+05,3.98e+05,103651.17324170182,239747.99213690264,29692.372470177586,100000000.0,0.0007346000657053081,0.5784606078761607,0.46973282369033664,0.9743796273009284,0.94,0.5768879459765153,0.21171176146431486,6.847751351560989e-05,0.0004509622249008905,3.3025158995036605,4.17291267204239,0.0,0.0,1683.0,1235.0,
52,30459.0730,1.60e+12,6.56e+13,1.0,0.0,1440.9002842497393,1446.4889349806867,0.08101989848893466,0.7114834210053402,1.65e+05,3.99e+05,102711.78488111141,243367.75383065277,29871.527018128218,100000000.0,0.0007225640805268213,0.5784792620506871,0.4761912467455922,0.9729042843068461,0.94,0.5684732388117697,0.21231836831328949,6.803348821615476e-05,0.0004553691463874243,3.287194859063966,4.2245670416117855,0.0,0.0,1683.0,1235.0,
53,31018.5900,7.52e+12,8.68e+13,1.0,0.0,1234.142037558689,3794.1541767198637,0.10489441772887179,0.2781391573961555,1.75e+05,5.74e+05,87337.39975055857,383367.38499335607,24688.93116296878,100000000.0,0.0006812158846424257,0.5786646555368913,0.7552664718744098,0.9145166865403277,0.94,0.45143948981426607,0.21658226316956816,2.099893464181337e-05,0.00040254262582382753,2.940372561827542,3.530111828688452,0.0,0.0,1683.0,1235.0,
54,31596.4050,7.52e+12,8.68e+13,1.0,0.0,1234.142037558689,3794.1541767198637,0.10489441772887179,0.2781391573961555,1.75e+05,5.74e+05,87337.39975055857,383367.38499335607,24688.93116296878,100000000.0,0.0006812158846424257,0.5786646555368913,0.7552664718744098,0.9145166865403277,0.94,0.45143948981426607,0.21658226316956816,2.099893464181337e-05,0.00040254262582382753,2.940372561827542,3.530111828688452,0.0,0.0,1683.0,1235.0,
55,32177.8280,7.52e+12,8.68e+13,1.0,0.0,1234.142037558689,3794.1541767198637,0.10489441772887179,0.2781391573961555,1.75e+05,5.74e+05,87337.39975055857,383367.38499335607,24688.93116296878,100000000.0,0.0006812158846424257,0.5786646555368913,0.7552664718744098,0.9145166865403277,0.94,0.45143948981426607,0.21658226316956816,2.099893464181337e-05,0.00040254262582382753,2.940372561827542,3.530111828688452,0.0,0.0,1683.0,1235.0,
56,32766.6540,7.52e+12,8.68e+13,1.0,0.0,1234.142037558689,3794.1541767198637,0.10489441772887179,0.2781391573961555,1.75e+05,5.74e+05,87337.39975055857,383367.38499335607,24688.93116296878,100000000.0,0.0006812158846424257,0.5786646555368913,0.7552664718744098,0.9145166865403277,0.94,0.45143948981426607,0.21658226316956816,2.099893464181337e-05,0.00040254262582382753,2.940372561827542,3.530111828688452,0.0,0.0,1683.0,1235.0,
57,33335.2650,7.52e+12,8.68e+13,1.0,0.0,1234.142037558689,3794.1541767198637,0.10489441772887179,0.2781391573961555,1.75e+05,5.74e+05,87337.39975055857,383367.38499335607,24688.93116296878,100000000.0,0.0006812158846424257,0.5786646555368913,0.7552664718744098,0.9145166865403277,0.94,0.45143948981426607,0.21658226316956816,2.099893464181337e-05,0.00040254262582382753,2.940372561827542,3.530111828688452,0.0,0.0,1683.0,1235.0,
58,33893.4100,6.86e+12,5.30e+13,1.0,0.0,1236.1065103650171,3376.2521962612964,0.11799733580166753,0.2552587660103107,1.77e+05,5.24e+05,93857.140438122,365724.91235371225,28993.765918528323,100000000.0,0.0006600371276197169,0.5787130227048256,0.651343653804952,0.981779235268561,0.94,0.42767695961035,0.22170229214850098,4.032986146085785e-05,0.00046051156580687014,2.872163745878334,3.301316103878003,0.0,0.0,1683.0,1235.0,
59,34475.5130,6.86e+12,5.30e+13,1.0,0.0,1236.1065103650171,3376.2521962612964,0.11799733580166753,0.2552587660103107,1.77e+05,5.24e+05,93857.140438122,365724.91235371225,28993.765918528323,100000000.0,0.0006600371276197169,0.5787130227048256,0.651343653804952,0.981779235268561,0.94,0.42767695961035,0.22170229214850098,4.032986146085785e-05,0.00046051156580687014,2.872163745878334,3.301316103878003,0.0,0.0,1683.0,1235.0,
60,35046.3050,6.86e+12,5.30e+13,1.0,0.0,1236.1065103650171,3376.2521962612964,0.11799733580166753,0.2552587660103107,1.77e+05,5.24e+05,93857.140438122,365724.91235371225,28993.765918528323,100000000.0,0.0006600371276197169,0.5787130227048256,0.651343653804952,0.981779235268561,0.94,0.42767695961035,0.22170229214850098,4.032986146085785e-05,0.00046051156580687014,2.872163745878334,3.301316103878003,0.0,0.0,1683.0,1235.0,
61,35604.2190,6.86e+12,5.30e+13,1.0,0.0,1236.1065103650171,3376.2521962612964,0.11799733580166753,0.2552587660103107,1.77e+05,5.24e+05,93857.140438122,365724.91235371225,28993.765918528323,100000000.0,0.0006600371276197169,0.5787130227048256,0.651343653804952,0.981779235268561,0.94,0.42767695961035,0.22170229214850098,4.032986146085785e-05,0.00046051156580687014,2.872163745878334,3.301316103878003,0.0,0.0,1683.0,1235.0,
62,36172.7160,6.86e+12,5.30e+13,1.0,0.0,1236.1065103650171,3376.2521962612964,0.11799733580166753,0.2552587660103107,1.77e+05,5.24e+05,93857.140438122,365724.91235371225,28993.765918528323,100000000.0,0.0006600371276197169,0.5787130227048256,0.651343653804952,0.981779235268561,0.94,0.42767695961035,0.22170229214850098,4.032986146085785e-05,0.00046051156580687014,2.872163745878334,3.301316103878003,0.0,0.0,1683.0,1235.0,
63,36737.7400,6.88e+12,3.36e+13,1.0,0.0,1256.109008332128,3091.862971288152,0.11756098170506665,0.20084644867640877,1.71e+05,5.22e+05,74216.54055016895,348929.87026830966,32287.68072973796,100000000.0,0.0006412886565910338,0.5785993139605323,0.5552883590959814,0.891673982774974,0.94,0.3850729875335349,0.16888344007824713,5.0543638716844206e-05,0.0003206940463236962,3.2137441275940946,3.538549583681286,0.0,0.0,1683.0,1235.0,
64,37303.3300,7.41e+12,6.46e+13,1.0,0.0,1240.573337076707,3344.8904848604293,0.1301821102804107,0.07651716371480333,1.69e+05,4.94e+05,68606.6372677875,372014.6576831205,35543.35984524252,100000000.0,0.0006011032357002264,0.5785914373344951,0.5201570748776265,0.8480864417446474,0.94,0.3446123858041696,0.1749244565297609,4.719537777029753e-05,0.00037099875868599054,3.2990409715303084,2.7947264118180373,0.0,0.0,1683.0,1235.0,
65,37888.0260,6.84e+12,1.99e+13,1.0,0.0,1192.8339511978327,2922.129071888863,0.11194352507516334,0.25240511134106725,1.70e+05,5.82e+05,79507.6072293712,301552.9497849341,32733.97092774145,100000000.0,0.000524595948879963,0.5785560965855645,0.5714837136192346,0.8608974674832266,0.94,0.3075942400936692,0.1737127925836432,3.953223448311192e-05,0.00041400516435371467,3.2670554504731033,3.8751194122504806,0.0,0.0,1683.0,1235.0,
66,38471.7970,7.16e+12,5.27e+13,1.0,0.0,1182.877474163453,2951.9217675822742,0.11682183241752589,0.2404598574257088,1.69e+05,5.72e+05,83951.87673221802,312960.0428283443,33325.718960121405,100000000.0,0.0005030785051302763,0.5785315021918905,0.5653560776226365,0.8417378407828345,0.94,0.2748828859898038,0.19523910629192606,2.9327905999957415e-05,0.00046180147155147096,3.3277373381520716,3.476201237089,0.0,0.0,1683.0,1235.0,
67,39052.7080,7.35e+12,4.70e+13,1.0,0.0,1193.2180945844661,2949.4290515930147,0.1179657071885471,0.1978965570081356,1.68e+05,5.68e+05,76764.26832605593,309942.61361709225,34438.460576177604,100000000.0,0.0005001550903610616,0.5785071158117059,0.5600267314985781,0.8244555979350238,0.94,0.2641960957389722,0.18612289618421063,3.1691661201555786e-05,0.00048176034684999455,3.3983178378984027,3.4789122746238057,0.0,0.0,1683.0,1235.0,
68,39624.9380,7.14e+12,4.16e+13,1.0,0.0,1190.691694062828,2855.313749472517,0.11405915265876268,0.22762962961811706,1.69e+05,5.79e+05,80232.47842672087,309079.4628334866,33444.347828753875,100000000.0,0.000495050654651752,0.5785064393389,0.5839833849401971,0.834516643133968,0.94,0.2741803935841506,0.18770712350286273,3.0056724717915817e-05,0.00047955964875530177,3.37741813064938,3.5793058899311325,0.0,0.0,1683.0,1235.0,
69,40187.1830,7.27e+12,3.71e+13,1.0,0.0,1198.3411786703386,2867.606512810673,0.11579781188951449,0.19246237259731042,1.68e+05,5.75e+05,75308.89053548046,311255.7787707012,34268.13543442847,100000000.0,0.0004939345094267008,0.578498390218972,0.574437183659396,0.8269097100433592,0.94,0.27372051843807643,0.1822932343285431,3.2582594625666706e-05,0.000478353954209589,3.4072517886229674,3.5459446770283476,0.0,0.0,1683.0,1235.0,
70,40751.2130,7.19e+12,3.74e+13,1.0,0.0,1194.5632669066508,2844.1391196765876,0.11436192811686502,0.21878734591930868,1.69e+05,5.81e+05,78368.63974790898,309074.2951321495,33741.832651771605,100000000.0,0.0004923741102204409,0.5785045804876996,0.57860989002425,0.8328291667662803,0.94,0.2745094647828423,0.1857015115856196,3.1291416432633164e-05,0.0004741011603053736,3.3880074828144036,3.6023775678610463,0.0,0.0,1683.0,1235.0,
71,41300.6030,7.08e+12,3.13e+13,1.0,0.0,1186.292773265527,2727.1912280447496,0.1121377077214192,0.2337147670761176,1.69e+05,5.91e+05,79322.23510690148,309978.77322428534,33227.015978630865,100000000.0,0.0004896677663833276,0.5785058556957908,0.5999031248885828,0.8381967298496983,0.94,0.27745731626124315,0.1842705534717511,3.122716340194134e-05,0.00047067037626418205,3.3777633300353953,3.7350127389845436,0.0,0.0,1683.0,1235.0,
72,41867.1620,7.15e+12,2.74e+13,1.0,0.0,1190.173319793653,2664.048370707066,0.11212726801399842,0.23892739653237802,1.69e+05,5.96e+05,77413.87544054003,313094.7444954667,33244.79683746753,100000000.0,0.00048741184014042727,0.5784994645620789,0.6077120294256977,0.8383141903638726,0.94,0.2778798245330447,0.18252204481327958,3.197879111133148e-05,0.0004642110591723045,3.3911942052909754,3.849201468030013,0.0,0.0,1683.0,1235.0,
73,42422.0410,7.11e+12,1.90e+13,1.0,0.0,1187.4568358962024,2562.029401412389,0.11065553999594499,0.2504533155779178,1.70e+05,6.04e+05,77080.85586559752,312261.1932129814,32939.18600015573,100000000.0,0.0004848996977841213,0.5784982393422216,0.6169164410712646,0.8431636567358585,0.94,0.2782917691852309,0.1798264918469529,3.2373459453346594e-05,0.0004597849814681681,3.38860995188581,3.9650586339491856,0.0,0.0,1683.0,1235.0,
74,42990.2580,7.08e+12,2.01e+13,1.0,0.0,1192.9602681904198,2519.7266011280544,0.10898456977647261,0.26476449914727396,1.70e+05,6.06e+05,77440.96736725591,314666.8929802938,32503.287562288948,100000000.0,0.0004825133029073766,0.5784980394008825,0.6279845314460185,0.8482471186136937,0.94,0.28021674145146336,0.18159007531546828,3.2038852391540375e-05,0.00045562887849537716,3.38778313907473,4.030826266586349,0.0,0.0,1683.0,1235.0,
75,43530.0600,6.99e+12,2.21e+13,1.0,0.0,1197.2847862192234,2411.8952399965883,0.10605440816662126,0.3009504606959238,1.70e+05,6.11e+05,78512.3812311891,321929.0294477014,31481.577308145228,100000000.0,0.00047860721600289106,0.578502137159993,0.6520387964532126,0.86019327641554,0.94,0.28605009162146733,0.1835309981560943,3.115603499351427e-05,0.0004413480067201827,3.371097324606883,4.186816702235141,0.0,0.0,1683.0,1235.0,
76,44049.1000,6.84e+12,1.96e+13,1.0,0.0,1208.5869926753835,2200.696751009263,0.0999229281927436,0.35216409780710894,1.71e+05,6.22e+05,79618.92331964319,325491.470614912,30061.561465071813,100000000.0,0.00047143985167797547,0.5784966876836806,0.6823491736922458,0.8761360575133934,0.94,0.28875727271700913,0.1864538047601781,3.0416013806881055e-05,0.000422340889391553,3.373929107571259,4.430419866178044,0.0,0.0,1683.0,1235.0,
77,44569.8940,6.83e+12,3.29e+13,1.0,0.0,1204.992867454118,2092.008601230933,0.09888374903908392,0.3878748389779633,1.71e+05,6.10e+05,80364.04071174658,326385.75329648907,29398.703820815135,100000000.0,0.0004677549517241834,0.5785024343157245,0.6852437834100018,0.8858942331827595,0.94,0.29101496386889003,0.1907380506351375,2.9311333383013217e-05,0.00039812255682840543,3.355208024333548,4.6177118832885995,0.0,0.0,1683.0,1235.0,
78,45097.2370,6.85e+12,5.10e+13,1.0,0.0,1200.5398309780421,1990.0121875166847,0.09931714368063041,0.4135564850440152,1.72e+05,5.97e+05,79837.2084951264,336380.08284127153,28348.9714865071,100000000.0,0.0004653165811786174,0.5785099274299115,0.6995997913617071,0.8956614881548837,0.94,0.29304383039431653,0.19316330585091168,2.851458148852933e-05,0.00037527443084661943,3.3340216173361394,4.692638265086706,0.0,0.0,1683.0,1235.0,
79,45624.5288,7.07e+12,8.30e+13,1.0,0.0,1184.3703779849366,1885.8192199008795,0.10170286500658068,0.45062438244478037,1.73e+05,5.76e+05,79878.43125148564,338871.385170758,27702.05901714674,100000000.0,0.00046029594591232405,0.5785192898114653,0.7033785606642983,0.9033513736297512,0.94,0.29156868470907504,0.20399326599049966,2.7151389258093e-05,0.00034012866737264665,3.306501929946495,4.892123464164579,0.0,0.0,1683.0,1235.0,
80,46164.3582,7.40e+12,9.98e+13,1.0,0.0,1192.413538042495,1549.8895513839307,0.09497577541988958,0.4967100213254454,1.74e+05,5.79e+05,85142.48427005831,339375.8261816784,25793.575599740103,100000000.0,0.000451726191046144,0.5785055629516924,0.7587654465192653,0.923266888018285,0.94,0.29290766982558136,0.22210148298320745,2.4620869490349652e-05,0.00030054809955242607,3.335447741612922,5.29308936948477,0.0,0.0,1683.0,1235.0,
81,46717.9440,7.78e+12,9.02e+13,1.0,0.0,1219.6650124277694,1086.1666257243405,0.08113289484392122,0.5621418949099488,1.74e+05,6.26e+05,97548.74781711462,341586.3742654675,23864.253813360236,100000000.0,0.00042909370888431927,0.5784668287880279,0.8608649835447606,0.9460471632558887,0.94,0.2958542243653878,0.24927688247712448,2.1178415685752397e-05,0.0002732396271864971,3.423551133535576,5.880467835925321,0.0,0.0,1683.0,1235.0,
82,47258.6420,7.75e+12,8.03e+13,1.0,0.0,1227.2869698480022,969.9546571482433,0.07780975850948199,0.5876177112478534,1.74e+05,6.46e+05,100488.91613596544,347188.6949958595,23345.177507041695,100000000.0,0.00042494250406512784,0.5784575938195886,0.889055717877981,0.9518274600466385,0.94,0.2985474311567777,0.25316949681404666,1.932032506715082e-05,0.0002707655020409617,3.442303762531392,5.978895006828029,0.0,0.0,1683.0,1235.0,
83,47797.9500,7.82e+12,8.38e+13,1.0,0.0,1225.935918139715,976.9057071064665,0.07804101114220856,0.5812243658272687,1.74e+05,6.42e+05,100346.34817909023,344800.3167248138,23265.061775395683,100000000.0,0.00042439282119833535,0.5784579867947928,0.891435055935781,0.9512791666172896,0.94,0.29697063457487227,0.25419695325307534,1.985121184777046e-05,0.00027012555379247354,3.4424986717403274,5.979724956769214,0.0,0.0,1683.0,1235.0,
84,48330.8260,7.82e+12,8.38e+13,1.0,0.0,1225.935918139715,976.9057071064665,0.07804101114220856,0.5812243658272687,1.74e+05,6.42e+05,100346.34817909023,344800.3167248138,23265.061775395683,100000000.0,0.00042439282119833535,0.5784579867947928,0.891435055935781,0.9512791666172896,0.94,0.29697063457487227,0.25419695325307534,1.985121184777046e-05,0.00027012555379247354,3.4424986717403274,5.979724956769214,0.0,0.0,1683.0,1235.0,
85,48863.7640,7.80e+12,8.23e+13,1.0,0.0,1226.1301572109774,947.7507227985872,0.07806170697514592,0.5893430522973186,1.74e+05,6.45e+05,100921.72736580062,347939.59211813984,23154.945595248795,100000000.0,0.00042339273095109336,0.5784573468648245,0.8963923816011239,0.9528035364439937,0.94,0.29832368503666273,0.25440329325076527,1.9170875689672238e-05,0.0002678866025001039,3.443133357315708,5.990353623251081,0.0,0.0,1683.0,1235.0,
86,49393.6170,7.80e+12,8.23e+13,1.0,0.0,1226.1301572109774,947.7507227985872,0.07806170697514592,0.5893430522973186,1.74e+05,6.45e+05,100921.72736580062,347939.59211813984,23154.945595248795,100000000.0,0.00042339273095109336,0.5784573468648245,0.8963923816011239,0.9528035364439937,0.94,0.29832368503666273,0.25440329325076527,1.9170875689672238e-05,0.0002678866025001039,3.443133357315708,5.990353623251081,0.0,0.0,1683.0,1235.0,
87,49934.9110,7.83e+12,8.13e+13,1.0,0.0,1228.2418863765354,940.0171326863464,0.07720839028009718,0.5853935568898674,1.74e+05,6.46e+05,101131.14061219335,347157.5884108348,22992.129706582014,100000000.0,0.0004228782188498952,0.5784556115945942,0.9021169750870974,0.9535252339838038,0.94,0.29775386037359397,0.25467051747593084,1.9468037885416508e-05,0.00026920416750698093,3.447263960137868,5.993771579956663,0.0,0.0,1683.0,1235.0,
88,50479.3820,7.83e+12,7.98e+13,1.0,0.0,1228.514402016307,922.5544074722175,0.07712518543622161,0.5866377885373123,1.74e+05,6.48e+05,101502.47549491235,349110.21586635197,22807.09284388794,100000000.0,0.0004220442233160476,0.5784546746011434,0.9095152822458337,0.9542502372966668,0.94,0.29801493666112844,0.25439406512659585,1.925654144012897e-05,0.00026927504046295414,3.4490508332071137,5.985228751034352,0.0,0.0,1683.0,1235.0,
89,51016.5240,7.85e+12,7.92e+13,1.0,0.0,1230.2967583976463,904.4905407357134,0.07625714052573862,0.5842177368241741,1.74e+05,6.49e+05,101717.07019653596,349983.62172863254,22511.683012794354,100000000.0,0.0004213285716174181,0.5784534235571567,0.9177067613797358,0.9558686730211302,0.94,0.2975845511142944,0.2542999998189004,1.9427075404570434e-05,0.00026954404746571336,3.4515187800562996,5.986391375044127,0.0,0.0,1683.0,1235.0,
90,51552.9460,7.88e+12,7.59e+13,1.0,0.0,1233.1643719154504,857.6440054228331,0.07512639575196192,0.5866412292399252,1.74e+05,6.54e+05,102811.02212548183,352281.37932999124,22101.04346767174,100000000.0,0.00041902571020166284,0.5784494826177089,0.934873009270024,0.9581703234894035,0.94,0.2978349029419393,0.2550649312253017,1.9136583617734863e-05,0.00026940053103447067,3.4599537393371134,5.996129668218878,0.0,0.0,1683.0,1235.0,
91,52103.6510,7.95e+12,6.80e+13,1.0,0.0,1238.5325062617617,760.2229957983436,0.07284971164333724,0.5846057790452344,1.74e+05,6.65e+05,104968.62256046355,360570.6395919745,21031.725809513133,100000000.0,0.00041411729806489306,0.5784417971998137,0.9759705272779955,0.9632105035418301,0.94,0.29796379416935675,0.25461243141418255,1.8767832955930387e-05,0.00027113605258494627,3.4755969219883847,5.981674816941528,0.0,0.0,1683.0,1235.0,
92,52642.4200,8.00e+12,6.44e+13,1.0,0.0,1243.2796715332167,705.9509028684714,0.07088100959992945,0.58288776450378,1.74e+05,6.71e+05,106207.97170903995,362180.03929098835,20430.573153833357,100000000.0,0.0004119236943308976,0.5784364859084796,0.9986488472638481,0.9663306807405092,0.94,0.2975316326848939,0.2556336820540134,1.87741803358571e-05,0.0002720623107652702,3.4875140201631463,5.996284865969798,0.0,0.0,1683.0,1235.0,
93,53172.9220,8.00e+12,6.44e+13,1.0,0.0,1243.2796715332167,705.9509028684714,0.07088100959992945,0.58288776450378,1.74e+05,6.71e+05,106207.97170903995,362180.03929098835,20430.573153833357,100000000.0,0.0004119236943308976,0.5784364859084796,0.9986488472638481,0.9663306807405092,0.94,0.2975316326848939,0.2556336820540134,1.87741803358571e-05,0.0002720623107652702,3.4875140201631463,5.996284865969798,0.0,0.0,1683.0,1235.0,
94,53697.6650,8.00e+12,6.44e+13,1.0,0.0,1243.2796715332167,705.9509028684714,0.07088100959992945,0.58288776450378,1.74e+05,6.71e+05,106207.97170903995,362180.03929098835,20430.573153833357,100000000.0,0.0004119236943308976,0.5784364859084796,0.9986488472638481,0.9663306807405092,0.94,0.2975316326848939,0.2556336820540134,1.87741803358571e-05,0.0002720623107652702,3.4875140201631463,5.996284865969798,0.0,0.0,1683.0,1235.0,
95,54210.9330,8.00e+12,6.37e+13,1.0,0.0,1243.1562007387388,702.4884649274593,0.07097360751219156,0.5838213740731975,1.74e+05,6.72e+05,106266.91574036052,363035.7067669419,20401.228020913735,100000000.0,0.0004118470453622539,0.5784365269829509,0.9999412709762258,0.9664879495490564,0.94,0.2977524971494658,0.2553410338241737,1.8668134577769066e-05,0.0002721119611856945,3.4871930646911053,5.990094509708425,0.0,0.0,1683.0,1235.0,
96,54714.9490,7.99e+12,6.31e+13,1.0,0.0,1243.8272577534406,709.617827012636,0.07087853892289345,0.5837572729193437,1.74e+05,6.73e+05,106263.6135315707,361901.47569552076,20514.226269473133,100000000.0,0.00041112660459617916,0.5784360455369373,0.9973778297227354,0.9659073280289285,0.94,0.2977808968454998,0.2555090364986482,1.8736558457278283e-05,0.00027295909054862364,3.48859509289873,5.993590191858408,0.0,0.0,1683.0,1235.0,
97,55242.1230,7.99e+12,6.51e+13,1.0,0.0,1242.869232276284,713.5320136828944,0.0708997013382769,0.5778126181064827,1.74e+05,6.71e+05,106027.79959880319,365776.9320881203,20363.546962972643,100000000.0,0.00041091932317670007,0.578436892805436,0.9991788785794675,0.9657227954263123,0.94,0.2975882193319759,0.2540541959432946,1.890761341871622e-05,0.00027334530334299876,3.486246685748434,5.989689022567405,0.0,0.0,1683.0,1235.0,
98,55753.5180,7.99e+12,6.41e+13,1.0,0.0,1243.389522281319,709.6576766461635,0.07085554539620503,0.5806962820741841,1.74e+05,6.72e+05,106196.9176470188,364306.04050907947,20421.397784139754,100000000.0,0.00041090015476338935,0.578436316105393,0.999046570655693,0.9658605000723004,0.94,0.297739552221726,0.254792028540062,1.8793151472926817e-05,0.0002730892727333516,3.4877318468582184,5.993872507210119,0.0,0.0,1683.0,1235.0,
99,56276.7730,7.99e+12,6.41e+13,1.0,0.0,1243.386898974841,708.5965559896451,0.0708682803222053,0.5811767270505446,1.74e+05,6.72e+05,106206.27512338385,364083.3217254396,20421.18335380629,100000000.0,0.000410895982811377,0.5784363431592641,0.9990450506222432,0.9659623587029948,0.94,0.29775233833325,0.25486750584385265,1.8782690117680613e-05,0.00027291436135385176,3.487665439970775,5.993636560971382,0.0,0.0,1683.0,1235.0,
100,56812.1840,7.99e+12,6.44e+13,1.0,0.0,1243.2247584765503,709.6960910230684,0.0708583446757714,0.5800021506315635,1.74e+05,6.72e+05,106170.6314373152,364791.6766370818,20399.207700165403,100000000.0,0.0004102356086633236,0.5784241690292409,0.9993258051206892,0.9658768215738668,0.94,0.29773480106859773,0.2545983427600269,1.881304573633706e-05,0.0002730808849393542,3.487438040030235,5.993424179177568,0.0,0.0,1683.0,1235.0,
101,57317.2340,8.00e+12,6.61e+13,1.0,0.0,1241.9027702791286,711.1225164888708,0.07116465928501875,0.5789906996359342,1.74e+05,6.70e+05,105963.14562280773,365713.25677166594,20343.85372991136,100000000.0,0.0004095074549980952,0.5784291178367311,0.9989040642282838,0.9660038351072682,0.94,0.2976057208940085,0.2542510135157392,1.881943764088396e-05,0.0002721401877215713,3.4844272502802083,5.9890126983485255,0.0,0.0,1683.0,1235.0,
102,57811.1670,8.00e+12,6.66e+13,1.0,0.0,1241.1617545043491,710.6978391693358,0.07142036039770061,0.5808703200367635,1.74e+05,6.69e+05,105858.17622920171,364552.2798966126,20356.144437307026,100000000.0,0.00040848951224678606,0.5784265067845809,0.9977523667010786,0.9662735740919085,0.94,0.29754420197049,0.25455048379380607,1.8764171306972648e-05,0.000271175039626447,3.4826116980580464,5.984776908905628,0.0,0.0,1683.0,1235.0,
103,58334.0100,8.00e+12,6.61e+13,1.0,0.0,1240.9793143105894,707.790478421028,0.07156645802924726,0.5838915547245984,1.74e+05,6.69e+05,105890.60936440655,362861.00146727497,20391.974568148875,100000000.0,0.00040795918006075494,0.578427417978955,0.9971594472366032,0.9665896829632326,0.94,0.2975465191835251,0.25515188451170034,1.8663322776470327e-05,0.00027048868923833144,3.4822137341120216,5.981810387698326,0.0,0.0,1683.0,1235.0,
104,58832.6670,8.01e+12,6.75e+13,1.0,0.0,1239.5158600654395,707.3108573619414,0.07202659676668766,0.5863668636906132,1.74e+05,6.67e+05,105695.46600687798,361644.24746499653,20397.878942075142,100000000.0,0.00040667897506606836,0.5784281749419982,0.995221742926789,0.967001373248997,0.94,0.2974693315558662,0.2555204812581935,1.8572168426059582e-05,0.00026867620080247916,3.478775290376662,5.977014782831259,0.0,0.0,1683.0,1235.0,
105,59345.9900,8.02e+12,6.86e+13,1.0,0.0,1237.2711235710144,696.6084726754023,0.07284244977164904,0.5941634204364905,1.74e+05,6.64e+05,105541.64312018274,357632.7644974517,20386.977935783307,100000000.0,0.0004034832967979575,0.57843021163879,0.9939533887731244,0.9684326023400092,0.94,0.2973227153718024,0.25693048373780936,1.8286704799482137e-05,0.00026490640284123295,3.4736544035068233,5.962662288928961,0.0,0.0,1683.0,1235.0,
106,59881.8960,8.02e+12,6.86e+13,1.0,0.0,1237.2711235710144,696.6084726754023,0.07284244977164904,0.5941634204364905,1.74e+05,6.64e+05,105541.64312018274,357632.7644974517,20386.977935783307,100000000.0,0.0004034832967979575,0.57843021163879,0.9939533887731244,0.9684326023400092,0.94,0.2973227153718024,0.25693048373780936,1.8286704799482137e-05,0.00026490640284123295,3.4736544035068233,5.962662288928961,0.0,0.0,1683.0,1235.0,
107,60397.4390,8.02e+12,6.93e+13,1.0,0.0,1236.6771436852168,695.8970927314751,0.07300218101886057,0.5945628655293698,1.74e+05,6.63e+05,105464.27549062984,357553.4627216122,20368.01959047401,100000000.0,0.0004033185274503701,0.5784298548202707,0.9936747687970406,0.9686204801493363,0.94,0.2972880255839385,0.2569615702736121,1.826506486861964e-05,0.00026420486720239386,3.4722775878729086,5.96097020383715,0.0,0.0,1683.0,1235.0,
